,Unnamed: 0,movie_id,actor_id
0,0.0,0,0.0
1,1.0,0,1.0
2,2.0,0,2.0
3,3.0,1,3.0
4,4.0,1,4.0
5,5.0,1,5.0
6,6.0,2,6.0
7,7.0,2,7.0
8,8.0,2,8.0
9,9.0,3,9.0
10,10.0,3,10.0
11,11.0,3,11.0
12,12.0,4,12.0
13,13.0,4,13.0
14,14.0,4,14.0
15,15.0,5,15.0
16,16.0,5,16.0
17,17.0,5,17.0
18,18.0,6,18.0
19,19.0,6,19.0
20,20.0,6,20.0
21,21.0,7,21.0
22,22.0,7,22.0
23,23.0,7,23.0
24,24.0,8,24.0
25,25.0,8,25.0
26,26.0,8,26.0
27,27.0,9,27.0
28,28.0,9,28.0
29,29.0,9,29.0
30,30.0,10,30.0
31,31.0,10,31.0
32,32.0,10,32.0
33,33.0,11,6.0
34,34.0,11,33.0
35,35.0,11,34.0
36,36.0,12,3.0
37,37.0,12,4.0
38,38.0,12,5.0
39,39.0,13,3.0
40,40.0,13,35.0
41,41.0,13,36.0
42,42.0,14,28.0
43,43.0,14,37.0
44,44.0,14,38.0
45,45.0,15,39.0
46,46.0,15,40.0
47,47.0,15,41.0
48,48.0,16,21.0
49,49.0,16,42.0
50,50.0,16,23.0
51,51.0,17,3.0
52,52.0,17,43.0
53,53.0,17,44.0
54,54.0,18,45.0
55,55.0,18,46.0
56,56.0,18,47.0
57,57.0,19,48.0
58,58.0,19,49.0
59,59.0,19,50.0
60,60.0,20,51.0
61,61.0,20,52.0
62,62.0,20,53.0
63,63.0,21,54.0
64,64.0,21,55.0
65,65.0,21,56.0
66,66.0,22,48.0
67,67.0,22,49.0
68,68.0,22,50.0
69,69.0,23,57.0
70,70.0,23,58.0
71,71.0,23,6.0
72,72.0,24,59.0
73,73.0,24,60.0
74,74.0,24,61.0
75,75.0,25,62.0
76,76.0,25,63.0
77,77.0,25,64.0
78,78.0,26,42.0
79,79.0,26,21.0
80,80.0,26,65.0
81,81.0,27,12.0
82,82.0,27,66.0
83,83.0,27,67.0
84,84.0,28,68.0
85,85.0,28,69.0
86,86.0,28,70.0
87,87.0,29,6.0
88,88.0,29,71.0
89,89.0,29,72.0
90,90.0,30,15.0
91,91.0,30,16.0
92,92.0,30,17.0
93,93.0,31,21.0
94,94.0,31,73.0
95,95.0,31,74.0
96,96.0,32,75.0
97,97.0,32,3.0
98,98.0,32,76.0
99,99.0,33,77.0
100,100.0,33,78.0
101,101.0,33,49.0
102,102.0,34,79.0
103,103.0,34,80.0
104,104.0,34,81.0
105,105.0,35,82.0
106,106.0,35,83.0
107,107.0,35,84.0
108,108.0,36,85.0
109,109.0,36,86.0
110,110.0,36,87.0
111,111.0,37,17.0
112,112.0,37,88.0
113,113.0,37,89.0
114,114.0,38,51.0
115,115.0,38,52.0
116,116.0,38,90.0
117,117.0,39,91.0
118,118.0,39,92.0
119,119.0,39,93.0
120,120.0,40,94.0
121,121.0,40,95.0
122,122.0,40,10.0
123,123.0,41,96.0
124,124.0,41,97.0
125,125.0,41,98.0
126,126.0,42,99.0
127,127.0,42,100.0
128,128.0,42,101.0
129,129.0,43,9.0
130,130.0,43,0.0
131,131.0,43,102.0
132,132.0,44,103.0
133,133.0,44,104.0
134,134.0,44,105.0
135,135.0,45,106.0
136,136.0,45,107.0
137,137.0,45,108.0
138,138.0,46,77.0
139,139.0,46,109.0
140,140.0,46,110.0
141,141.0,47,111.0
142,142.0,47,112.0
143,143.0,47,1.0
144,144.0,48,113.0
145,145.0,48,114.0
146,146.0,48,115.0
147,147.0,49,63.0
148,148.0,49,15.0
149,149.0,49,116.0
150,150.0,50,117.0
151,151.0,50,118.0
152,152.0,50,119.0
153,153.0,51,120.0
154,154.0,51,121.0
155,155.0,51,122.0
156,156.0,52,82.0
157,157.0,52,123.0
158,158.0,52,124.0
159,159.0,53,125.0
160,160.0,53,55.0
161,161.0,53,82.0
162,162.0,54,126.0
163,163.0,54,127.0
164,164.0,54,128.0
165,165.0,55,129.0
166,166.0,55,130.0
167,167.0,55,131.0
168,168.0,56,111.0
169,169.0,56,112.0
170,170.0,56,132.0
171,171.0,57,133.0
172,172.0,57,134.0
173,173.0,57,135.0
174,174.0,58,136.0
175,175.0,58,137.0
176,176.0,58,138.0
177,177.0,59,139.0
178,178.0,59,140.0
179,179.0,59,141.0
180,180.0,60,11.0
181,181.0,60,142.0
182,182.0,60,143.0
183,183.0,61,88.0
184,184.0,61,144.0
185,185.0,61,145.0
186,186.0,62,66.0
187,187.0,62,146.0
188,188.0,62,7.0
189,189.0,63,40.0
190,190.0,63,41.0
191,191.0,63,147.0
192,192.0,64,109.0
193,193.0,64,110.0
194,194.0,64,148.0
195,195.0,65,9.0
196,196.0,65,149.0
197,197.0,65,150.0
198,198.0,66,151.0
199,199.0,66,152.0
200,200.0,66,153.0
201,201.0,67,154.0
202,202.0,67,155.0
203,203.0,67,156.0
204,204.0,68,21.0
205,205.0,68,157.0
206,206.0,68,92.0
207,207.0,69,119.0
208,208.0,69,158.0
209,209.0,69,159.0
210,210.0,70,45.0
211,211.0,70,160.0
212,212.0,70,161.0
213,213.0,71,162.0
214,214.0,71,163.0
215,215.0,71,164.0
216,216.0,72,45.0
217,217.0,72,146.0
218,218.0,72,165.0
219,219.0,73,166.0
220,220.0,73,167.0
221,221.0,73,80.0
222,222.0,74,168.0
223,223.0,74,169.0
224,224.0,74,170.0
225,225.0,75,171.0
226,226.0,75,172.0
227,227.0,75,173.0
228,228.0,76,174.0
229,229.0,76,144.0
230,230.0,76,175.0
231,231.0,77,176.0
232,232.0,77,177.0
233,233.0,77,178.0
234,234.0,78,179.0
235,235.0,78,180.0
236,236.0,78,119.0
237,237.0,79,21.0
238,238.0,79,73.0
239,239.0,79,74.0
240,240.0,80,181.0
241,241.0,80,182.0
242,242.0,80,22.0
243,243.0,81,183.0
244,244.0,81,184.0
245,245.0,81,185.0
246,246.0,82,186.0
247,247.0,82,187.0
248,248.0,82,11.0
249,249.0,83,188.0
250,250.0,83,189.0
251,251.0,83,190.0
252,252.0,84,191.0
253,253.0,84,138.0
254,254.0,84,192.0
255,255.0,85,42.0
256,256.0,85,193.0
257,257.0,85,65.0
258,258.0,86,194.0
259,259.0,86,195.0
260,260.0,86,196.0
261,261.0,87,197.0
262,262.0,87,198.0
263,263.0,87,199.0
264,264.0,88,200.0
265,265.0,88,201.0
266,266.0,88,202.0
267,267.0,89,203.0
268,268.0,89,204.0
269,269.0,89,205.0
270,270.0,90,99.0
271,271.0,90,206.0
272,272.0,90,207.0
273,273.0,91,208.0
274,274.0,91,209.0
275,275.0,91,210.0
276,276.0,92,211.0
277,277.0,92,212.0
278,278.0,92,213.0
279,279.0,93,214.0
280,280.0,93,215.0
281,281.0,93,216.0
282,282.0,94,68.0
283,283.0,94,1.0
284,284.0,94,217.0
285,285.0,95,218.0
286,286.0,95,219.0
287,287.0,95,76.0
288,288.0,96,63.0
289,289.0,96,220.0
290,290.0,96,221.0
291,291.0,97,222.0
292,292.0,97,223.0
293,293.0,97,224.0
294,294.0,98,49.0
295,295.0,98,48.0
296,296.0,98,50.0
297,297.0,99,104.0
298,298.0,99,103.0
299,299.0,99,225.0
300,300.0,100,55.0
301,301.0,100,106.0
302,302.0,100,226.0
303,303.0,101,109.0
304,304.0,101,110.0
305,305.0,101,148.0
306,306.0,102,148.0
307,307.0,102,227.0
308,308.0,102,208.0
309,309.0,103,228.0
310,310.0,103,211.0
311,311.0,103,229.0
312,312.0,104,230.0
313,313.0,104,231.0
314,314.0,104,232.0
315,315.0,105,3.0
316,316.0,105,75.0
317,317.0,105,76.0
318,318.0,106,194.0
319,319.0,106,195.0
320,320.0,106,196.0
321,321.0,107,233.0
322,322.0,107,234.0
323,323.0,107,235.0
324,324.0,108,214.0
325,325.0,108,187.0
326,326.0,108,236.0
327,327.0,109,147.0
328,328.0,109,237.0
329,329.0,109,238.0
330,330.0,110,27.0
331,331.0,110,188.0
332,332.0,110,239.0
333,333.0,111,82.0
334,334.0,111,84.0
335,335.0,111,83.0
336,336.0,112,240.0
337,337.0,112,183.0
338,338.0,112,241.0
339,339.0,113,24.0
340,340.0,113,25.0
341,341.0,113,26.0
342,342.0,114,24.0
343,343.0,114,25.0
344,344.0,114,26.0
345,345.0,115,45.0
346,346.0,115,182.0
347,347.0,115,242.0
348,348.0,116,45.0
349,349.0,116,243.0
350,350.0,116,244.0
351,351.0,117,3.0
352,352.0,117,245.0
353,353.0,117,246.0
354,354.0,118,247.0
355,355.0,118,248.0
356,356.0,118,249.0
357,357.0,119,9.0
358,358.0,119,10.0
359,359.0,119,250.0
360,360.0,120,251.0
361,361.0,120,252.0
362,362.0,120,253.0
363,363.0,121,251.0
364,364.0,121,37.0
365,365.0,121,94.0
366,366.0,122,77.0
367,367.0,122,254.0
368,368.0,122,255.0
369,369.0,123,191.0
370,370.0,123,256.0
371,371.0,123,257.0
372,372.0,124,258.0
373,373.0,124,259.0
374,374.0,124,260.0
375,375.0,125,191.0
376,376.0,125,257.0
377,377.0,125,256.0
378,378.0,126,22.0
379,379.0,126,261.0
380,380.0,126,262.0
381,381.0,127,263.0
382,382.0,127,182.0
383,383.0,127,113.0
384,384.0,128,99.0
385,385.0,128,115.0
386,386.0,128,264.0
387,387.0,129,22.0
388,388.0,129,261.0
389,389.0,129,262.0
390,390.0,130,265.0
391,391.0,130,266.0
392,392.0,130,267.0
393,393.0,131,268.0
394,394.0,131,43.0
395,395.0,131,269.0
396,396.0,132,0.0
397,397.0,132,250.0
398,398.0,132,270.0
399,399.0,133,3.0
400,400.0,133,271.0
401,401.0,133,272.0
402,402.0,134,168.0
403,403.0,134,273.0
404,404.0,134,238.0
405,405.0,135,274.0
406,406.0,135,275.0
407,407.0,135,169.0
408,408.0,136,276.0
409,409.0,136,277.0
410,410.0,136,278.0
411,411.0,137,60.0
412,412.0,137,183.0
413,413.0,137,279.0
414,414.0,138,280.0
415,415.0,138,281.0
416,416.0,138,282.0
417,417.0,139,168.0
418,418.0,139,283.0
419,419.0,139,284.0
420,420.0,140,144.0
421,421.0,140,90.0
422,422.0,140,285.0
423,423.0,141,286.0
424,424.0,141,287.0
425,425.0,141,288.0
426,426.0,142,77.0
427,427.0,142,62.0
428,428.0,142,49.0
429,429.0,143,289.0
430,430.0,143,91.0
431,431.0,143,77.0
432,432.0,144,290.0
433,433.0,144,291.0
434,434.0,144,292.0
435,435.0,145,106.0
436,436.0,145,4.0
437,437.0,145,293.0
438,438.0,146,251.0
439,439.0,146,158.0
440,440.0,146,253.0
441,441.0,147,294.0
442,442.0,147,78.0
443,443.0,147,295.0
444,444.0,148,296.0
445,445.0,148,297.0
446,446.0,148,298.0
447,447.0,149,299.0
448,448.0,149,300.0
449,449.0,149,27.0
450,450.0,150,46.0
451,451.0,150,45.0
452,452.0,150,301.0
453,453.0,151,302.0
454,454.0,151,183.0
455,455.0,151,275.0
456,456.0,152,60.0
457,457.0,152,303.0
458,458.0,152,279.0
459,459.0,153,168.0
460,460.0,153,304.0
461,461.0,153,238.0
462,462.0,154,111.0
463,463.0,154,305.0
464,464.0,154,306.0
465,465.0,155,142.0
466,466.0,155,307.0
467,467.0,155,305.0
468,468.0,156,168.0
469,469.0,156,308.0
470,470.0,156,309.0
471,471.0,157,9.0
472,472.0,157,310.0
473,473.0,157,311.0
474,474.0,158,111.0
475,475.0,158,112.0
476,476.0,158,312.0
477,477.0,159,15.0
478,478.0,159,313.0
479,479.0,159,16.0
480,480.0,160,211.0
481,481.0,160,212.0
482,482.0,160,297.0
483,483.0,161,314.0
484,484.0,161,315.0
485,485.0,161,212.0
486,486.0,162,232.0
487,487.0,162,316.0
488,488.0,162,90.0
489,489.0,163,317.0
490,490.0,163,318.0
491,491.0,163,319.0
492,492.0,164,320.0
493,493.0,164,321.0
494,494.0,164,322.0
495,495.0,165,293.0
496,496.0,165,323.0
497,497.0,165,324.0
498,498.0,166,105.0
499,499.0,166,325.0
500,500.0,166,326.0
501,501.0,167,218.0
502,502.0,167,43.0
503,503.0,167,327.0
504,504.0,168,328.0
505,505.0,168,329.0
506,506.0,168,305.0
507,507.0,169,42.0
508,508.0,169,330.0
509,509.0,169,46.0
510,510.0,170,294.0
511,511.0,170,331.0
512,512.0,170,332.0
513,513.0,171,54.0
514,514.0,171,333.0
515,515.0,171,334.0
516,516.0,172,181.0
517,517.0,172,335.0
518,518.0,172,336.0
519,519.0,173,337.0
520,520.0,173,338.0
521,521.0,173,339.0
522,522.0,174,340.0
523,523.0,174,341.0
524,524.0,174,342.0
525,525.0,175,343.0
526,526.0,175,344.0
527,527.0,175,345.0
528,528.0,176,63.0
529,529.0,176,263.0
530,530.0,176,346.0
531,531.0,177,96.0
532,532.0,177,347.0
533,533.0,177,348.0
534,534.0,178,3.0
535,535.0,178,349.0
536,536.0,178,101.0
537,537.0,179,350.0
538,538.0,179,351.0
539,539.0,179,352.0
540,540.0,180,353.0
541,541.0,180,354.0
542,542.0,180,355.0
543,543.0,181,60.0
544,544.0,181,279.0
545,545.0,181,183.0
546,546.0,182,356.0
547,547.0,182,357.0
548,548.0,182,358.0
549,549.0,183,148.0
550,550.0,183,227.0
551,551.0,183,208.0
552,552.0,184,359.0
553,553.0,184,67.0
554,554.0,184,360.0
555,555.0,185,168.0
556,556.0,185,361.0
557,557.0,185,362.0
558,558.0,186,363.0
559,559.0,186,45.0
560,560.0,186,364.0
561,561.0,187,365.0
562,562.0,187,366.0
563,563.0,187,367.0
564,564.0,188,183.0
565,565.0,188,254.0
566,566.0,188,141.0
567,567.0,189,54.0
568,568.0,189,323.0
569,569.0,189,26.0
570,570.0,190,368.0
571,571.0,190,186.0
572,572.0,190,6.0
573,573.0,191,24.0
574,574.0,191,25.0
575,575.0,191,26.0
576,576.0,192,58.0
577,577.0,192,77.0
578,578.0,192,369.0
579,579.0,193,370.0
580,580.0,193,45.0
581,581.0,193,371.0
582,582.0,194,372.0
583,583.0,194,373.0
584,584.0,194,374.0
585,585.0,195,251.0
586,586.0,195,375.0
587,587.0,195,376.0
588,588.0,196,377.0
589,589.0,196,106.0
590,590.0,196,378.0
591,591.0,197,24.0
592,592.0,197,25.0
593,593.0,197,26.0
594,594.0,198,92.0
595,595.0,198,96.0
596,596.0,198,379.0
597,597.0,199,3.0
598,598.0,199,380.0
599,599.0,199,4.0
600,600.0,200,148.0
601,601.0,200,227.0
602,602.0,200,208.0
603,603.0,201,99.0
604,604.0,201,381.0
605,605.0,201,49.0
606,606.0,202,382.0
607,607.0,202,76.0
608,608.0,202,383.0
609,609.0,203,384.0
610,610.0,203,77.0
611,611.0,203,49.0
612,612.0,204,103.0
613,613.0,204,104.0
614,614.0,204,385.0
615,615.0,205,21.0
616,616.0,205,306.0
617,617.0,205,386.0
618,618.0,206,0.0
619,619.0,206,250.0
620,620.0,206,270.0
621,621.0,207,214.0
622,622.0,207,387.0
623,623.0,207,388.0
624,624.0,208,365.0
625,625.0,208,389.0
626,626.0,208,390.0
627,627.0,209,304.0
628,628.0,209,89.0
629,629.0,209,340.0
630,630.0,210,198.0
631,631.0,210,391.0
632,632.0,210,214.0
633,633.0,211,142.0
634,634.0,211,392.0
635,635.0,211,393.0
636,636.0,212,174.0
637,637.0,212,117.0
638,638.0,212,394.0
639,639.0,213,168.0
640,640.0,213,395.0
641,641.0,213,396.0
642,642.0,214,198.0
643,643.0,214,85.0
644,644.0,214,397.0
645,645.0,215,398.0
646,646.0,215,399.0
647,647.0,215,42.0
648,648.0,216,400.0
649,649.0,216,70.0
650,650.0,216,401.0
651,651.0,217,228.0
652,652.0,217,402.0
653,653.0,217,403.0
654,654.0,218,353.0
655,655.0,218,404.0
656,656.0,218,46.0
657,657.0,219,196.0
658,658.0,219,405.0
659,659.0,219,406.0
660,660.0,220,407.0
661,661.0,220,110.0
662,662.0,220,408.0
663,663.0,221,409.0
664,664.0,221,410.0
665,665.0,221,156.0
666,666.0,222,353.0
667,667.0,222,411.0
668,668.0,222,185.0
669,669.0,223,103.0
670,670.0,223,396.0
671,671.0,223,132.0
672,672.0,224,165.0
673,673.0,224,11.0
674,674.0,224,412.0
675,675.0,225,413.0
676,676.0,225,414.0
677,677.0,225,415.0
678,678.0,226,155.0
679,679.0,226,356.0
680,680.0,226,94.0
681,681.0,227,168.0
682,682.0,227,196.0
683,683.0,227,98.0
684,684.0,228,168.0
685,685.0,228,416.0
686,686.0,228,33.0
687,687.0,229,115.0
688,688.0,229,261.0
689,689.0,229,417.0
690,690.0,230,115.0
691,691.0,230,261.0
692,692.0,230,417.0
693,693.0,231,80.0
694,694.0,231,79.0
695,695.0,231,418.0
696,696.0,232,77.0
697,697.0,232,138.0
698,698.0,232,419.0
699,699.0,233,250.0
700,700.0,233,115.0
701,701.0,233,261.0
702,702.0,234,228.0
703,703.0,234,52.0
704,704.0,234,96.0
705,705.0,235,420.0
706,706.0,235,421.0
707,707.0,235,422.0
708,708.0,236,228.0
709,709.0,236,423.0
710,710.0,236,424.0
711,711.0,237,22.0
712,712.0,237,182.0
713,713.0,237,169.0
714,714.0,238,83.0
715,715.0,238,425.0
716,716.0,238,36.0
717,717.0,239,426.0
718,718.0,239,198.0
719,719.0,239,427.0
720,720.0,240,294.0
721,721.0,240,428.0
722,722.0,240,429.0
723,723.0,241,83.0
724,724.0,241,430.0
725,725.0,241,425.0
726,726.0,242,431.0
727,727.0,242,432.0
728,728.0,242,433.0
729,729.0,243,251.0
730,730.0,243,434.0
731,731.0,243,319.0
732,732.0,244,105.0
733,733.0,244,435.0
734,734.0,244,319.0
735,735.0,245,294.0
736,736.0,245,436.0
737,737.0,245,437.0
738,738.0,246,320.0
739,739.0,246,149.0
740,740.0,246,438.0
741,741.0,247,198.0
742,742.0,247,106.0
743,743.0,247,439.0
744,744.0,248,183.0
745,745.0,248,106.0
746,746.0,248,440.0
747,747.0,249,441.0
748,748.0,249,442.0
749,749.0,249,62.0
750,750.0,250,63.0
751,751.0,250,55.0
752,752.0,250,239.0
753,753.0,251,60.0
754,754.0,251,140.0
755,755.0,251,169.0
756,756.0,252,154.0
757,757.0,252,443.0
758,758.0,252,7.0
759,759.0,253,444.0
760,760.0,253,445.0
761,761.0,253,446.0
762,762.0,254,447.0
763,763.0,254,448.0
764,764.0,254,449.0
765,765.0,255,450.0
766,766.0,255,71.0
767,767.0,255,451.0
768,768.0,256,441.0
769,769.0,256,442.0
770,770.0,256,452.0
771,771.0,257,77.0
772,772.0,257,453.0
773,773.0,257,358.0
774,774.0,258,447.0
775,775.0,258,448.0
776,776.0,258,170.0
777,777.0,259,426.0
778,778.0,259,454.0
779,779.0,259,313.0
780,780.0,260,159.0
781,781.0,260,125.0
782,782.0,260,455.0
783,783.0,261,299.0
784,784.0,261,456.0
785,785.0,261,457.0
786,786.0,262,337.0
787,787.0,262,49.0
788,788.0,262,55.0
789,789.0,263,137.0
790,790.0,263,458.0
791,791.0,263,459.0
792,792.0,264,45.0
793,793.0,264,90.0
794,794.0,264,460.0
795,795.0,265,194.0
796,796.0,265,361.0
797,797.0,265,461.0
798,798.0,266,45.0
799,799.0,266,462.0
800,800.0,266,463.0
801,801.0,267,4.0
802,802.0,267,445.0
803,803.0,267,464.0
804,804.0,268,409.0
805,805.0,268,410.0
806,806.0,268,156.0
807,807.0,269,465.0
808,808.0,269,466.0
809,809.0,269,467.0
810,810.0,270,353.0
811,811.0,270,219.0
812,812.0,270,297.0
813,813.0,271,115.0
814,814.0,271,65.0
815,815.0,271,468.0
816,816.0,272,469.0
817,817.0,272,470.0
818,818.0,272,471.0
819,819.0,273,228.0
820,820.0,273,183.0
821,821.0,273,472.0
822,822.0,274,54.0
823,823.0,274,473.0
824,824.0,274,474.0
825,825.0,275,168.0
826,826.0,275,240.0
827,827.0,275,14.0
828,828.0,276,24.0
829,829.0,276,25.0
830,830.0,276,26.0
831,831.0,277,6.0
832,832.0,277,445.0
833,833.0,277,475.0
834,834.0,278,85.0
835,835.0,278,342.0
836,836.0,278,272.0
837,837.0,279,214.0
838,838.0,279,428.0
839,839.0,279,476.0
840,840.0,280,9.0
841,841.0,280,3.0
842,842.0,280,472.0
843,843.0,281,477.0
844,844.0,281,54.0
845,845.0,281,141.0
846,846.0,282,214.0
847,847.0,282,478.0
848,848.0,282,479.0
849,849.0,283,477.0
850,850.0,283,265.0
851,851.0,283,480.0
852,852.0,284,481.0
853,853.0,284,251.0
854,854.0,284,94.0
855,855.0,285,377.0
856,856.0,285,85.0
857,857.0,285,402.0
858,858.0,286,214.0
859,859.0,286,482.0
860,860.0,286,483.0
861,861.0,287,90.0
862,862.0,287,7.0
863,863.0,287,63.0
864,864.0,288,484.0
865,865.0,288,485.0
866,866.0,288,486.0
867,867.0,289,487.0
868,868.0,289,80.0
869,869.0,289,488.0
870,870.0,290,489.0
871,871.0,290,490.0
872,872.0,290,491.0
873,873.0,291,228.0
874,874.0,291,492.0
875,875.0,291,493.0
876,876.0,292,494.0
877,877.0,292,464.0
878,878.0,292,495.0
879,879.0,293,496.0
880,880.0,293,497.0
881,881.0,293,498.0
882,882.0,294,227.0
883,883.0,294,499.0
884,884.0,294,240.0
885,885.0,295,3.0
886,886.0,295,183.0
887,887.0,295,333.0
888,888.0,296,214.0
889,889.0,296,500.0
890,890.0,296,501.0
891,891.0,297,63.0
892,892.0,297,468.0
893,893.0,297,323.0
894,894.0,298,63.0
895,895.0,298,502.0
896,896.0,298,146.0
897,897.0,299,241.0
898,898.0,299,46.0
899,899.0,299,142.0
900,900.0,300,503.0
901,901.0,300,504.0
902,902.0,300,505.0
903,903.0,301,99.0
904,904.0,301,78.0
905,905.0,301,506.0
906,906.0,302,507.0
907,907.0,302,508.0
908,908.0,302,369.0
909,909.0,303,78.0
910,910.0,303,509.0
911,911.0,303,387.0
912,912.0,304,105.0
913,913.0,304,44.0
914,914.0,304,510.0
915,915.0,305,220.0
916,916.0,305,511.0
917,917.0,305,512.0
918,918.0,306,377.0
919,919.0,306,513.0
920,920.0,306,514.0
921,921.0,307,489.0
922,922.0,307,490.0
923,923.0,307,125.0
924,924.0,308,515.0
925,925.0,308,516.0
926,926.0,308,517.0
927,927.0,309,518.0
928,928.0,309,519.0
929,929.0,309,520.0
930,930.0,310,22.0
931,931.0,310,521.0
932,932.0,310,522.0
933,933.0,311,195.0
934,934.0,311,523.0
935,935.0,311,524.0
936,936.0,312,353.0
937,937.0,312,525.0
938,938.0,312,170.0
939,939.0,313,526.0
940,940.0,313,527.0
941,941.0,313,528.0
942,942.0,314,360.0
943,943.0,314,529.0
944,944.0,314,530.0
945,945.0,315,162.0
946,946.0,315,89.0
947,947.0,315,164.0
948,948.0,316,63.0
949,949.0,316,531.0
950,950.0,316,196.0
951,951.0,317,9.0
952,952.0,317,532.0
953,953.0,317,533.0
954,954.0,318,82.0
955,955.0,318,92.0
956,956.0,318,534.0
957,957.0,319,58.0
958,958.0,319,535.0
959,959.0,319,536.0
960,960.0,320,188.0
961,961.0,320,115.0
962,962.0,320,537.0
963,963.0,321,377.0
964,964.0,321,367.0
965,965.0,321,538.0
966,966.0,322,299.0
967,967.0,322,11.0
968,968.0,322,248.0
969,969.0,323,539.0
970,970.0,323,540.0
971,971.0,323,541.0
972,972.0,324,161.0
973,973.0,324,160.0
974,974.0,324,542.0
975,975.0,325,543.0
976,976.0,325,544.0
977,977.0,325,545.0
978,978.0,326,546.0
979,979.0,326,55.0
980,980.0,326,547.0
981,981.0,327,89.0
982,982.0,327,85.0
983,983.0,327,548.0
984,984.0,328,549.0
985,985.0,328,550.0
986,986.0,328,551.0
987,987.0,329,337.0
988,988.0,329,49.0
989,989.0,329,552.0
990,990.0,330,337.0
991,991.0,330,49.0
992,992.0,330,552.0
993,993.0,331,92.0
994,994.0,331,553.0
995,995.0,331,39.0
996,996.0,332,183.0
997,997.0,332,460.0
998,998.0,332,554.0
999,999.0,333,3.0
1000,1000.0,333,333.0
1001,1001.0,333,345.0
1002,1002.0,334,555.0
1003,1003.0,334,556.0
1004,1004.0,334,307.0
1005,1005.0,335,17.0
1006,1006.0,335,557.0
1007,1007.0,335,558.0
1008,1008.0,336,245.0
1009,1009.0,336,559.0
1010,1010.0,336,560.0
1011,1011.0,337,299.0
1012,1012.0,337,561.0
1013,1013.0,337,562.0
1014,1014.0,338,174.0
1015,1015.0,338,300.0
1016,1016.0,338,454.0
1017,1017.0,339,563.0
1018,1018.0,339,564.0
1019,1019.0,339,193.0
1020,1020.0,340,410.0
1021,1021.0,340,565.0
1022,1022.0,340,566.0
1023,1023.0,341,567.0
1024,1024.0,341,568.0
1025,1025.0,341,435.0
1026,1026.0,342,46.0
1027,1027.0,342,45.0
1028,1028.0,342,569.0
1029,1029.0,343,99.0
1030,1030.0,343,100.0
1031,1031.0,343,287.0
1032,1032.0,344,477.0
1033,1033.0,344,111.0
1034,1034.0,344,524.0
1035,1035.0,345,136.0
1036,1036.0,345,137.0
1037,1037.0,345,570.0
1038,1038.0,346,125.0
1039,1039.0,346,271.0
1040,1040.0,346,571.0
1041,1041.0,347,572.0
1042,1042.0,347,573.0
1043,1043.0,347,482.0
1044,1044.0,348,544.0
1045,1045.0,348,543.0
1046,1046.0,348,574.0
1047,1047.0,349,251.0
1048,1048.0,349,297.0
1049,1049.0,349,247.0
1050,1050.0,350,196.0
1051,1051.0,350,406.0
1052,1052.0,350,405.0
1053,1053.0,351,63.0
1054,1054.0,351,353.0
1055,1055.0,351,575.0
1056,1056.0,352,195.0
1057,1057.0,352,137.0
1058,1058.0,352,329.0
1059,1059.0,353,251.0
1060,1060.0,353,60.0
1061,1061.0,353,21.0
1062,1062.0,354,6.0
1063,1063.0,354,576.0
1064,1064.0,354,152.0
1065,1065.0,355,299.0
1066,1066.0,355,464.0
1067,1067.0,355,193.0
1068,1068.0,356,21.0
1069,1069.0,356,306.0
1070,1070.0,356,577.0
1071,1071.0,357,578.0
1072,1072.0,357,579.0
1073,1073.0,357,580.0
1074,1074.0,358,409.0
1075,1075.0,358,581.0
1076,1076.0,358,582.0
1077,1077.0,359,583.0
1078,1078.0,359,456.0
1079,1079.0,359,584.0
1080,1080.0,360,168.0
1081,1081.0,360,585.0
1082,1082.0,360,161.0
1083,1083.0,361,586.0
1084,1084.0,361,311.0
1085,1085.0,361,587.0
1086,1086.0,362,586.0
1087,1087.0,362,588.0
1088,1088.0,362,589.0
1089,1089.0,363,590.0
1090,1090.0,363,591.0
1091,1091.0,363,592.0
1092,1092.0,364,195.0
1093,1093.0,364,593.0
1094,1094.0,364,594.0
1095,1095.0,365,411.0
1096,1096.0,365,218.0
1097,1097.0,365,595.0
1098,1098.0,366,379.0
1099,1099.0,366,596.0
1100,1100.0,366,47.0
1101,1101.0,367,58.0
1102,1102.0,367,597.0
1103,1103.0,367,497.0
1104,1104.0,368,567.0
1105,1105.0,368,435.0
1106,1106.0,368,598.0
1107,1107.0,369,183.0
1108,1108.0,369,212.0
1109,1109.0,369,599.0
1110,1110.0,370,382.0
1111,1111.0,370,600.0
1112,1112.0,370,23.0
1113,1113.0,371,241.0
1114,1114.0,371,596.0
1115,1115.0,371,601.0
1116,1116.0,372,602.0
1117,1117.0,372,106.0
1118,1118.0,372,603.0
1119,1119.0,373,604.0
1120,1120.0,373,605.0
1121,1121.0,373,74.0
1122,1122.0,374,382.0
1123,1123.0,374,76.0
1124,1124.0,374,383.0
1125,1125.0,375,338.0
1126,1126.0,375,555.0
1127,1127.0,375,606.0
1128,1128.0,376,46.0
1129,1129.0,376,607.0
1130,1130.0,376,608.0
1131,1131.0,377,125.0
1132,1132.0,377,106.0
1133,1133.0,377,609.0
1134,1134.0,378,125.0
1135,1135.0,378,250.0
1136,1136.0,378,98.0
1137,1137.0,379,214.0
1138,1138.0,379,610.0
1139,1139.0,379,56.0
1140,1140.0,380,54.0
1141,1141.0,380,277.0
1142,1142.0,380,347.0
1143,1143.0,381,184.0
1144,1144.0,381,611.0
1145,1145.0,381,311.0
1146,1146.0,382,92.0
1147,1147.0,382,612.0
1148,1148.0,382,613.0
1149,1149.0,383,614.0
1150,1150.0,383,615.0
1151,1151.0,383,616.0
1152,1152.0,384,99.0
1153,1153.0,384,614.0
1154,1154.0,384,617.0
1155,1155.0,385,337.0
1156,1156.0,385,338.0
1157,1157.0,385,618.0
1158,1158.0,386,353.0
1159,1159.0,386,619.0
1160,1160.0,386,620.0
1161,1161.0,387,125.0
1162,1162.0,387,11.0
1163,1163.0,387,621.0
1164,1164.0,388,198.0
1165,1165.0,388,106.0
1166,1166.0,388,353.0
1167,1167.0,389,622.0
1168,1168.0,389,4.0
1169,1169.0,389,567.0
1170,1170.0,390,586.0
1171,1171.0,390,81.0
1172,1172.0,390,487.0
1173,1173.0,391,37.0
1174,1174.0,391,623.0
1175,1175.0,391,624.0
1176,1176.0,392,477.0
1177,1177.0,392,96.0
1178,1178.0,392,625.0
1179,1179.0,393,621.0
1180,1180.0,393,398.0
1181,1181.0,393,626.0
1182,1182.0,394,251.0
1183,1183.0,394,195.0
1184,1184.0,394,627.0
1185,1185.0,395,196.0
1186,1186.0,395,62.0
1187,1187.0,395,306.0
1188,1188.0,396,45.0
1189,1189.0,396,628.0
1190,1190.0,396,460.0
1191,1191.0,397,629.0
1192,1192.0,397,305.0
1193,1193.0,397,360.0
1194,1194.0,398,198.0
1195,1195.0,398,106.0
1196,1196.0,398,353.0
1197,1197.0,399,363.0
1198,1198.0,399,630.0
1199,1199.0,399,604.0
1200,1200.0,400,441.0
1201,1201.0,400,442.0
1202,1202.0,400,62.0
1203,1203.0,401,306.0
1204,1204.0,401,89.0
1205,1205.0,401,427.0
1206,1206.0,402,105.0
1207,1207.0,402,631.0
1208,1208.0,402,524.0
1209,1209.0,403,214.0
1210,1210.0,403,632.0
1211,1211.0,403,633.0
1212,1212.0,404,570.0
1213,1213.0,404,634.0
1214,1214.0,404,635.0
1215,1215.0,405,636.0
1216,1216.0,405,637.0
1217,1217.0,405,638.0
1218,1218.0,406,109.0
1219,1219.0,406,156.0
1220,1220.0,406,639.0
1221,1221.0,407,106.0
1222,1222.0,407,275.0
1223,1223.0,407,640.0
1224,1224.0,408,214.0
1225,1225.0,408,641.0
1226,1226.0,408,642.0
1227,1227.0,409,643.0
1228,1228.0,409,644.0
1229,1229.0,409,645.0
1230,1230.0,410,646.0
1231,1231.0,410,647.0
1232,1232.0,410,35.0
1233,1233.0,411,648.0
1234,1234.0,411,649.0
1235,1235.0,411,650.0
1236,1236.0,412,150.0
1237,1237.0,412,651.0
1238,1238.0,412,652.0
1239,1239.0,413,195.0
1240,1240.0,413,653.0
1241,1241.0,413,654.0
1242,1242.0,414,655.0
1243,1243.0,414,656.0
1244,1244.0,414,657.0
1245,1245.0,415,132.0
1246,1246.0,415,658.0
1247,1247.0,415,446.0
1248,1248.0,416,586.0
1249,1249.0,416,239.0
1250,1250.0,416,659.0
1251,1251.0,417,660.0
1252,1252.0,417,661.0
1253,1253.0,417,662.0
1254,1254.0,418,624.0
1255,1255.0,418,560.0
1256,1256.0,418,663.0
1257,1257.0,419,417.0
1258,1258.0,419,368.0
1259,1259.0,419,193.0
1260,1260.0,420,664.0
1261,1261.0,420,665.0
1262,1262.0,420,393.0
1263,1263.0,421,117.0
1264,1264.0,421,21.0
1265,1265.0,421,23.0
1266,1266.0,422,214.0
1267,1267.0,422,666.0
1268,1268.0,422,667.0
1269,1269.0,423,142.0
1270,1270.0,423,668.0
1271,1271.0,423,669.0
1272,1272.0,424,489.0
1273,1273.0,424,490.0
1274,1274.0,424,491.0
1275,1275.0,425,168.0
1276,1276.0,425,460.0
1277,1277.0,425,670.0
1278,1278.0,426,148.0
1279,1279.0,426,227.0
1280,1280.0,426,208.0
1281,1281.0,427,671.0
1282,1282.0,427,672.0
1283,1283.0,427,367.0
1284,1284.0,428,412.0
1285,1285.0,428,673.0
1286,1286.0,428,271.0
1287,1287.0,429,299.0
1288,1288.0,429,674.0
1289,1289.0,429,166.0
1290,1290.0,430,675.0
1291,1291.0,430,676.0
1292,1292.0,430,677.0
1293,1293.0,431,646.0
1294,1294.0,431,81.0
1295,1295.0,431,678.0
1296,1296.0,432,679.0
1297,1297.0,432,307.0
1298,1298.0,432,337.0
1299,1299.0,433,299.0
1300,1300.0,433,439.0
1301,1301.0,433,275.0
1302,1302.0,434,586.0
1303,1303.0,434,680.0
1304,1304.0,434,681.0
1305,1305.0,435,583.0
1306,1306.0,435,682.0
1307,1307.0,435,683.0
1308,1308.0,436,586.0
1309,1309.0,436,684.0
1310,1310.0,436,680.0
1311,1311.0,437,166.0
1312,1312.0,437,76.0
1313,1313.0,437,105.0
1314,1314.0,438,575.0
1315,1315.0,438,470.0
1316,1316.0,438,191.0
1317,1317.0,439,63.0
1318,1318.0,439,23.0
1319,1319.0,439,119.0
1320,1320.0,440,440.0
1321,1321.0,440,155.0
1322,1322.0,440,679.0
1323,1323.0,441,338.0
1324,1324.0,441,115.0
1325,1325.0,441,78.0
1326,1326.0,442,265.0
1327,1327.0,442,228.0
1328,1328.0,442,685.0
1329,1329.0,443,586.0
1330,1330.0,443,686.0
1331,1331.0,443,408.0
1332,1332.0,444,99.0
1333,1333.0,444,687.0
1334,1334.0,444,688.0
1335,1335.0,445,586.0
1336,1336.0,445,668.0
1337,1337.0,445,58.0
1338,1338.0,446,228.0
1339,1339.0,446,139.0
1340,1340.0,446,123.0
1341,1341.0,447,82.0
1342,1342.0,447,588.0
1343,1343.0,447,524.0
1344,1344.0,448,306.0
1345,1345.0,448,58.0
1346,1346.0,448,277.0
1347,1347.0,449,477.0
1348,1348.0,449,11.0
1349,1349.0,449,88.0
1350,1350.0,450,338.0
1351,1351.0,450,689.0
1352,1352.0,450,690.0
1353,1353.0,451,250.0
1354,1354.0,451,439.0
1355,1355.0,451,94.0
1356,1356.0,452,691.0
1357,1357.0,452,692.0
1358,1358.0,452,693.0
1359,1359.0,453,360.0
1360,1360.0,453,160.0
1361,1361.0,453,694.0
1362,1362.0,454,191.0
1363,1363.0,454,323.0
1364,1364.0,454,695.0
1365,1365.0,455,320.0
1366,1366.0,455,646.0
1367,1367.0,455,384.0
1368,1368.0,456,106.0
1369,1369.0,456,82.0
1370,1370.0,456,567.0
1371,1371.0,457,125.0
1372,1372.0,457,607.0
1373,1373.0,457,253.0
1374,1374.0,458,696.0
1375,1375.0,458,697.0
1376,1376.0,458,573.0
1377,1377.0,459,353.0
1378,1378.0,459,698.0
1379,1379.0,459,699.0
1380,1380.0,460,684.0
1381,1381.0,460,524.0
1382,1382.0,460,489.0
1383,1383.0,461,11.0
1384,1384.0,461,700.0
1385,1385.0,461,701.0
1386,1386.0,462,477.0
1387,1387.0,462,629.0
1388,1388.0,462,254.0
1389,1389.0,463,702.0
1390,1390.0,463,703.0
1391,1391.0,463,704.0
1392,1392.0,464,586.0
1393,1393.0,464,705.0
1394,1394.0,464,706.0
1395,1395.0,465,360.0
1396,1396.0,465,707.0
1397,1397.0,465,708.0
1398,1398.0,466,408.0
1399,1399.0,466,709.0
1400,1400.0,466,710.0
1401,1401.0,467,182.0
1402,1402.0,467,601.0
1403,1403.0,467,615.0
1404,1404.0,468,265.0
1405,1405.0,468,77.0
1406,1406.0,468,78.0
1407,1407.0,469,365.0
1408,1408.0,469,439.0
1409,1409.0,469,711.0
1410,1410.0,470,338.0
1411,1411.0,470,712.0
1412,1412.0,470,713.0
1413,1413.0,471,586.0
1414,1414.0,471,714.0
1415,1415.0,471,715.0
1416,1416.0,472,149.0
1417,1417.0,472,353.0
1418,1418.0,472,716.0
1419,1419.0,473,575.0
1420,1420.0,473,621.0
1421,1421.0,473,717.0
1422,1422.0,474,718.0
1423,1423.0,474,719.0
1424,1424.0,474,720.0
1425,1425.0,475,305.0
1426,1426.0,475,275.0
1427,1427.0,475,721.0
1428,1428.0,476,299.0
1429,1429.0,476,722.0
1430,1430.0,476,295.0
1431,1431.0,477,171.0
1432,1432.0,477,723.0
1433,1433.0,477,724.0
1434,1434.0,478,489.0
1435,1435.0,478,725.0
1436,1436.0,478,552.0
1437,1437.0,479,726.0
1438,1438.0,479,456.0
1439,1439.0,479,132.0
1440,1440.0,480,265.0
1441,1441.0,480,727.0
1442,1442.0,480,728.0
1443,1443.0,481,162.0
1444,1444.0,481,729.0
1445,1445.0,481,360.0
1446,1446.0,482,71.0
1447,1447.0,482,531.0
1448,1448.0,482,730.0
1449,1449.0,483,104.0
1450,1450.0,483,591.0
1451,1451.0,483,212.0
1452,1452.0,484,171.0
1453,1453.0,484,731.0
1454,1454.0,484,732.0
1455,1455.0,485,698.0
1456,1456.0,485,733.0
1457,1457.0,485,734.0
1458,1458.0,486,103.0
1459,1459.0,486,735.0
1460,1460.0,486,337.0
1461,1461.0,487,241.0
1462,1462.0,487,257.0
1463,1463.0,487,509.0
1464,1464.0,488,245.0
1465,1465.0,488,736.0
1466,1466.0,488,737.0
1467,1467.0,489,294.0
1468,1468.0,489,738.0
1469,1469.0,489,739.0
1470,1470.0,490,740.0
1471,1471.0,490,741.0
1472,1472.0,490,742.0
1473,1473.0,491,743.0
1474,1474.0,491,257.0
1475,1475.0,491,744.0
1476,1476.0,492,745.0
1477,1477.0,492,746.0
1478,1478.0,492,747.0
1479,1479.0,493,54.0
1480,1480.0,493,427.0
1481,1481.0,493,323.0
1482,1482.0,494,748.0
1483,1483.0,494,535.0
1484,1484.0,494,610.0
1485,1485.0,495,105.0
1486,1486.0,495,227.0
1487,1487.0,495,540.0
1488,1488.0,496,572.0
1489,1489.0,496,573.0
1490,1490.0,496,482.0
1491,1491.0,497,275.0
1492,1492.0,497,340.0
1493,1493.0,497,270.0
1494,1494.0,498,552.0
1495,1495.0,498,749.0
1496,1496.0,498,750.0
1497,1497.0,499,586.0
1498,1498.0,499,751.0
1499,1499.0,499,752.0
1500,1500.0,500,104.0
1501,1501.0,500,753.0
1502,1502.0,500,402.0
1503,1503.0,501,92.0
1504,1504.0,501,577.0
1505,1505.0,501,356.0
1506,1506.0,502,58.0
1507,1507.0,502,6.0
1508,1508.0,502,754.0
1509,1509.0,503,755.0
1510,1510.0,503,756.0
1511,1511.0,503,757.0
1512,1512.0,504,758.0
1513,1513.0,504,759.0
1514,1514.0,504,760.0
1515,1515.0,505,761.0
1516,1516.0,505,762.0
1517,1517.0,505,763.0
1518,1518.0,506,166.0
1519,1519.0,506,297.0
1520,1520.0,506,509.0
1521,1521.0,507,45.0
1522,1522.0,507,210.0
1523,1523.0,507,209.0
1524,1524.0,508,209.0
1525,1525.0,508,553.0
1526,1526.0,508,764.0
1527,1527.0,509,251.0
1528,1528.0,509,680.0
1529,1529.0,509,253.0
1530,1530.0,510,765.0
1531,1531.0,510,10.0
1532,1532.0,510,553.0
1533,1533.0,511,384.0
1534,1534.0,511,77.0
1535,1535.0,511,49.0
1536,1536.0,512,183.0
1537,1537.0,512,109.0
1538,1538.0,512,416.0
1539,1539.0,513,761.0
1540,1540.0,513,228.0
1541,1541.0,513,427.0
1542,1542.0,514,544.0
1543,1543.0,514,543.0
1544,1544.0,514,574.0
1545,1545.0,515,586.0
1546,1546.0,515,405.0
1547,1547.0,515,766.0
1548,1548.0,516,265.0
1549,1549.0,516,271.0
1550,1550.0,516,659.0
1551,1551.0,517,767.0
1552,1552.0,517,768.0
1553,1553.0,517,334.0
1554,1554.0,518,535.0
1555,1555.0,518,769.0
1556,1556.0,518,770.0
1557,1557.0,519,382.0
1558,1558.0,519,23.0
1559,1559.0,519,600.0
1560,1560.0,520,586.0
1561,1561.0,520,366.0
1562,1562.0,520,771.0
1563,1563.0,521,99.0
1564,1564.0,521,439.0
1565,1565.0,521,86.0
1566,1566.0,522,772.0
1567,1567.0,522,773.0
1568,1568.0,522,74.0
1569,1569.0,523,391.0
1570,1570.0,523,774.0
1571,1571.0,523,615.0
1572,1572.0,524,99.0
1573,1573.0,524,283.0
1574,1574.0,524,646.0
1575,1575.0,525,45.0
1576,1576.0,525,481.0
1577,1577.0,525,277.0
1578,1578.0,526,90.0
1579,1579.0,526,775.0
1580,1580.0,526,195.0
1581,1581.0,527,265.0
1582,1582.0,527,776.0
1583,1583.0,527,440.0
1584,1584.0,528,293.0
1585,1585.0,528,6.0
1586,1586.0,528,777.0
1587,1587.0,529,299.0
1588,1588.0,529,229.0
1589,1589.0,529,778.0
1590,1590.0,530,779.0
1591,1591.0,530,630.0
1592,1592.0,530,780.0
1593,1593.0,531,28.0
1594,1594.0,531,35.0
1595,1595.0,531,404.0
1596,1596.0,532,586.0
1597,1597.0,532,307.0
1598,1598.0,532,781.0
1599,1599.0,533,782.0
1600,1600.0,533,81.0
1601,1601.0,533,783.0
1602,1602.0,534,299.0
1603,1603.0,534,300.0
1604,1604.0,534,55.0
1605,1605.0,535,761.0
1606,1606.0,535,784.0
1607,1607.0,535,785.0
1608,1608.0,536,411.0
1609,1609.0,536,786.0
1610,1610.0,536,787.0
1611,1611.0,537,788.0
1612,1612.0,537,789.0
1613,1613.0,537,790.0
1614,1614.0,538,299.0
1615,1615.0,538,501.0
1616,1616.0,538,791.0
1617,1617.0,539,353.0
1618,1618.0,539,210.0
1619,1619.0,539,405.0
1620,1620.0,540,125.0
1621,1621.0,540,188.0
1622,1622.0,540,792.0
1623,1623.0,541,230.0
1624,1624.0,541,793.0
1625,1625.0,541,537.0
1626,1626.0,542,794.0
1627,1627.0,542,111.0
1628,1628.0,542,757.0
1629,1629.0,543,162.0
1630,1630.0,543,795.0
1631,1631.0,543,311.0
1632,1632.0,544,174.0
1633,1633.0,544,753.0
1634,1634.0,544,472.0
1635,1635.0,545,299.0
1636,1636.0,545,193.0
1637,1637.0,545,796.0
1638,1638.0,546,426.0
1639,1639.0,546,797.0
1640,1640.0,546,412.0
1641,1641.0,547,744.0
1642,1642.0,547,508.0
1643,1643.0,547,798.0
1644,1644.0,548,228.0
1645,1645.0,548,604.0
1646,1646.0,548,799.0
1647,1647.0,549,279.0
1648,1648.0,549,387.0
1649,1649.0,549,193.0
1650,1650.0,550,800.0
1651,1651.0,550,801.0
1652,1652.0,550,514.0
1653,1653.0,551,218.0
1654,1654.0,551,802.0
1655,1655.0,551,328.0
1656,1656.0,552,586.0
1657,1657.0,552,154.0
1658,1658.0,552,383.0
1659,1659.0,553,90.0
1660,1660.0,553,803.0
1661,1661.0,553,613.0
1662,1662.0,554,377.0
1663,1663.0,554,203.0
1664,1664.0,554,158.0
1665,1665.0,555,195.0
1666,1666.0,555,804.0
1667,1667.0,555,805.0
1668,1668.0,556,320.0
1669,1669.0,556,603.0
1670,1670.0,556,331.0
1671,1671.0,557,90.0
1672,1672.0,557,117.0
1673,1673.0,557,806.0
1674,1674.0,558,807.0
1675,1675.0,558,808.0
1676,1676.0,558,809.0
1677,1677.0,559,142.0
1678,1678.0,559,810.0
1679,1679.0,559,811.0
1680,1680.0,560,812.0
1681,1681.0,560,813.0
1682,1682.0,560,814.0
1683,1683.0,561,815.0
1684,1684.0,561,408.0
1685,1685.0,561,816.0
1686,1686.0,562,69.0
1687,1687.0,562,473.0
1688,1688.0,562,61.0
1689,1689.0,563,195.0
1690,1690.0,563,374.0
1691,1691.0,563,817.0
1692,1692.0,564,320.0
1693,1693.0,564,473.0
1694,1694.0,564,818.0
1695,1695.0,565,194.0
1696,1696.0,565,195.0
1697,1697.0,565,196.0
1698,1698.0,566,94.0
1699,1699.0,566,819.0
1700,1700.0,566,820.0
1701,1701.0,567,646.0
1702,1702.0,567,784.0
1703,1703.0,567,287.0
1704,1704.0,568,103.0
1705,1705.0,568,821.0
1706,1706.0,568,193.0
1707,1707.0,569,822.0
1708,1708.0,569,823.0
1709,1709.0,569,824.0
1710,1710.0,570,320.0
1711,1711.0,570,604.0
1712,1712.0,570,652.0
1713,1713.0,571,106.0
1714,1714.0,571,825.0
1715,1715.0,571,7.0
1716,1716.0,572,338.0
1717,1717.0,572,279.0
1718,1718.0,572,646.0
1719,1719.0,573,299.0
1720,1720.0,573,826.0
1721,1721.0,573,309.0
1722,1722.0,574,193.0
1723,1723.0,574,240.0
1724,1724.0,574,225.0
1725,1725.0,575,168.0
1726,1726.0,575,43.0
1727,1727.0,575,196.0
1728,1728.0,576,347.0
1729,1729.0,576,128.0
1730,1730.0,576,827.0
1731,1731.0,577,828.0
1732,1732.0,577,829.0
1733,1733.0,577,830.0
1734,1734.0,578,18.0
1735,1735.0,578,682.0
1736,1736.0,578,583.0
1737,1737.0,579,320.0
1738,1738.0,579,525.0
1739,1739.0,579,831.0
1740,1740.0,580,212.0
1741,1741.0,580,150.0
1742,1742.0,580,832.0
1743,1743.0,581,384.0
1744,1744.0,581,833.0
1745,1745.0,581,834.0
1746,1746.0,582,150.0
1747,1747.0,582,835.0
1748,1748.0,582,836.0
1749,1749.0,583,115.0
1750,1750.0,583,837.0
1751,1751.0,583,318.0
1752,1752.0,584,575.0
1753,1753.0,584,152.0
1754,1754.0,584,838.0
1755,1755.0,585,262.0
1756,1756.0,585,839.0
1757,1757.0,585,579.0
1758,1758.0,586,353.0
1759,1759.0,586,55.0
1760,1760.0,586,198.0
1761,1761.0,587,427.0
1762,1762.0,587,840.0
1763,1763.0,587,841.0
1764,1764.0,588,357.0
1765,1765.0,588,82.0
1766,1766.0,588,47.0
1767,1767.0,589,842.0
1768,1768.0,589,843.0
1769,1769.0,589,844.0
1770,1770.0,590,477.0
1771,1771.0,590,717.0
1772,1772.0,590,299.0
1773,1773.0,591,216.0
1774,1774.0,591,845.0
1775,1775.0,591,271.0
1776,1776.0,592,106.0
1777,1777.0,592,846.0
1778,1778.0,592,847.0
1779,1779.0,593,684.0
1780,1780.0,593,440.0
1781,1781.0,593,848.0
1782,1782.0,594,275.0
1783,1783.0,594,680.0
1784,1784.0,594,424.0
1785,1785.0,595,105.0
1786,1786.0,595,132.0
1787,1787.0,595,295.0
1788,1788.0,596,195.0
1789,1789.0,596,94.0
1790,1790.0,596,419.0
1791,1791.0,597,239.0
1792,1792.0,597,849.0
1793,1793.0,597,850.0
1794,1794.0,598,851.0
1795,1795.0,598,852.0
1796,1796.0,598,168.0
1797,1797.0,599,299.0
1798,1798.0,599,240.0
1799,1799.0,599,157.0
1800,1800.0,600,490.0
1801,1801.0,600,765.0
1802,1802.0,600,481.0
1803,1803.0,601,853.0
1804,1804.0,601,854.0
1805,1805.0,601,855.0
1806,1806.0,602,365.0
1807,1807.0,602,406.0
1808,1808.0,602,856.0
1809,1809.0,603,416.0
1810,1810.0,603,857.0
1811,1811.0,603,523.0
1812,1812.0,604,680.0
1813,1813.0,604,256.0
1814,1814.0,604,512.0
1815,1815.0,605,858.0
1816,1816.0,605,696.0
1817,1817.0,605,384.0
1818,1818.0,606,22.0
1819,1819.0,606,859.0
1820,1820.0,606,860.0
1821,1821.0,607,306.0
1822,1822.0,607,73.0
1823,1823.0,607,472.0
1824,1824.0,608,387.0
1825,1825.0,608,861.0
1826,1826.0,608,862.0
1827,1827.0,609,489.0
1828,1828.0,609,214.0
1829,1829.0,609,863.0
1830,1830.0,610,789.0
1831,1831.0,610,864.0
1832,1832.0,610,865.0
1833,1833.0,611,27.0
1834,1834.0,611,416.0
1835,1835.0,611,698.0
1836,1836.0,612,181.0
1837,1837.0,612,335.0
1838,1838.0,612,336.0
1839,1839.0,613,481.0
1840,1840.0,613,340.0
1841,1841.0,613,866.0
1842,1842.0,614,166.0
1843,1843.0,614,867.0
1844,1844.0,614,868.0
1845,1845.0,615,869.0
1846,1846.0,615,600.0
1847,1847.0,615,870.0
1848,1848.0,616,85.0
1849,1849.0,616,871.0
1850,1850.0,616,499.0
1851,1851.0,617,89.0
1852,1852.0,617,872.0
1853,1853.0,617,873.0
1854,1854.0,618,251.0
1855,1855.0,618,380.0
1856,1856.0,618,640.0
1857,1857.0,619,94.0
1858,1858.0,619,800.0
1859,1859.0,619,874.0
1860,1860.0,620,752.0
1861,1861.0,620,54.0
1862,1862.0,620,152.0
1863,1863.0,621,111.0
1864,1864.0,621,627.0
1865,1865.0,621,235.0
1866,1866.0,622,63.0
1867,1867.0,622,54.0
1868,1868.0,622,875.0
1869,1869.0,623,166.0
1870,1870.0,623,356.0
1871,1871.0,623,876.0
1872,1872.0,624,521.0
1873,1873.0,624,844.0
1874,1874.0,624,877.0
1875,1875.0,625,761.0
1876,1876.0,625,439.0
1877,1877.0,625,731.0
1878,1878.0,626,878.0
1879,1879.0,626,879.0
1880,1880.0,626,880.0
1881,1881.0,627,881.0
1882,1882.0,627,119.0
1883,1883.0,627,882.0
1884,1884.0,628,99.0
1885,1885.0,628,353.0
1886,1886.0,628,103.0
1887,1887.0,629,883.0
1888,1888.0,629,844.0
1889,1889.0,629,884.0
1890,1890.0,630,614.0
1891,1891.0,630,320.0
1892,1892.0,630,885.0
1893,1893.0,631,544.0
1894,1894.0,631,543.0
1895,1895.0,631,574.0
1896,1896.0,632,416.0
1897,1897.0,632,886.0
1898,1898.0,632,583.0
1899,1899.0,633,531.0
1900,1900.0,633,887.0
1901,1901.0,633,355.0
1902,1902.0,634,191.0
1903,1903.0,634,256.0
1904,1904.0,634,257.0
1905,1905.0,635,99.0
1906,1906.0,635,615.0
1907,1907.0,635,379.0
1908,1908.0,636,100.0
1909,1909.0,636,888.0
1910,1910.0,636,889.0
1911,1911.0,637,77.0
1912,1912.0,637,54.0
1913,1913.0,637,76.0
1914,1914.0,638,99.0
1915,1915.0,638,890.0
1916,1916.0,638,891.0
1917,1917.0,639,377.0
1918,1918.0,639,203.0
1919,1919.0,639,892.0
1920,1920.0,640,365.0
1921,1921.0,640,275.0
1922,1922.0,640,439.0
1923,1923.0,641,21.0
1924,1924.0,641,367.0
1925,1925.0,641,588.0
1926,1926.0,642,893.0
1927,1927.0,642,894.0
1928,1928.0,642,91.0
1929,1929.0,643,895.0
1930,1930.0,643,46.0
1931,1931.0,643,328.0
1932,1932.0,644,489.0
1933,1933.0,644,558.0
1934,1934.0,644,896.0
1935,1935.0,645,265.0
1936,1936.0,645,857.0
1937,1937.0,645,897.0
1938,1938.0,646,299.0
1939,1939.0,646,461.0
1940,1940.0,646,898.0
1941,1941.0,647,228.0
1942,1942.0,647,771.0
1943,1943.0,647,899.0
1944,1944.0,648,646.0
1945,1945.0,648,16.0
1946,1946.0,648,354.0
1947,1947.0,649,158.0
1948,1948.0,649,900.0
1949,1949.0,649,901.0
1950,1950.0,650,168.0
1951,1951.0,650,58.0
1952,1952.0,650,902.0
1953,1953.0,651,903.0
1954,1954.0,651,90.0
1955,1955.0,651,904.0
1956,1956.0,652,45.0
1957,1957.0,652,146.0
1958,1958.0,652,580.0
1959,1959.0,653,155.0
1960,1960.0,653,111.0
1961,1961.0,653,263.0
1962,1962.0,654,869.0
1963,1963.0,654,905.0
1964,1964.0,654,906.0
1965,1965.0,655,907.0
1966,1966.0,655,908.0
1967,1967.0,655,909.0
1968,1968.0,656,265.0
1969,1969.0,656,910.0
1970,1970.0,656,300.0
1971,1971.0,657,622.0
1972,1972.0,657,495.0
1973,1973.0,657,225.0
1974,1974.0,658,490.0
1975,1975.0,658,685.0
1976,1976.0,658,44.0
1977,1977.0,659,410.0
1978,1978.0,659,193.0
1979,1979.0,659,911.0
1980,1980.0,660,890.0
1981,1981.0,660,54.0
1982,1982.0,660,912.0
1983,1983.0,661,913.0
1984,1984.0,661,227.0
1985,1985.0,661,914.0
1986,1986.0,662,340.0
1987,1987.0,662,106.0
1988,1988.0,662,915.0
1989,1989.0,663,218.0
1990,1990.0,663,415.0
1991,1991.0,663,877.0
1992,1992.0,664,299.0
1993,1993.0,664,916.0
1994,1994.0,664,917.0
1995,1995.0,665,265.0
1996,1996.0,665,918.0
1997,1997.0,665,342.0
1998,1998.0,666,150.0
1999,1999.0,666,919.0
2000,2000.0,666,639.0
2001,2001.0,667,920.0
2002,2002.0,667,119.0
2003,2003.0,667,921.0
2004,2004.0,668,803.0
2005,2005.0,668,922.0
2006,2006.0,668,923.0
2007,2007.0,669,788.0
2008,2008.0,669,399.0
2009,2009.0,669,47.0
2010,2010.0,670,125.0
2011,2011.0,670,924.0
2012,2012.0,670,925.0
2013,2013.0,671,187.0
2014,2014.0,671,117.0
2015,2015.0,671,47.0
2016,2016.0,672,926.0
2017,2017.0,672,927.0
2018,2018.0,672,928.0
2019,2019.0,673,194.0
2020,2020.0,673,775.0
2021,2021.0,673,286.0
2022,2022.0,674,228.0
2023,2023.0,674,258.0
2024,2024.0,674,639.0
2025,2025.0,675,555.0
2026,2026.0,675,929.0
2027,2027.0,675,209.0
2028,2028.0,676,171.0
2029,2029.0,676,174.0
2030,2030.0,676,628.0
2031,2031.0,677,125.0
2032,2032.0,677,313.0
2033,2033.0,677,930.0
2034,2034.0,678,137.0
2035,2035.0,678,139.0
2036,2036.0,678,61.0
2037,2037.0,679,175.0
2038,2038.0,679,931.0
2039,2039.0,679,932.0
2040,2040.0,680,218.0
2041,2041.0,680,615.0
2042,2042.0,680,715.0
2043,2043.0,681,357.0
2044,2044.0,681,717.0
2045,2045.0,681,409.0
2046,2046.0,682,194.0
2047,2047.0,682,399.0
2048,2048.0,682,697.0
2049,2049.0,683,230.0
2050,2050.0,683,171.0
2051,2051.0,683,933.0
2052,2052.0,684,193.0
2053,2053.0,684,230.0
2054,2054.0,684,688.0
2055,2055.0,685,377.0
2056,2056.0,685,934.0
2057,2057.0,685,425.0
2058,2058.0,686,868.0
2059,2059.0,686,624.0
2060,2060.0,686,935.0
2061,2061.0,687,212.0
2062,2062.0,687,446.0
2063,2063.0,687,936.0
2064,2064.0,688,251.0
2065,2065.0,688,937.0
2066,2066.0,688,481.0
2067,2067.0,689,94.0
2068,2068.0,689,668.0
2069,2069.0,689,938.0
2070,2070.0,690,99.0
2071,2071.0,690,939.0
2072,2072.0,690,912.0
2073,2073.0,691,100.0
2074,2074.0,691,265.0
2075,2075.0,691,363.0
2076,2076.0,692,940.0
2077,2077.0,692,287.0
2078,2078.0,692,941.0
2079,2079.0,693,27.0
2080,2080.0,693,295.0
2081,2081.0,693,942.0
2082,2082.0,694,353.0
2083,2083.0,694,619.0
2084,2084.0,694,613.0
2085,2085.0,695,294.0
2086,2086.0,695,145.0
2087,2087.0,695,768.0
2088,2088.0,696,265.0
2089,2089.0,696,831.0
2090,2090.0,696,698.0
2091,2091.0,697,142.0
2092,2092.0,697,943.0
2093,2093.0,697,944.0
2094,2094.0,698,241.0
2095,2095.0,698,270.0
2096,2096.0,698,384.0
2097,2097.0,699,195.0
2098,2098.0,699,135.0
2099,2099.0,699,327.0
2100,2100.0,700,477.0
2101,2101.0,700,85.0
2102,2102.0,700,233.0
2103,2103.0,701,209.0
2104,2104.0,701,945.0
2105,2105.0,701,946.0
2106,2106.0,702,85.0
2107,2107.0,702,182.0
2108,2108.0,702,340.0
2109,2109.0,703,426.0
2110,2110.0,703,947.0
2111,2111.0,703,948.0
2112,2112.0,704,949.0
2113,2113.0,704,696.0
2114,2114.0,704,950.0
2115,2115.0,705,440.0
2116,2116.0,705,317.0
2117,2117.0,705,242.0
2118,2118.0,706,168.0
2119,2119.0,706,679.0
2120,2120.0,706,58.0
2121,2121.0,707,360.0
2122,2122.0,707,951.0
2123,2123.0,707,820.0
2124,2124.0,708,952.0
2125,2125.0,708,953.0
2126,2126.0,708,954.0
2127,2127.0,709,646.0
2128,2128.0,709,17.0
2129,2129.0,709,72.0
2130,2130.0,710,228.0
2131,2131.0,710,307.0
2132,2132.0,710,74.0
2133,2133.0,711,299.0
2134,2134.0,711,123.0
2135,2135.0,711,955.0
2136,2136.0,712,752.0
2137,2137.0,712,196.0
2138,2138.0,712,174.0
2139,2139.0,713,602.0
2140,2140.0,713,924.0
2141,2141.0,713,555.0
2142,2142.0,714,168.0
2143,2143.0,714,90.0
2144,2144.0,714,252.0
2145,2145.0,715,105.0
2146,2146.0,715,956.0
2147,2147.0,715,939.0
2148,2148.0,716,473.0
2149,2149.0,716,265.0
2150,2150.0,716,957.0
2151,2151.0,717,168.0
2152,2152.0,717,295.0
2153,2153.0,717,958.0
2154,2154.0,718,886.0
2155,2155.0,718,959.0
2156,2156.0,718,854.0
2157,2157.0,719,960.0
2158,2158.0,719,961.0
2159,2159.0,719,962.0
2160,2160.0,720,353.0
2161,2161.0,720,73.0
2162,2162.0,720,62.0
2163,2163.0,721,963.0
2164,2164.0,721,964.0
2165,2165.0,721,965.0
2166,2166.0,722,361.0
2167,2167.0,722,966.0
2168,2168.0,722,967.0
2169,2169.0,723,85.0
2170,2170.0,723,534.0
2171,2171.0,723,543.0
2172,2172.0,724,477.0
2173,2173.0,724,361.0
2174,2174.0,724,968.0
2175,2175.0,725,100.0
2176,2176.0,725,540.0
2177,2177.0,725,321.0
2178,2178.0,726,251.0
2179,2179.0,726,94.0
2180,2180.0,726,969.0
2181,2181.0,727,214.0
2182,2182.0,727,970.0
2183,2183.0,727,971.0
2184,2184.0,728,664.0
2185,2185.0,728,665.0
2186,2186.0,728,972.0
2187,2187.0,729,265.0
2188,2188.0,729,679.0
2189,2189.0,729,973.0
2190,2190.0,730,974.0
2191,2191.0,730,975.0
2192,2192.0,730,976.0
2193,2193.0,731,299.0
2194,2194.0,731,784.0
2195,2195.0,731,977.0
2196,2196.0,732,27.0
2197,2197.0,732,150.0
2198,2198.0,732,776.0
2199,2199.0,733,602.0
2200,2200.0,733,271.0
2201,2201.0,733,978.0
2202,2202.0,734,535.0
2203,2203.0,734,279.0
2204,2204.0,734,26.0
2205,2205.0,735,137.0
2206,2206.0,735,979.0
2207,2207.0,735,537.0
2208,2208.0,736,980.0
2209,2209.0,736,981.0
2210,2210.0,736,982.0
2211,2211.0,737,111.0
2212,2212.0,737,5.0
2213,2213.0,737,171.0
2214,2214.0,738,148.0
2215,2215.0,738,671.0
2216,2216.0,738,481.0
2217,2217.0,739,212.0
2218,2218.0,739,150.0
2219,2219.0,739,416.0
2220,2220.0,740,2.0
2221,2221.0,740,848.0
2222,2222.0,740,983.0
2223,2223.0,741,85.0
2224,2224.0,741,348.0
2225,2225.0,741,321.0
2226,2226.0,742,119.0
2227,2227.0,742,984.0
2228,2228.0,742,184.0
2229,2229.0,743,426.0
2230,2230.0,743,58.0
2231,2231.0,743,985.0
2232,2232.0,744,68.0
2233,2233.0,744,377.0
2234,2234.0,744,986.0
2235,2235.0,745,426.0
2236,2236.0,745,987.0
2237,2237.0,745,988.0
2238,2238.0,746,9.0
2239,2239.0,746,218.0
2240,2240.0,746,768.0
2241,2241.0,747,47.0
2242,2242.0,747,989.0
2243,2243.0,747,560.0
2244,2244.0,748,60.0
2245,2245.0,748,648.0
2246,2246.0,748,93.0
2247,2247.0,749,416.0
2248,2248.0,749,353.0
2249,2249.0,749,990.0
2250,2250.0,750,54.0
2251,2251.0,750,27.0
2252,2252.0,750,577.0
2253,2253.0,751,765.0
2254,2254.0,751,646.0
2255,2255.0,751,347.0
2256,2256.0,752,991.0
2257,2257.0,752,992.0
2258,2258.0,752,993.0
2259,2259.0,753,357.0
2260,2260.0,753,994.0
2261,2261.0,753,995.0
2262,2262.0,754,105.0
2263,2263.0,754,631.0
2264,2264.0,754,316.0
2265,2265.0,755,384.0
2266,2266.0,755,833.0
2267,2267.0,755,834.0
2268,2268.0,756,198.0
2269,2269.0,756,439.0
2270,2270.0,756,996.0
2271,2271.0,757,895.0
2272,2272.0,757,37.0
2273,2273.0,757,697.0
2274,2274.0,758,320.0
2275,2275.0,758,302.0
2276,2276.0,758,255.0
2277,2277.0,759,997.0
2278,2278.0,759,998.0
2279,2279.0,759,999.0
2280,2280.0,760,481.0
2281,2281.0,760,79.0
2282,2282.0,760,918.0
2283,2283.0,761,481.0
2284,2284.0,761,319.0
2285,2285.0,761,1000.0
2286,2286.0,762,299.0
2287,2287.0,762,305.0
2288,2288.0,762,1001.0
2289,2289.0,763,21.0
2290,2290.0,763,90.0
2291,2291.0,763,497.0
2292,2292.0,764,353.0
2293,2293.0,764,1002.0
2294,2294.0,764,182.0
2295,2295.0,765,802.0
2296,2296.0,765,318.0
2297,2297.0,765,1003.0
2298,2298.0,766,180.0
2299,2299.0,766,979.0
2300,2300.0,766,131.0
2301,2301.0,767,1004.0
2302,2302.0,767,193.0
2303,2303.0,767,313.0
2304,2304.0,768,333.0
2305,2305.0,768,132.0
2306,2306.0,768,1005.0
2307,2307.0,769,106.0
2308,2308.0,769,439.0
2309,2309.0,769,271.0
2310,2310.0,770,256.0
2311,2311.0,770,555.0
2312,2312.0,770,1006.0
2313,2313.0,771,171.0
2314,2314.0,771,1007.0
2315,2315.0,771,1008.0
2316,2316.0,772,188.0
2317,2317.0,772,65.0
2318,2318.0,772,150.0
2319,2319.0,773,17.0
2320,2320.0,773,1009.0
2321,2321.0,773,694.0
2322,2322.0,774,602.0
2323,2323.0,774,1010.0
2324,2324.0,774,23.0
2325,2325.0,775,838.0
2326,2326.0,775,832.0
2327,2327.0,775,1011.0
2328,2328.0,776,240.0
2329,2329.0,776,1012.0
2330,2330.0,776,54.0
2331,2331.0,777,647.0
2332,2332.0,777,1013.0
2333,2333.0,777,1014.0
2334,2334.0,778,195.0
2335,2335.0,778,986.0
2336,2336.0,778,1015.0
2337,2337.0,779,323.0
2338,2338.0,779,203.0
2339,2339.0,779,342.0
2340,2340.0,780,218.0
2341,2341.0,780,600.0
2342,2342.0,780,1016.0
2343,2343.0,781,162.0
2344,2344.0,781,495.0
2345,2345.0,781,186.0
2346,2346.0,782,1017.0
2347,2347.0,782,65.0
2348,2348.0,782,193.0
2349,2349.0,783,3.0
2350,2350.0,783,73.0
2351,2351.0,783,115.0
2352,2352.0,784,490.0
2353,2353.0,784,1018.0
2354,2354.0,784,1019.0
2355,2355.0,785,183.0
2356,2356.0,785,765.0
2357,2357.0,785,937.0
2358,2358.0,786,1020.0
2359,2359.0,786,634.0
2360,2360.0,786,1021.0
2361,2361.0,787,509.0
2362,2362.0,787,17.0
2363,2363.0,787,474.0
2364,2364.0,788,96.0
2365,2365.0,788,1022.0
2366,2366.0,788,1023.0
2367,2367.0,789,195.0
2368,2368.0,789,209.0
2369,2369.0,789,1024.0
2370,2370.0,790,671.0
2371,2371.0,790,1025.0
2372,2372.0,790,1026.0
2373,2373.0,791,60.0
2374,2374.0,791,1027.0
2375,2375.0,791,1028.0
2376,2376.0,792,155.0
2377,2377.0,792,23.0
2378,2378.0,792,1029.0
2379,2379.0,793,709.0
2380,2380.0,793,1030.0
2381,2381.0,793,1031.0
2382,2382.0,794,489.0
2383,2383.0,794,1032.0
2384,2384.0,794,1033.0
2385,2385.0,795,198.0
2386,2386.0,795,277.0
2387,2387.0,795,1034.0
2388,2388.0,796,586.0
2389,2389.0,796,336.0
2390,2390.0,796,81.0
2391,2391.0,797,947.0
2392,2392.0,797,539.0
2393,2393.0,797,892.0
2394,2394.0,798,94.0
2395,2395.0,798,440.0
2396,2396.0,798,904.0
2397,2397.0,799,622.0
2398,2398.0,799,1035.0
2399,2399.0,799,1036.0
2400,2400.0,800,303.0
2401,2401.0,800,742.0
2402,2402.0,800,712.0
2403,2403.0,801,191.0
2404,2404.0,801,752.0
2405,2405.0,801,182.0
2406,2406.0,802,586.0
2407,2407.0,802,548.0
2408,2408.0,802,1037.0
2409,2409.0,803,174.0
2410,2410.0,803,847.0
2411,2411.0,803,764.0
2412,2412.0,804,294.0
2413,2413.0,804,366.0
2414,2414.0,804,600.0
2415,2415.0,805,228.0
2416,2416.0,805,777.0
2417,2417.0,805,1038.0
2418,2418.0,806,228.0
2419,2419.0,806,43.0
2420,2420.0,806,510.0
2421,2421.0,807,103.0
2422,2422.0,807,167.0
2423,2423.0,807,1039.0
2424,2424.0,808,105.0
2425,2425.0,808,1040.0
2426,2426.0,808,1041.0
2427,2427.0,809,99.0
2428,2428.0,809,796.0
2429,2429.0,809,604.0
2430,2430.0,810,583.0
2431,2431.0,810,682.0
2432,2432.0,810,1042.0
2433,2433.0,811,251.0
2434,2434.0,811,481.0
2435,2435.0,811,937.0
2436,2436.0,812,1043.0
2437,2437.0,812,320.0
2438,2438.0,812,1044.0
2439,2439.0,813,1045.0
2440,2440.0,813,866.0
2441,2441.0,813,1046.0
2442,2442.0,814,195.0
2443,2443.0,814,252.0
2444,2444.0,814,1047.0
2445,2445.0,815,45.0
2446,2446.0,815,402.0
2447,2447.0,815,684.0
2448,2448.0,816,162.0
2449,2449.0,816,383.0
2450,2450.0,816,1048.0
2451,2451.0,817,1049.0
2452,2452.0,817,1050.0
2453,2453.0,817,631.0
2454,2454.0,818,99.0
2455,2455.0,818,497.0
2456,2456.0,818,1051.0
2457,2457.0,819,378.0
2458,2458.0,819,166.0
2459,2459.0,819,85.0
2460,2460.0,820,414.0
2461,2461.0,820,210.0
2462,2462.0,820,1052.0
2463,2463.0,821,477.0
2464,2464.0,821,1053.0
2465,2465.0,821,1054.0
2466,2466.0,822,870.0
2467,2467.0,822,270.0
2468,2468.0,822,1055.0
2469,2469.0,823,477.0
2470,2470.0,823,628.0
2471,2471.0,823,1056.0
2472,2472.0,824,45.0
2473,2473.0,824,370.0
2474,2474.0,824,396.0
2475,2475.0,825,411.0
2476,2476.0,825,98.0
2477,2477.0,825,145.0
2478,2478.0,826,357.0
2479,2479.0,826,485.0
2480,2480.0,826,328.0
2481,2481.0,827,228.0
2482,2482.0,827,890.0
2483,2483.0,827,1057.0
2484,2484.0,828,776.0
2485,2485.0,828,406.0
2486,2486.0,828,1058.0
2487,2487.0,829,360.0
2488,2488.0,829,195.0
2489,2489.0,829,1059.0
2490,2490.0,830,776.0
2491,2491.0,830,1060.0
2492,2492.0,830,993.0
2493,2493.0,831,489.0
2494,2494.0,831,230.0
2495,2495.0,831,966.0
2496,2496.0,832,629.0
2497,2497.0,832,299.0
2498,2498.0,832,471.0
2499,2499.0,833,137.0
2500,2500.0,833,94.0
2501,2501.0,833,406.0
2502,2502.0,834,230.0
2503,2503.0,834,980.0
2504,2504.0,834,78.0
2505,2505.0,835,142.0
2506,2506.0,835,319.0
2507,2507.0,835,1061.0
2508,2508.0,836,137.0
2509,2509.0,836,163.0
2510,2510.0,836,1062.0
2511,2511.0,837,94.0
2512,2512.0,837,600.0
2513,2513.0,837,176.0
2514,2514.0,838,2.0
2515,2515.0,838,925.0
2516,2516.0,838,1063.0
2517,2517.0,839,1064.0
2518,2518.0,839,365.0
2519,2519.0,839,436.0
2520,2520.0,840,481.0
2521,2521.0,840,694.0
2522,2522.0,840,1065.0
2523,2523.0,841,357.0
2524,2524.0,841,241.0
2525,2525.0,841,1066.0
2526,2526.0,842,58.0
2527,2527.0,842,1067.0
2528,2528.0,842,926.0
2529,2529.0,843,251.0
2530,2530.0,843,440.0
2531,2531.0,843,502.0
2532,2532.0,844,46.0
2533,2533.0,844,274.0
2534,2534.0,844,474.0
2535,2535.0,845,275.0
2536,2536.0,845,712.0
2537,2537.0,845,328.0
2538,2538.0,846,353.0
2539,2539.0,846,525.0
2540,2540.0,846,402.0
2541,2541.0,847,377.0
2542,2542.0,847,1068.0
2543,2543.0,847,600.0
2544,2544.0,848,947.0
2545,2545.0,848,170.0
2546,2546.0,848,1069.0
2547,2547.0,849,183.0
2548,2548.0,849,1070.0
2549,2549.0,849,123.0
2550,2550.0,850,191.0
2551,2551.0,850,416.0
2552,2552.0,850,89.0
2553,2553.0,851,481.0
2554,2554.0,851,869.0
2555,2555.0,851,1071.0
2556,2556.0,852,212.0
2557,2557.0,852,394.0
2558,2558.0,852,1072.0
2559,2559.0,853,55.0
2560,2560.0,853,765.0
2561,2561.0,853,380.0
2562,2562.0,854,182.0
2563,2563.0,854,1053.0
2564,2564.0,854,1073.0
2565,2565.0,855,1074.0
2566,2566.0,855,991.0
2567,2567.0,855,679.0
2568,2568.0,856,1019.0
2569,2569.0,856,1075.0
2570,2570.0,856,170.0
2571,2571.0,857,195.0
2572,2572.0,857,1048.0
2573,2573.0,857,1076.0
2574,2574.0,858,1077.0
2575,2575.0,858,290.0
2576,2576.0,858,378.0
2577,2577.0,859,1078.0
2578,2578.0,859,1079.0
2579,2579.0,859,1080.0
2580,2580.0,860,1081.0
2581,2581.0,860,1082.0
2582,2582.0,860,938.0
2583,2583.0,861,381.0
2584,2584.0,861,1083.0
2585,2585.0,861,1084.0
2586,2586.0,862,1085.0
2587,2587.0,862,1086.0
2588,2588.0,862,1087.0
2589,2589.0,863,489.0
2590,2590.0,863,1088.0
2591,2591.0,863,1089.0
2592,2592.0,864,869.0
2593,2593.0,864,905.0
2594,2594.0,864,664.0
2595,2595.0,865,45.0
2596,2596.0,865,524.0
2597,2597.0,865,1090.0
2598,2598.0,866,489.0
2599,2599.0,866,638.0
2600,2600.0,866,1091.0
2601,2601.0,867,752.0
2602,2602.0,867,470.0
2603,2603.0,867,1092.0
2604,2604.0,868,4.0
2605,2605.0,868,16.0
2606,2606.0,868,548.0
2607,2607.0,869,802.0
2608,2608.0,869,94.0
2609,2609.0,869,1093.0
2610,2610.0,870,628.0
2611,2611.0,870,1045.0
2612,2612.0,870,101.0
2613,2613.0,871,27.0
2614,2614.0,871,870.0
2615,2615.0,871,493.0
2616,2616.0,872,597.0
2617,2617.0,872,306.0
2618,2618.0,872,62.0
2619,2619.0,873,193.0
2620,2620.0,873,128.0
2621,2621.0,873,9.0
2622,2622.0,874,890.0
2623,2623.0,874,139.0
2624,2624.0,874,1094.0
2625,2625.0,875,58.0
2626,2626.0,875,115.0
2627,2627.0,875,543.0
2628,2628.0,876,265.0
2629,2629.0,876,440.0
2630,2630.0,876,937.0
2631,2631.0,877,3.0
2632,2632.0,877,310.0
2633,2633.0,877,839.0
2634,2634.0,878,1095.0
2635,2635.0,878,423.0
2636,2636.0,878,1096.0
2637,2637.0,879,90.0
2638,2638.0,879,212.0
2639,2639.0,879,1097.0
2640,2640.0,880,230.0
2641,2641.0,880,1098.0
2642,2642.0,880,524.0
2643,2643.0,881,1099.0
2644,2644.0,881,321.0
2645,2645.0,881,396.0
2646,2646.0,882,293.0
2647,2647.0,882,405.0
2648,2648.0,882,679.0
2649,2649.0,883,63.0
2650,2650.0,883,99.0
2651,2651.0,883,659.0
2652,2652.0,884,219.0
2653,2653.0,884,187.0
2654,2654.0,884,875.0
2655,2655.0,885,440.0
2656,2656.0,885,668.0
2657,2657.0,885,1100.0
2658,2658.0,886,629.0
2659,2659.0,886,294.0
2660,2660.0,886,499.0
2661,2661.0,887,399.0
2662,2662.0,887,316.0
2663,2663.0,887,671.0
2664,2664.0,888,1040.0
2665,2665.0,888,631.0
2666,2666.0,888,1101.0
2667,2667.0,889,597.0
2668,2668.0,889,61.0
2669,2669.0,889,863.0
2670,2670.0,890,93.0
2671,2671.0,890,96.0
2672,2672.0,890,242.0
2673,2673.0,891,142.0
2674,2674.0,891,1102.0
2675,2675.0,891,1103.0
2676,2676.0,892,481.0
2677,2677.0,892,387.0
2678,2678.0,892,322.0
2679,2679.0,893,265.0
2680,2680.0,893,1104.0
2681,2681.0,893,1105.0
2682,2682.0,894,631.0
2683,2683.0,894,1106.0
2684,2684.0,894,1107.0
2685,2685.0,895,142.0
2686,2686.0,895,277.0
2687,2687.0,895,964.0
2688,2688.0,896,933.0
2689,2689.0,896,684.0
2690,2690.0,896,324.0
2691,2691.0,897,673.0
2692,2692.0,897,535.0
2693,2693.0,897,540.0
2694,2694.0,898,181.0
2695,2695.0,898,335.0
2696,2696.0,898,336.0
2697,2697.0,899,194.0
2698,2698.0,899,195.0
2699,2699.0,899,196.0
2700,2700.0,900,353.0
2701,2701.0,900,169.0
2702,2702.0,900,1108.0
2703,2703.0,901,171.0
2704,2704.0,901,416.0
2705,2705.0,901,857.0
2706,2706.0,902,168.0
2707,2707.0,902,712.0
2708,2708.0,902,277.0
2709,2709.0,903,85.0
2710,2710.0,903,88.0
2711,2711.0,903,871.0
2712,2712.0,904,575.0
2713,2713.0,904,614.0
2714,2714.0,904,525.0
2715,2715.0,905,338.0
2716,2716.0,905,283.0
2717,2717.0,905,1109.0
2718,2718.0,906,377.0
2719,2719.0,906,166.0
2720,2720.0,906,356.0
2721,2721.0,907,586.0
2722,2722.0,907,848.0
2723,2723.0,907,311.0
2724,2724.0,908,1110.0
2725,2725.0,908,184.0
2726,2726.0,908,1111.0
2727,2727.0,909,646.0
2728,2728.0,909,837.0
2729,2729.0,909,150.0
2730,2730.0,910,802.0
2731,2731.0,910,218.0
2732,2732.0,910,1112.0
2733,2733.0,911,502.0
2734,2734.0,911,144.0
2735,2735.0,911,1113.0
2736,2736.0,912,106.0
2737,2737.0,912,168.0
2738,2738.0,912,16.0
2739,2739.0,913,142.0
2740,2740.0,913,534.0
2741,2741.0,913,1114.0
2742,2742.0,914,105.0
2743,2743.0,914,760.0
2744,2744.0,914,1115.0
2745,2745.0,915,646.0
2746,2746.0,915,548.0
2747,2747.0,915,427.0
2748,2748.0,916,377.0
2749,2749.0,916,85.0
2750,2750.0,916,1116.0
2751,2751.0,917,629.0
2752,2752.0,917,169.0
2753,2753.0,917,1117.0
2754,2754.0,918,477.0
2755,2755.0,918,765.0
2756,2756.0,918,411.0
2757,2757.0,919,320.0
2758,2758.0,919,905.0
2759,2759.0,919,856.0
2760,2760.0,920,943.0
2761,2761.0,920,1118.0
2762,2762.0,920,1119.0
2763,2763.0,921,353.0
2764,2764.0,921,65.0
2765,2765.0,921,1048.0
2766,2766.0,922,228.0
2767,2767.0,922,904.0
2768,2768.0,922,1120.0
2769,2769.0,923,218.0
2770,2770.0,923,539.0
2771,2771.0,923,534.0
2772,2772.0,924,59.0
2773,2773.0,924,1121.0
2774,2774.0,924,945.0
2775,2775.0,925,166.0
2776,2776.0,925,553.0
2777,2777.0,925,989.0
2778,2778.0,926,180.0
2779,2779.0,926,1122.0
2780,2780.0,926,979.0
2781,2781.0,927,100.0
2782,2782.0,927,478.0
2783,2783.0,927,696.0
2784,2784.0,928,106.0
2785,2785.0,928,502.0
2786,2786.0,928,283.0
2787,2787.0,929,279.0
2788,2788.0,929,755.0
2789,2789.0,929,416.0
2790,2790.0,930,250.0
2791,2791.0,930,553.0
2792,2792.0,930,1123.0
2793,2793.0,931,105.0
2794,2794.0,931,1124.0
2795,2795.0,931,1125.0
2796,2796.0,932,261.0
2797,2797.0,932,330.0
2798,2798.0,932,849.0
2799,2799.0,933,137.0
2800,2800.0,933,94.0
2801,2801.0,933,1126.0
2802,2802.0,934,377.0
2803,2803.0,934,405.0
2804,2804.0,934,682.0
2805,2805.0,935,1127.0
2806,2806.0,935,412.0
2807,2807.0,935,1093.0
2808,2808.0,936,357.0
2809,2809.0,936,145.0
2810,2810.0,936,618.0
2811,2811.0,937,304.0
2812,2812.0,937,118.0
2813,2813.0,937,419.0
2814,2814.0,938,784.0
2815,2815.0,938,397.0
2816,2816.0,938,1128.0
2817,2817.0,939,1129.0
2818,2818.0,939,457.0
2819,2819.0,939,517.0
2820,2820.0,940,198.0
2821,2821.0,940,353.0
2822,2822.0,940,128.0
2823,2823.0,941,1130.0
2824,2824.0,941,1034.0
2825,2825.0,941,1051.0
2826,2826.0,942,1131.0
2827,2827.0,942,144.0
2828,2828.0,942,1.0
2829,2829.0,943,125.0
2830,2830.0,943,333.0
2831,2831.0,943,1132.0
2832,2832.0,944,895.0
2833,2833.0,944,628.0
2834,2834.0,944,427.0
2835,2835.0,945,485.0
2836,2836.0,945,552.0
2837,2837.0,945,950.0
2838,2838.0,946,357.0
2839,2839.0,946,597.0
2840,2840.0,946,1133.0
2841,2841.0,947,722.0
2842,2842.0,947,145.0
2843,2843.0,947,811.0
2844,2844.0,948,191.0
2845,2845.0,948,628.0
2846,2846.0,948,1134.0
2847,2847.0,949,1049.0
2848,2848.0,949,1050.0
2849,2849.0,949,631.0
2850,2850.0,950,193.0
2851,2851.0,950,31.0
2852,2852.0,950,912.0
2853,2853.0,951,50.0
2854,2854.0,951,1135.0
2855,2855.0,951,1136.0
2856,2856.0,952,195.0
2857,2857.0,952,1137.0
2858,2858.0,952,1138.0
2859,2859.0,953,1139.0
2860,2860.0,953,1140.0
2861,2861.0,953,1141.0
2862,2862.0,954,679.0
2863,2863.0,954,21.0
2864,2864.0,954,625.0
2865,2865.0,955,198.0
2866,2866.0,955,58.0
2867,2867.0,955,1142.0
2868,2868.0,956,622.0
2869,2869.0,956,495.0
2870,2870.0,956,1143.0
2871,2871.0,957,277.0
2872,2872.0,957,947.0
2873,2873.0,957,881.0
2874,2874.0,958,477.0
2875,2875.0,958,402.0
2876,2876.0,958,828.0
2877,2877.0,959,980.0
2878,2878.0,959,10.0
2879,2879.0,959,1144.0
2880,2880.0,960,336.0
2881,2881.0,960,1145.0
2882,2882.0,960,1146.0
2883,2883.0,961,63.0
2884,2884.0,961,1147.0
2885,2885.0,961,226.0
2886,2886.0,962,802.0
2887,2887.0,962,1148.0
2888,2888.0,962,287.0
2889,2889.0,963,1149.0
2890,2890.0,963,1150.0
2891,2891.0,963,638.0
2892,2892.0,964,171.0
2893,2893.0,964,1024.0
2894,2894.0,964,203.0
2895,2895.0,965,485.0
2896,2896.0,965,681.0
2897,2897.0,965,1151.0
2898,2898.0,966,94.0
2899,2899.0,966,52.0
2900,2900.0,966,1152.0
2901,2901.0,967,353.0
2902,2902.0,967,69.0
2903,2903.0,967,1153.0
2904,2904.0,968,426.0
2905,2905.0,968,1154.0
2906,2906.0,968,989.0
2907,2907.0,969,489.0
2908,2908.0,969,365.0
2909,2909.0,969,553.0
2910,2910.0,970,1083.0
2911,2911.0,970,1155.0
2912,2912.0,970,634.0
2913,2913.0,971,299.0
2914,2914.0,971,271.0
2915,2915.0,971,1156.0
2916,2916.0,972,1157.0
2917,2917.0,972,492.0
2918,2918.0,972,1158.0
2919,2919.0,973,265.0
2920,2920.0,973,474.0
2921,2921.0,973,193.0
2922,2922.0,974,895.0
2923,2923.0,974,991.0
2924,2924.0,974,1159.0
2925,2925.0,975,765.0
2926,2926.0,975,59.0
2927,2927.0,975,1160.0
2928,2928.0,976,230.0
2929,2929.0,976,1161.0
2930,2930.0,976,81.0
2931,2931.0,977,1162.0
2932,2932.0,977,668.0
2933,2933.0,977,103.0
2934,2934.0,978,180.0
2935,2935.0,978,1159.0
2936,2936.0,978,55.0
2937,2937.0,979,218.0
2938,2938.0,979,1163.0
2939,2939.0,979,1164.0
2940,2940.0,980,31.0
2941,2941.0,980,62.0
2942,2942.0,980,943.0
2943,2943.0,981,46.0
2944,2944.0,981,1165.0
2945,2945.0,981,1166.0
2946,2946.0,982,250.0
2947,2947.0,982,427.0
2948,2948.0,982,165.0
2949,2949.0,983,59.0
2950,2950.0,983,552.0
2951,2951.0,983,1167.0
2952,2952.0,984,104.0
2953,2953.0,984,399.0
2954,2954.0,984,1168.0
2955,2955.0,985,622.0
2956,2956.0,985,279.0
2957,2957.0,985,1169.0
2958,2958.0,986,514.0
2959,2959.0,986,17.0
2960,2960.0,986,261.0
2961,2961.0,987,6.0
2962,2962.0,987,59.0
2963,2963.0,987,89.0
2964,2964.0,988,265.0
2965,2965.0,988,279.0
2966,2966.0,988,1170.0
2967,2967.0,989,1171.0
2968,2968.0,989,1172.0
2969,2969.0,989,1173.0
2970,2970.0,990,485.0
2971,2971.0,990,11.0
2972,2972.0,990,679.0
2973,2973.0,991,59.0
2974,2974.0,991,597.0
2975,2975.0,991,290.0
2976,2976.0,992,5.0
2977,2977.0,992,788.0
2978,2978.0,992,515.0
2979,2979.0,993,1174.0
2980,2980.0,993,569.0
2981,2981.0,993,1175.0
2982,2982.0,994,212.0
2983,2983.0,994,1176.0
2984,2984.0,994,567.0
2985,2985.0,995,1177.0
2986,2986.0,995,1178.0
2987,2987.0,995,464.0
2988,2988.0,996,338.0
2989,2989.0,996,497.0
2990,2990.0,996,340.0
2991,2991.0,997,251.0
2992,2992.0,997,94.0
2993,2993.0,997,377.0
2994,2994.0,998,94.0
2995,2995.0,998,416.0
2996,2996.0,998,604.0
2997,2997.0,999,674.0
2998,2998.0,999,717.0
2999,2999.0,999,80.0
3000,3000.0,1000,228.0
3001,3001.0,1000,1179.0
3002,3002.0,1000,36.0
3003,3003.0,1001,1180.0
3004,3004.0,1001,853.0
3005,3005.0,1001,1041.0
3006,3006.0,1002,163.0
3007,3007.0,1002,490.0
3008,3008.0,1002,319.0
3009,3009.0,1003,1181.0
3010,3010.0,1003,1182.0
3011,3011.0,1003,1183.0
3012,3012.0,1004,1184.0
3013,3013.0,1004,283.0
3014,3014.0,1004,53.0
3015,3015.0,1005,357.0
3016,3016.0,1005,274.0
3017,3017.0,1005,1185.0
3018,3018.0,1006,125.0
3019,3019.0,1006,761.0
3020,3020.0,1006,1186.0
3021,3021.0,1007,5.0
3022,3022.0,1007,306.0
3023,3023.0,1007,1187.0
3024,3024.0,1008,185.0
3025,3025.0,1008,1188.0
3026,3026.0,1008,1189.0
3027,3027.0,1009,477.0
3028,3028.0,1009,183.0
3029,3029.0,1009,1190.0
3030,3030.0,1010,411.0
3031,3031.0,1010,181.0
3032,3032.0,1010,728.0
3033,3033.0,1011,1191.0
3034,3034.0,1011,1192.0
3035,3035.0,1011,1193.0
3036,3036.0,1012,198.0
3037,3037.0,1012,85.0
3038,3038.0,1012,1004.0
3039,3039.0,1013,263.0
3040,3040.0,1013,11.0
3041,3041.0,1013,407.0
3042,3042.0,1014,712.0
3043,3043.0,1014,286.0
3044,3044.0,1014,1194.0
3045,3045.0,1015,92.0
3046,3046.0,1015,31.0
3047,3047.0,1015,1195.0
3048,3048.0,1016,890.0
3049,3049.0,1016,77.0
3050,3050.0,1016,254.0
3051,3051.0,1017,992.0
3052,3052.0,1017,162.0
3053,3053.0,1017,591.0
3054,3054.0,1018,784.0
3055,3055.0,1018,1196.0
3056,3056.0,1018,397.0
3057,3057.0,1019,54.0
3058,3058.0,1019,9.0
3059,3059.0,1019,567.0
3060,3060.0,1020,250.0
3061,3061.0,1020,728.0
3062,3062.0,1020,1197.0
3063,3063.0,1021,198.0
3064,3064.0,1021,870.0
3065,3065.0,1021,284.0
3066,3066.0,1022,142.0
3067,3067.0,1022,535.0
3068,3068.0,1022,383.0
3069,3069.0,1023,1198.0
3070,3070.0,1023,1199.0
3071,3071.0,1023,1200.0
3072,3072.0,1024,469.0
3073,3073.0,1024,752.0
3074,3074.0,1024,1064.0
3075,3075.0,1025,294.0
3076,3076.0,1025,755.0
3077,3077.0,1025,574.0
3078,3078.0,1026,405.0
3079,3079.0,1026,327.0
3080,3080.0,1026,1201.0
3081,3081.0,1027,489.0
3082,3082.0,1027,1032.0
3083,3083.0,1027,1202.0
3084,3084.0,1028,1203.0
3085,3085.0,1028,1204.0
3086,3086.0,1028,1205.0
3087,3087.0,1029,1206.0
3088,3088.0,1029,1207.0
3089,3089.0,1029,656.0
3090,3090.0,1030,646.0
3091,3091.0,1030,123.0
3092,3092.0,1030,1208.0
3093,3093.0,1031,646.0
3094,3094.0,1031,1209.0
3095,3095.0,1031,196.0
3096,3096.0,1032,646.0
3097,3097.0,1032,79.0
3098,3098.0,1032,439.0
3099,3099.0,1033,752.0
3100,3100.0,1033,338.0
3101,3101.0,1033,651.0
3102,3102.0,1034,384.0
3103,3103.0,1034,833.0
3104,3104.0,1034,834.0
3105,3105.0,1035,47.0
3106,3106.0,1035,123.0
3107,3107.0,1035,83.0
3108,3108.0,1036,477.0
3109,3109.0,1036,890.0
3110,3110.0,1036,1210.0
3111,3111.0,1037,142.0
3112,3112.0,1037,1068.0
3113,3113.0,1037,616.0
3114,3114.0,1038,303.0
3115,3115.0,1038,492.0
3116,3116.0,1038,543.0
3117,3117.0,1039,1211.0
3118,3118.0,1039,1212.0
3119,3119.0,1039,530.0
3120,3120.0,1040,80.0
3121,3121.0,1040,945.0
3122,3122.0,1040,1213.0
3123,3123.0,1041,250.0
3124,3124.0,1041,1197.0
3125,3125.0,1041,419.0
3126,3126.0,1042,1214.0
3127,3127.0,1042,1215.0
3128,3128.0,1042,1216.0
3129,3129.0,1043,426.0
3130,3130.0,1043,509.0
3131,3131.0,1043,10.0
3132,3132.0,1044,162.0
3133,3133.0,1044,227.0
3134,3134.0,1044,1217.0
3135,3135.0,1045,76.0
3136,3136.0,1045,1218.0
3137,3137.0,1045,1138.0
3138,3138.0,1046,646.0
3139,3139.0,1046,477.0
3140,3140.0,1046,1219.0
3141,3141.0,1047,548.0
3142,3142.0,1047,46.0
3143,3143.0,1047,559.0
3144,3144.0,1048,575.0
3145,3145.0,1048,416.0
3146,3146.0,1048,1220.0
3147,3147.0,1049,125.0
3148,3148.0,1049,930.0
3149,3149.0,1049,1221.0
3150,3150.0,1050,870.0
3151,3151.0,1050,1222.0
3152,3152.0,1050,1223.0
3153,3153.0,1051,77.0
3154,3154.0,1051,117.0
3155,3155.0,1051,1224.0
3156,3156.0,1052,477.0
3157,3157.0,1052,1225.0
3158,3158.0,1052,1226.0
3159,3159.0,1053,100.0
3160,3160.0,1053,2.0
3161,3161.0,1053,1227.0
3162,3162.0,1054,573.0
3163,3163.0,1054,175.0
3164,3164.0,1054,1228.0
3165,3165.0,1055,37.0
3166,3166.0,1055,867.0
3167,3167.0,1055,169.0
3168,3168.0,1056,869.0
3169,3169.0,1056,1229.0
3170,3170.0,1056,905.0
3171,3171.0,1057,193.0
3172,3172.0,1057,1230.0
3173,3173.0,1057,1231.0
3174,3174.0,1058,27.0
3175,3175.0,1058,193.0
3176,3176.0,1058,1232.0
3177,3177.0,1059,870.0
3178,3178.0,1059,1004.0
3179,3179.0,1059,460.0
3180,3180.0,1060,757.0
3181,3181.0,1060,1201.0
3182,3182.0,1060,80.0
3183,3183.0,1061,5.0
3184,3184.0,1061,740.0
3185,3185.0,1061,910.0
3186,3186.0,1062,31.0
3187,3187.0,1062,1233.0
3188,3188.0,1062,1234.0
3189,3189.0,1063,3.0
3190,3190.0,1063,1059.0
3191,3191.0,1063,248.0
3192,3192.0,1064,489.0
3193,3193.0,1064,387.0
3194,3194.0,1064,595.0
3195,3195.0,1065,171.0
3196,3196.0,1065,1235.0
3197,3197.0,1065,1236.0
3198,3198.0,1066,1237.0
3199,3199.0,1066,1238.0
3200,3200.0,1066,1239.0
3201,3201.0,1067,377.0
3202,3202.0,1067,679.0
3203,3203.0,1067,1240.0
3204,3204.0,1068,48.0
3205,3205.0,1068,534.0
3206,3206.0,1068,268.0
3207,3207.0,1069,1241.0
3208,3208.0,1069,1242.0
3209,3209.0,1069,1243.0
3210,3210.0,1070,622.0
3211,3211.0,1070,1143.0
3212,3212.0,1070,1036.0
3213,3213.0,1071,405.0
3214,3214.0,1071,586.0
3215,3215.0,1071,1244.0
3216,3216.0,1072,1190.0
3217,3217.0,1072,854.0
3218,3218.0,1072,1245.0
3219,3219.0,1073,629.0
3220,3220.0,1073,355.0
3221,3221.0,1073,379.0
3222,3222.0,1074,1246.0
3223,3223.0,1074,1247.0
3224,3224.0,1074,1248.0
3225,3225.0,1075,97.0
3226,3226.0,1075,12.0
3227,3227.0,1075,1187.0
3228,3228.0,1076,42.0
3229,3229.0,1076,1249.0
3230,3230.0,1076,490.0
3231,3231.0,1077,1250.0
3232,3232.0,1077,123.0
3233,3233.0,1077,1251.0
3234,3234.0,1078,646.0
3235,3235.0,1078,629.0
3236,3236.0,1078,228.0
3237,3237.0,1079,1252.0
3238,3238.0,1079,1253.0
3239,3239.0,1079,1254.0
3240,3240.0,1080,985.0
3241,3241.0,1080,1255.0
3242,3242.0,1080,1256.0
3243,3243.0,1081,63.0
3244,3244.0,1081,62.0
3245,3245.0,1081,38.0
3246,3246.0,1082,299.0
3247,3247.0,1082,1257.0
3248,3248.0,1082,912.0
3249,3249.0,1083,103.0
3250,3250.0,1083,437.0
3251,3251.0,1083,1258.0
3252,3252.0,1084,980.0
3253,3253.0,1084,1259.0
3254,3254.0,1084,1109.0
3255,3255.0,1085,412.0
3256,3256.0,1085,917.0
3257,3257.0,1085,1260.0
3258,3258.0,1086,1261.0
3259,3259.0,1086,1262.0
3260,3260.0,1086,1263.0
3261,3261.0,1087,575.0
3262,3262.0,1087,150.0
3263,3263.0,1087,955.0
3264,3264.0,1088,535.0
3265,3265.0,1088,776.0
3266,3266.0,1088,377.0
3267,3267.0,1089,1264.0
3268,3268.0,1089,1265.0
3269,3269.0,1089,1266.0
3270,3270.0,1090,353.0
3271,3271.0,1090,1267.0
3272,3272.0,1090,43.0
3273,3273.0,1091,275.0
3274,3274.0,1091,685.0
3275,3275.0,1091,1268.0
3276,3276.0,1092,115.0
3277,3277.0,1092,294.0
3278,3278.0,1092,1269.0
3279,3279.0,1093,1266.0
3280,3280.0,1093,419.0
3281,3281.0,1093,1270.0
3282,3282.0,1094,1271.0
3283,3283.0,1094,850.0
3284,3284.0,1094,1272.0
3285,3285.0,1095,786.0
3286,3286.0,1095,634.0
3287,3287.0,1095,443.0
3288,3288.0,1096,228.0
3289,3289.0,1096,1273.0
3290,3290.0,1096,1274.0
3291,3291.0,1097,100.0
3292,3292.0,1097,755.0
3293,3293.0,1097,1275.0
3294,3294.0,1098,72.0
3295,3295.0,1098,1276.0
3296,3296.0,1098,509.0
3297,3297.0,1099,1277.0
3298,3298.0,1099,328.0
3299,3299.0,1099,428.0
3300,3300.0,1100,1250.0
3301,3301.0,1100,936.0
3302,3302.0,1100,879.0
3303,3303.0,1101,1277.0
3304,3304.0,1101,1278.0
3305,3305.0,1101,1279.0
3306,3306.0,1102,27.0
3307,3307.0,1102,303.0
3308,3308.0,1102,1280.0
3309,3309.0,1103,125.0
3310,3310.0,1103,46.0
3311,3311.0,1103,1281.0
3312,3312.0,1104,212.0
3313,3313.0,1104,668.0
3314,3314.0,1104,1282.0
3315,3315.0,1105,481.0
3316,3316.0,1105,106.0
3317,3317.0,1105,379.0
3318,3318.0,1106,489.0
3319,3319.0,1106,1032.0
3320,3320.0,1106,1283.0
3321,3321.0,1107,485.0
3322,3322.0,1107,305.0
3323,3323.0,1107,220.0
3324,3324.0,1108,1284.0
3325,3325.0,1108,1285.0
3326,3326.0,1108,1286.0
3327,3327.0,1109,905.0
3328,3328.0,1109,659.0
3329,3329.0,1109,510.0
3330,3330.0,1110,239.0
3331,3331.0,1110,1287.0
3332,3332.0,1110,1288.0
3333,3333.0,1111,109.0
3334,3334.0,1111,24.0
3335,3335.0,1111,1012.0
3336,3336.0,1112,761.0
3337,3337.0,1112,1230.0
3338,3338.0,1112,632.0
3339,3339.0,1113,426.0
3340,3340.0,1113,552.0
3341,3341.0,1113,936.0
3342,3342.0,1114,163.0
3343,3343.0,1114,416.0
3344,3344.0,1114,1289.0
3345,3345.0,1115,196.0
3346,3346.0,1115,663.0
3347,3347.0,1115,886.0
3348,3348.0,1116,168.0
3349,3349.0,1116,1290.0
3350,3350.0,1116,628.0
3351,3351.0,1117,1291.0
3352,3352.0,1117,1292.0
3353,3353.0,1117,244.0
3354,3354.0,1118,490.0
3355,3355.0,1118,235.0
3356,3356.0,1118,328.0
3357,3357.0,1119,144.0
3358,3358.0,1119,502.0
3359,3359.0,1119,1293.0
3360,3360.0,1120,646.0
3361,3361.0,1120,947.0
3362,3362.0,1120,1294.0
3363,3363.0,1121,320.0
3364,3364.0,1121,1295.0
3365,3365.0,1121,1296.0
3366,3366.0,1122,251.0
3367,3367.0,1122,668.0
3368,3368.0,1122,283.0
3369,3369.0,1123,195.0
3370,3370.0,1123,1297.0
3371,3371.0,1123,78.0
3372,3372.0,1124,426.0
3373,3373.0,1124,296.0
3374,3374.0,1124,1298.0
3375,3375.0,1125,1299.0
3376,3376.0,1125,1300.0
3377,3377.0,1125,1301.0
3378,3378.0,1126,366.0
3379,3379.0,1126,684.0
3380,3380.0,1126,1302.0
3381,3381.0,1127,1303.0
3382,3382.0,1127,416.0
3383,3383.0,1127,863.0
3384,3384.0,1128,1304.0
3385,3385.0,1128,92.0
3386,3386.0,1128,1305.0
3387,3387.0,1129,784.0
3388,3388.0,1129,943.0
3389,3389.0,1129,731.0
3390,3390.0,1130,158.0
3391,3391.0,1130,1306.0
3392,3392.0,1130,1307.0
3393,3393.0,1131,1308.0
3394,3394.0,1131,1309.0
3395,3395.0,1131,1310.0
3396,3396.0,1132,499.0
3397,3397.0,1132,11.0
3398,3398.0,1132,1311.0
3399,3399.0,1133,481.0
3400,3400.0,1133,182.0
3401,3401.0,1133,1312.0
3402,3402.0,1134,1289.0
3403,3403.0,1134,543.0
3404,3404.0,1134,1313.0
3405,3405.0,1135,228.0
3406,3406.0,1135,462.0
3407,3407.0,1135,1314.0
3408,3408.0,1136,163.0
3409,3409.0,1136,1315.0
3410,3410.0,1136,1316.0
3411,3411.0,1137,779.0
3412,3412.0,1137,1317.0
3413,3413.0,1137,1318.0
3414,3414.0,1138,17.0
3415,3415.0,1138,154.0
3416,3416.0,1138,1319.0
3417,3417.0,1139,32.0
3418,3418.0,1139,1320.0
3419,3419.0,1139,380.0
3420,3420.0,1140,1321.0
3421,3421.0,1140,1084.0
3422,3422.0,1140,1322.0
3423,3423.0,1141,1323.0
3424,3424.0,1141,1324.0
3425,3425.0,1141,618.0
3426,3426.0,1142,1325.0
3427,3427.0,1142,1326.0
3428,3428.0,1142,1327.0
3429,3429.0,1143,149.0
3430,3430.0,1143,1328.0
3431,3431.0,1143,1329.0
3432,3432.0,1144,137.0
3433,3433.0,1144,1330.0
3434,3434.0,1144,640.0
3435,3435.0,1145,299.0
3436,3436.0,1145,1331.0
3437,3437.0,1145,732.0
3438,3438.0,1146,0.0
3439,3439.0,1146,986.0
3440,3440.0,1146,368.0
3441,3441.0,1147,94.0
3442,3442.0,1147,360.0
3443,3443.0,1147,60.0
3444,3444.0,1148,1332.0
3445,3445.0,1148,1333.0
3446,3446.0,1148,1334.0
3447,3447.0,1149,9.0
3448,3448.0,1149,671.0
3449,3449.0,1149,37.0
3450,3450.0,1150,426.0
3451,3451.0,1150,96.0
3452,3452.0,1150,892.0
3453,3453.0,1151,46.0
3454,3454.0,1151,1303.0
3455,3455.0,1151,723.0
3456,3456.0,1152,409.0
3457,3457.0,1152,1094.0
3458,3458.0,1152,909.0
3459,3459.0,1153,65.0
3460,3460.0,1153,416.0
3461,3461.0,1153,1335.0
3462,3462.0,1154,1336.0
3463,3463.0,1154,1337.0
3464,3464.0,1154,1338.0
3465,3465.0,1155,365.0
3466,3466.0,1155,319.0
3467,3467.0,1155,1339.0
3468,3468.0,1156,218.0
3469,3469.0,1156,426.0
3470,3470.0,1156,193.0
3471,3471.0,1157,360.0
3472,3472.0,1157,820.0
3473,3473.0,1157,757.0
3474,3474.0,1158,85.0
3475,3475.0,1158,12.0
3476,3476.0,1158,413.0
3477,3477.0,1159,99.0
3478,3478.0,1159,410.0
3479,3479.0,1159,1064.0
3480,3480.0,1160,1072.0
3481,3481.0,1160,625.0
3482,3482.0,1160,1340.0
3483,3483.0,1161,382.0
3484,3484.0,1161,51.0
3485,3485.0,1161,697.0
3486,3486.0,1162,27.0
3487,3487.0,1162,668.0
3488,3488.0,1162,405.0
3489,3489.0,1163,573.0
3490,3490.0,1163,1341.0
3491,3491.0,1163,1342.0
3492,3492.0,1164,1343.0
3493,3493.0,1164,1344.0
3494,3494.0,1164,933.0
3495,3495.0,1165,409.0
3496,3496.0,1165,1094.0
3497,3497.0,1165,892.0
3498,3498.0,1166,377.0
3499,3499.0,1166,760.0
3500,3500.0,1166,1345.0
3501,3501.0,1167,11.0
3502,3502.0,1167,848.0
3503,3503.0,1167,275.0
3504,3504.0,1168,629.0
3505,3505.0,1168,37.0
3506,3506.0,1168,86.0
3507,3507.0,1169,1346.0
3508,3508.0,1169,1347.0
3509,3509.0,1169,125.0
3510,3510.0,1170,353.0
3511,3511.0,1170,73.0
3512,3512.0,1170,306.0
3513,3513.0,1171,142.0
3514,3514.0,1171,991.0
3515,3515.0,1171,1348.0
3516,3516.0,1172,104.0
3517,3517.0,1172,723.0
3518,3518.0,1172,1349.0
3519,3519.0,1173,481.0
3520,3520.0,1173,76.0
3521,3521.0,1173,755.0
3522,3522.0,1174,760.0
3523,3523.0,1174,1004.0
3524,3524.0,1174,1350.0
3525,3525.0,1175,531.0
3526,3526.0,1175,831.0
3527,3527.0,1175,1351.0
3528,3528.0,1176,90.0
3529,3529.0,1176,932.0
3530,3530.0,1176,987.0
3531,3531.0,1177,399.0
3532,3532.0,1177,1352.0
3533,3533.0,1177,765.0
3534,3534.0,1178,174.0
3535,3535.0,1178,415.0
3536,3536.0,1178,728.0
3537,3537.0,1179,356.0
3538,3538.0,1179,867.0
3539,3539.0,1179,1353.0
3540,3540.0,1180,73.0
3541,3541.0,1180,60.0
3542,3542.0,1180,756.0
3543,3543.0,1181,171.0
3544,3544.0,1181,46.0
3545,3545.0,1181,11.0
3546,3546.0,1182,363.0
3547,3547.0,1182,1354.0
3548,3548.0,1182,1355.0
3549,3549.0,1183,106.0
3550,3550.0,1183,646.0
3551,3551.0,1183,1010.0
3552,3552.0,1184,1291.0
3553,3553.0,1184,383.0
3554,3554.0,1184,1356.0
3555,3555.0,1185,196.0
3556,3556.0,1185,383.0
3557,3557.0,1185,1357.0
3558,3558.0,1186,1358.0
3559,3559.0,1186,1359.0
3560,3560.0,1186,1360.0
3561,3561.0,1187,99.0
3562,3562.0,1187,344.0
3563,3563.0,1187,1115.0
3564,3564.0,1188,94.0
3565,3565.0,1188,628.0
3566,3566.0,1188,1017.0
3567,3567.0,1189,502.0
3568,3568.0,1189,868.0
3569,3569.0,1189,904.0
3570,3570.0,1190,784.0
3571,3571.0,1190,870.0
3572,3572.0,1190,548.0
3573,3573.0,1191,1361.0
3574,3574.0,1191,16.0
3575,3575.0,1191,574.0
3576,3576.0,1192,1362.0
3577,3577.0,1192,1363.0
3578,3578.0,1192,543.0
3579,3579.0,1193,863.0
3580,3580.0,1193,408.0
3581,3581.0,1193,1364.0
3582,3582.0,1194,218.0
3583,3583.0,1194,885.0
3584,3584.0,1194,1095.0
3585,3585.0,1195,250.0
3586,3586.0,1195,492.0
3587,3587.0,1195,1365.0
3588,3588.0,1196,77.0
3589,3589.0,1196,9.0
3590,3590.0,1196,10.0
3591,3591.0,1197,242.0
3592,3592.0,1197,800.0
3593,3593.0,1197,122.0
3594,3594.0,1198,162.0
3595,3595.0,1198,1366.0
3596,3596.0,1198,1077.0
3597,3597.0,1199,1367.0
3598,3598.0,1199,1368.0
3599,3599.0,1199,1369.0
3600,3600.0,1200,1308.0
3601,3601.0,1200,1370.0
3602,3602.0,1200,1371.0
3603,3603.0,1201,1372.0
3604,3604.0,1201,243.0
3605,3605.0,1201,256.0
3606,3606.0,1202,602.0
3607,3607.0,1202,1373.0
3608,3608.0,1202,993.0
3609,3609.0,1203,3.0
3610,3610.0,1203,311.0
3611,3611.0,1203,1245.0
3612,3612.0,1204,191.0
3613,3613.0,1204,426.0
3614,3614.0,1204,1374.0
3615,3615.0,1205,802.0
3616,3616.0,1205,1375.0
3617,3617.0,1205,98.0
3618,3618.0,1206,803.0
3619,3619.0,1206,310.0
3620,3620.0,1206,1376.0
3621,3621.0,1207,623.0
3622,3622.0,1207,588.0
3623,3623.0,1207,1377.0
3624,3624.0,1208,659.0
3625,3625.0,1208,1378.0
3626,3626.0,1208,1379.0
3627,3627.0,1209,353.0
3628,3628.0,1209,673.0
3629,3629.0,1209,460.0
3630,3630.0,1210,78.0
3631,3631.0,1210,21.0
3632,3632.0,1210,925.0
3633,3633.0,1211,416.0
3634,3634.0,1211,1380.0
3635,3635.0,1211,275.0
3636,3636.0,1212,761.0
3637,3637.0,1212,1381.0
3638,3638.0,1212,1382.0
3639,3639.0,1213,1383.0
3640,3640.0,1213,1384.0
3641,3641.0,1213,1385.0
3642,3642.0,1214,1386.0
3643,3643.0,1214,1387.0
3644,3644.0,1214,996.0
3645,3645.0,1215,784.0
3646,3646.0,1215,848.0
3647,3647.0,1215,1388.0
3648,3648.0,1216,405.0
3649,3649.0,1216,947.0
3650,3650.0,1216,1389.0
3651,3651.0,1217,154.0
3652,3652.0,1217,238.0
3653,3653.0,1217,1390.0
3654,3654.0,1218,154.0
3655,3655.0,1218,1304.0
3656,3656.0,1218,919.0
3657,3657.0,1219,1343.0
3658,3658.0,1219,1344.0
3659,3659.0,1219,933.0
3660,3660.0,1220,228.0
3661,3661.0,1220,473.0
3662,3662.0,1220,1010.0
3663,3663.0,1221,241.0
3664,3664.0,1221,890.0
3665,3665.0,1221,1252.0
3666,3666.0,1222,196.0
3667,3667.0,1222,867.0
3668,3668.0,1222,1366.0
3669,3669.0,1223,890.0
3670,3670.0,1223,470.0
3671,3671.0,1223,918.0
3672,3672.0,1224,1391.0
3673,3673.0,1224,1392.0
3674,3674.0,1224,1393.0
3675,3675.0,1225,947.0
3676,3676.0,1225,482.0
3677,3677.0,1225,1290.0
3678,3678.0,1226,31.0
3679,3679.0,1226,614.0
3680,3680.0,1226,590.0
3681,3681.0,1227,405.0
3682,3682.0,1227,1394.0
3683,3683.0,1227,1395.0
3684,3684.0,1228,94.0
3685,3685.0,1228,383.0
3686,3686.0,1228,1396.0
3687,3687.0,1229,871.0
3688,3688.0,1229,182.0
3689,3689.0,1229,250.0
3690,3690.0,1230,305.0
3691,3691.0,1230,1397.0
3692,3692.0,1230,997.0
3693,3693.0,1231,1398.0
3694,3694.0,1231,99.0
3695,3695.0,1231,426.0
3696,3696.0,1232,577.0
3697,3697.0,1232,125.0
3698,3698.0,1232,1072.0
3699,3699.0,1233,1000.0
3700,3700.0,1233,1399.0
3701,3701.0,1233,1400.0
3702,3702.0,1234,869.0
3703,3703.0,1234,328.0
3704,3704.0,1234,1401.0
3705,3705.0,1235,1402.0
3706,3706.0,1235,1403.0
3707,3707.0,1235,524.0
3708,3708.0,1236,1249.0
3709,3709.0,1236,1404.0
3710,3710.0,1236,1405.0
3711,3711.0,1237,360.0
3712,3712.0,1237,471.0
3713,3713.0,1237,678.0
3714,3714.0,1238,866.0
3715,3715.0,1238,241.0
3716,3716.0,1238,847.0
3717,3717.0,1239,1406.0
3718,3718.0,1239,1407.0
3719,3719.0,1239,849.0
3720,3720.0,1240,261.0
3721,3721.0,1240,65.0
3722,3722.0,1240,293.0
3723,3723.0,1241,191.0
3724,3724.0,1241,182.0
3725,3725.0,1241,537.0
3726,3726.0,1242,651.0
3727,3727.0,1242,861.0
3728,3728.0,1242,120.0
3729,3729.0,1243,715.0
3730,3730.0,1243,481.0
3731,3731.0,1243,1408.0
3732,3732.0,1244,673.0
3733,3733.0,1244,85.0
3734,3734.0,1244,1196.0
3735,3735.0,1245,1.0
3736,3736.0,1245,1409.0
3737,3737.0,1245,1410.0
3738,3738.0,1246,1411.0
3739,3739.0,1246,616.0
3740,3740.0,1246,11.0
3741,3741.0,1247,481.0
3742,3742.0,1247,17.0
3743,3743.0,1247,1003.0
3744,3744.0,1248,241.0
3745,3745.0,1248,1412.0
3746,3746.0,1248,1413.0
3747,3747.0,1249,1414.0
3748,3748.0,1249,1004.0
3749,3749.0,1249,1415.0
3750,3750.0,1250,752.0
3751,3751.0,1250,139.0
3752,3752.0,1250,795.0
3753,3753.0,1251,1416.0
3754,3754.0,1251,1252.0
3755,3755.0,1251,1417.0
3756,3756.0,1252,16.0
3757,3757.0,1252,1418.0
3758,3758.0,1252,1419.0
3759,3759.0,1253,1174.0
3760,3760.0,1253,193.0
3761,3761.0,1253,228.0
3762,3762.0,1254,489.0
3763,3763.0,1254,1295.0
3764,3764.0,1254,1420.0
3765,3765.0,1255,59.0
3766,3766.0,1255,115.0
3767,3767.0,1255,1421.0
3768,3768.0,1256,469.0
3769,3769.0,1256,279.0
3770,3770.0,1256,1422.0
3771,3771.0,1257,198.0
3772,3772.0,1257,629.0
3773,3773.0,1257,1418.0
3774,3774.0,1258,183.0
3775,3775.0,1258,1312.0
3776,3776.0,1258,973.0
3777,3777.0,1259,1423.0
3778,3778.0,1259,993.0
3779,3779.0,1259,555.0
3780,3780.0,1260,381.0
3781,3781.0,1260,1424.0
3782,3782.0,1260,1425.0
3783,3783.0,1261,1426.0
3784,3784.0,1261,1427.0
3785,3785.0,1261,951.0
3786,3786.0,1262,306.0
3787,3787.0,1262,885.0
3788,3788.0,1262,1428.0
3789,3789.0,1263,405.0
3790,3790.0,1263,1034.0
3791,3791.0,1263,258.0
3792,3792.0,1264,271.0
3793,3793.0,1264,1266.0
3794,3794.0,1264,1194.0
3795,3795.0,1265,1229.0
3796,3796.0,1265,1065.0
3797,3797.0,1265,849.0
3798,3798.0,1266,203.0
3799,3799.0,1266,227.0
3800,3800.0,1266,1429.0
3801,3801.0,1267,251.0
3802,3802.0,1267,405.0
3803,3803.0,1267,1430.0
3804,3804.0,1268,193.0
3805,3805.0,1268,1431.0
3806,3806.0,1268,1432.0
3807,3807.0,1269,1433.0
3808,3808.0,1269,1434.0
3809,3809.0,1269,1435.0
3810,3810.0,1270,1436.0
3811,3811.0,1270,1437.0
3812,3812.0,1270,1438.0
3813,3813.0,1271,235.0
3814,3814.0,1271,174.0
3815,3815.0,1271,1005.0
3816,3816.0,1272,604.0
3817,3817.0,1272,831.0
3818,3818.0,1272,1324.0
3819,3819.0,1273,1439.0
3820,3820.0,1273,1440.0
3821,3821.0,1273,1328.0
3822,3822.0,1274,694.0
3823,3823.0,1274,663.0
3824,3824.0,1274,1441.0
3825,3825.0,1275,522.0
3826,3826.0,1275,904.0
3827,3827.0,1275,42.0
3828,3828.0,1276,195.0
3829,3829.0,1276,1442.0
3830,3830.0,1276,1409.0
3831,3831.0,1277,655.0
3832,3832.0,1277,979.0
3833,3833.0,1277,241.0
3834,3834.0,1278,597.0
3835,3835.0,1278,1443.0
3836,3836.0,1278,72.0
3837,3837.0,1279,1129.0
3838,3838.0,1279,1444.0
3839,3839.0,1279,115.0
3840,3840.0,1280,82.0
3841,3841.0,1280,1445.0
3842,3842.0,1280,257.0
3843,3843.0,1281,1073.0
3844,3844.0,1281,183.0
3845,3845.0,1281,1096.0
3846,3846.0,1282,784.0
3847,3847.0,1282,157.0
3848,3848.0,1282,1446.0
3849,3849.0,1283,605.0
3850,3850.0,1283,688.0
3851,3851.0,1283,819.0
3852,3852.0,1284,163.0
3853,3853.0,1284,1447.0
3854,3854.0,1284,1448.0
3855,3855.0,1285,1449.0
3856,3856.0,1285,1450.0
3857,3857.0,1285,793.0
3858,3858.0,1286,42.0
3859,3859.0,1286,1451.0
3860,3860.0,1286,427.0
3861,3861.0,1287,1452.0
3862,3862.0,1287,1453.0
3863,3863.0,1287,1454.0
3864,3864.0,1288,535.0
3865,3865.0,1288,305.0
3866,3866.0,1288,1331.0
3867,3867.0,1289,1455.0
3868,3868.0,1289,1456.0
3869,3869.0,1289,1119.0
3870,3870.0,1290,1457.0
3871,3871.0,1290,1458.0
3872,3872.0,1290,1459.0
3873,3873.0,1291,293.0
3874,3874.0,1291,577.0
3875,3875.0,1291,1460.0
3876,3876.0,1292,470.0
3877,3877.0,1292,19.0
3878,3878.0,1292,1017.0
3879,3879.0,1293,244.0
3880,3880.0,1293,1461.0
3881,3881.0,1293,1462.0
3882,3882.0,1294,1463.0
3883,3883.0,1294,1464.0
3884,3884.0,1294,463.0
3885,3885.0,1295,890.0
3886,3886.0,1295,973.0
3887,3887.0,1295,1465.0
3888,3888.0,1296,1045.0
3889,3889.0,1296,1466.0
3890,3890.0,1296,1467.0
3891,3891.0,1297,481.0
3892,3892.0,1297,489.0
3893,3893.0,1297,1280.0
3894,3894.0,1298,1468.0
3895,3895.0,1298,1469.0
3896,3896.0,1298,1315.0
3897,3897.0,1299,155.0
3898,3898.0,1299,232.0
3899,3899.0,1299,623.0
3900,3900.0,1300,779.0
3901,3901.0,1300,212.0
3902,3902.0,1300,1470.0
3903,3903.0,1301,360.0
3904,3904.0,1301,696.0
3905,3905.0,1301,970.0
3906,3906.0,1302,365.0
3907,3907.0,1302,319.0
3908,3908.0,1302,1339.0
3909,3909.0,1303,384.0
3910,3910.0,1303,833.0
3911,3911.0,1303,834.0
3912,3912.0,1304,1315.0
3913,3913.0,1304,570.0
3914,3914.0,1304,1471.0
3915,3915.0,1305,335.0
3916,3916.0,1305,155.0
3917,3917.0,1305,7.0
3918,3918.0,1306,257.0
3919,3919.0,1306,1472.0
3920,3920.0,1306,1473.0
3921,3921.0,1307,477.0
3922,3922.0,1307,1474.0
3923,3923.0,1307,1133.0
3924,3924.0,1308,870.0
3925,3925.0,1308,1475.0
3926,3926.0,1308,1476.0
3927,3927.0,1309,2.0
3928,3928.0,1309,979.0
3929,3929.0,1309,628.0
3930,3930.0,1310,684.0
3931,3931.0,1310,1477.0
3932,3932.0,1310,1478.0
3933,3933.0,1311,870.0
3934,3934.0,1311,863.0
3935,3935.0,1311,1479.0
3936,3936.0,1312,100.0
3937,3937.0,1312,1480.0
3938,3938.0,1312,1481.0
3939,3939.0,1313,3.0
3940,3940.0,1313,566.0
3941,3941.0,1313,792.0
3942,3942.0,1314,947.0
3943,3943.0,1314,628.0
3944,3944.0,1314,539.0
3945,3945.0,1315,85.0
3946,3946.0,1315,668.0
3947,3947.0,1315,1482.0
3948,3948.0,1316,1483.0
3949,3949.0,1316,1484.0
3950,3950.0,1316,233.0
3951,3951.0,1317,92.0
3952,3952.0,1317,1485.0
3953,3953.0,1317,1486.0
3954,3954.0,1318,230.0
3955,3955.0,1318,467.0
3956,3956.0,1318,1487.0
3957,3957.0,1319,103.0
3958,3958.0,1319,132.0
3959,3959.0,1319,1488.0
3960,3960.0,1320,174.0
3961,3961.0,1320,321.0
3962,3962.0,1320,1489.0
3963,3963.0,1321,1490.0
3964,3964.0,1321,1420.0
3965,3965.0,1321,630.0
3966,3966.0,1322,1157.0
3967,3967.0,1322,1491.0
3968,3968.0,1322,1492.0
3969,3969.0,1323,473.0
3970,3970.0,1323,283.0
3971,3971.0,1323,37.0
3972,3972.0,1324,1493.0
3973,3973.0,1324,417.0
3974,3974.0,1324,1494.0
3975,3975.0,1325,1230.0
3976,3976.0,1325,174.0
3977,3977.0,1325,1495.0
3978,3978.0,1326,1054.0
3979,3979.0,1326,1496.0
3980,3980.0,1326,1497.0
3981,3981.0,1327,433.0
3982,3982.0,1327,489.0
3983,3983.0,1327,1498.0
3984,3984.0,1328,27.0
3985,3985.0,1328,345.0
3986,3986.0,1328,304.0
3987,3987.0,1329,196.0
3988,3988.0,1329,870.0
3989,3989.0,1329,986.0
3990,3990.0,1330,198.0
3991,3991.0,1330,1003.0
3992,3992.0,1330,106.0
3993,3993.0,1331,1499.0
3994,3994.0,1331,411.0
3995,3995.0,1331,212.0
3996,3996.0,1332,1500.0
3997,3997.0,1332,22.0
3998,3998.0,1332,93.0
3999,3999.0,1333,553.0
4000,4000.0,1333,556.0
4001,4001.0,1333,203.0
4002,4002.0,1334,299.0
4003,4003.0,1334,269.0
4004,4004.0,1334,1501.0
4005,4005.0,1335,1336.0
4006,4006.0,1335,376.0
4007,4007.0,1335,1345.0
4008,4008.0,1336,416.0
4009,4009.0,1336,1303.0
4010,4010.0,1336,1502.0
4011,4011.0,1337,181.0
4012,4012.0,1337,335.0
4013,4013.0,1337,1311.0
4014,4014.0,1338,477.0
4015,4015.0,1338,679.0
4016,4016.0,1338,607.0
4017,4017.0,1339,363.0
4018,4018.0,1339,1503.0
4019,4019.0,1339,1504.0
4020,4020.0,1340,800.0
4021,4021.0,1340,668.0
4022,4022.0,1340,346.0
4023,4023.0,1341,1505.0
4024,4024.0,1341,1506.0
4025,4025.0,1341,1507.0
4026,4026.0,1342,230.0
4027,4027.0,1342,1508.0
4028,4028.0,1342,1006.0
4029,4029.0,1343,761.0
4030,4030.0,1343,1249.0
4031,4031.0,1343,1509.0
4032,4032.0,1344,139.0
4033,4033.0,1344,1319.0
4034,4034.0,1344,1366.0
4035,4035.0,1345,416.0
4036,4036.0,1345,1303.0
4037,4037.0,1345,1510.0
4038,4038.0,1346,27.0
4039,4039.0,1346,604.0
4040,4040.0,1346,182.0
4041,4041.0,1347,103.0
4042,4042.0,1347,1511.0
4043,4043.0,1347,457.0
4044,4044.0,1348,671.0
4045,4045.0,1348,52.0
4046,4046.0,1348,577.0
4047,4047.0,1349,305.0
4048,4048.0,1349,595.0
4049,4049.0,1349,1132.0
4050,4050.0,1350,1225.0
4051,4051.0,1350,635.0
4052,4052.0,1350,1512.0
4053,4053.0,1351,275.0
4054,4054.0,1351,1513.0
4055,4055.0,1351,243.0
4056,4056.0,1352,1225.0
4057,4057.0,1352,306.0
4058,4058.0,1352,1514.0
4059,4059.0,1353,536.0
4060,4060.0,1353,611.0
4061,4061.0,1353,978.0
4062,4062.0,1354,705.0
4063,4063.0,1354,1515.0
4064,4064.0,1354,991.0
4065,4065.0,1355,680.0
4066,4066.0,1355,1431.0
4067,4067.0,1355,1516.0
4068,4068.0,1356,671.0
4069,4069.0,1356,672.0
4070,4070.0,1356,367.0
4071,4071.0,1357,1517.0
4072,4072.0,1357,1518.0
4073,4073.0,1357,1519.0
4074,4074.0,1358,194.0
4075,4075.0,1358,1059.0
4076,4076.0,1358,1520.0
4077,4077.0,1359,575.0
4078,4078.0,1359,412.0
4079,4079.0,1359,1249.0
4080,4080.0,1360,845.0
4081,4081.0,1360,395.0
4082,4082.0,1360,403.0
4083,4083.0,1361,320.0
4084,4084.0,1361,321.0
4085,4085.0,1361,322.0
4086,4086.0,1362,426.0
4087,4087.0,1362,1521.0
4088,4088.0,1362,695.0
4089,4089.0,1363,1339.0
4090,4090.0,1363,1522.0
4091,4091.0,1363,365.0
4092,4092.0,1364,668.0
4093,4093.0,1364,242.0
4094,4094.0,1364,122.0
4095,4095.0,1365,92.0
4096,4096.0,1365,353.0
4097,4097.0,1365,47.0
4098,4098.0,1366,629.0
4099,4099.0,1366,76.0
4100,4100.0,1366,169.0
4101,4101.0,1367,1523.0
4102,4102.0,1367,312.0
4103,4103.0,1367,1524.0
4104,4104.0,1368,242.0
4105,4105.0,1368,296.0
4106,4106.0,1368,1525.0
4107,4107.0,1369,481.0
4108,4108.0,1369,560.0
4109,4109.0,1369,644.0
4110,4110.0,1370,1255.0
4111,4111.0,1370,31.0
4112,4112.0,1370,32.0
4113,4113.0,1371,1526.0
4114,4114.0,1371,572.0
4115,4115.0,1371,1293.0
4116,4116.0,1372,1431.0
4117,4117.0,1372,630.0
4118,4118.0,1372,1.0
4119,4119.0,1373,270.0
4120,4120.0,1373,1527.0
4121,4121.0,1373,313.0
4122,4122.0,1374,31.0
4123,4123.0,1374,408.0
4124,4124.0,1374,673.0
4125,4125.0,1375,1062.0
4126,4126.0,1375,230.0
4127,4127.0,1375,1024.0
4128,4128.0,1376,160.0
4129,4129.0,1376,287.0
4130,4130.0,1376,780.0
4131,4131.0,1377,1528.0
4132,4132.0,1377,119.0
4133,4133.0,1377,1529.0
4134,4134.0,1378,1530.0
4135,4135.0,1378,1531.0
4136,4136.0,1378,1532.0
4137,4137.0,1379,870.0
4138,4138.0,1379,1533.0
4139,4139.0,1379,440.0
4140,4140.0,1380,63.0
4141,4141.0,1380,464.0
4142,4142.0,1380,421.0
4143,4143.0,1381,397.0
4144,4144.0,1381,123.0
4145,4145.0,1381,1226.0
4146,4146.0,1382,42.0
4147,4147.0,1382,656.0
4148,4148.0,1382,1534.0
4149,4149.0,1383,712.0
4150,4150.0,1383,427.0
4151,4151.0,1383,373.0
4152,4152.0,1384,697.0
4153,4153.0,1384,88.0
4154,4154.0,1384,1535.0
4155,4155.0,1385,154.0
4156,4156.0,1385,904.0
4157,4157.0,1385,1291.0
4158,4158.0,1386,910.0
4159,4159.0,1386,99.0
4160,4160.0,1386,347.0
4161,4161.0,1387,477.0
4162,4162.0,1387,832.0
4163,4163.0,1387,1536.0
4164,4164.0,1388,356.0
4165,4165.0,1388,383.0
4166,4166.0,1388,867.0
4167,4167.0,1389,338.0
4168,4168.0,1389,265.0
4169,4169.0,1389,286.0
4170,4170.0,1390,639.0
4171,4171.0,1390,1537.0
4172,4172.0,1390,1538.0
4173,4173.0,1391,338.0
4174,4174.0,1391,19.0
4175,4175.0,1391,1034.0
4176,4176.0,1392,934.0
4177,4177.0,1392,766.0
4178,4178.0,1392,487.0
4179,4179.0,1393,397.0
4180,4180.0,1393,139.0
4181,4181.0,1393,945.0
4182,4182.0,1394,3.0
4183,4183.0,1394,752.0
4184,4184.0,1394,1529.0
4185,4185.0,1395,622.0
4186,4186.0,1395,225.0
4187,4187.0,1395,1539.0
4188,4188.0,1396,563.0
4189,4189.0,1396,1540.0
4190,4190.0,1396,1541.0
4191,4191.0,1397,99.0
4192,4192.0,1397,1542.0
4193,4193.0,1397,175.0
4194,4194.0,1398,85.0
4195,4195.0,1398,88.0
4196,4196.0,1398,1543.0
4197,4197.0,1399,697.0
4198,4198.0,1399,499.0
4199,4199.0,1399,522.0
4200,4200.0,1400,870.0
4201,4201.0,1400,1544.0
4202,4202.0,1400,1545.0
4203,4203.0,1401,802.0
4204,4204.0,1401,1546.0
4205,4205.0,1401,1034.0
4206,4206.0,1402,363.0
4207,4207.0,1402,1547.0
4208,4208.0,1402,1066.0
4209,4209.0,1403,1548.0
4210,4210.0,1403,1549.0
4211,4211.0,1403,1550.0
4212,4212.0,1404,1436.0
4213,4213.0,1404,1551.0
4214,4214.0,1404,329.0
4215,4215.0,1405,61.0
4216,4216.0,1405,1552.0
4217,4217.0,1405,1553.0
4218,4218.0,1406,1554.0
4219,4219.0,1406,873.0
4220,4220.0,1406,1555.0
4221,4221.0,1407,1556.0
4222,4222.0,1407,1557.0
4223,4223.0,1407,1558.0
4224,4224.0,1408,646.0
4225,4225.0,1408,306.0
4226,4226.0,1408,261.0
4227,4227.0,1409,63.0
4228,4228.0,1409,1559.0
4229,4229.0,1409,1560.0
4230,4230.0,1410,994.0
4231,4231.0,1410,233.0
4232,4232.0,1410,1561.0
4233,4233.0,1411,1562.0
4234,4234.0,1411,1563.0
4235,4235.0,1411,1564.0
4236,4236.0,1412,1565.0
4237,4237.0,1412,321.0
4238,4238.0,1412,1566.0
4239,4239.0,1413,397.0
4240,4240.0,1413,1311.0
4241,4241.0,1413,1567.0
4242,4242.0,1414,162.0
4243,4243.0,1414,1568.0
4244,4244.0,1414,659.0
4245,4245.0,1415,1569.0
4246,4246.0,1415,1570.0
4247,4247.0,1415,56.0
4248,4248.0,1416,27.0
4249,4249.0,1416,1571.0
4250,4250.0,1416,341.0
4251,4251.0,1417,1572.0
4252,4252.0,1417,1573.0
4253,4253.0,1417,694.0
4254,4254.0,1418,139.0
4255,4255.0,1418,31.0
4256,4256.0,1418,306.0
4257,4257.0,1419,1574.0
4258,4258.0,1419,481.0
4259,4259.0,1419,32.0
4260,4260.0,1420,910.0
4261,4261.0,1420,159.0
4262,4262.0,1420,270.0
4263,4263.0,1421,575.0
4264,4264.0,1421,673.0
4265,4265.0,1421,1151.0
4266,4266.0,1422,878.0
4267,4267.0,1422,879.0
4268,4268.0,1422,140.0
4269,4269.0,1423,76.0
4270,4270.0,1423,1575.0
4271,4271.0,1423,616.0
4272,4272.0,1424,45.0
4273,4273.0,1424,305.0
4274,4274.0,1424,549.0
4275,4275.0,1425,336.0
4276,4276.0,1425,647.0
4277,4277.0,1425,1576.0
4278,4278.0,1426,115.0
4279,4279.0,1426,1077.0
4280,4280.0,1426,1577.0
4281,4281.0,1427,357.0
4282,4282.0,1427,15.0
4283,4283.0,1427,1003.0
4284,4284.0,1428,1578.0
4285,4285.0,1428,1579.0
4286,4286.0,1428,1580.0
4287,4287.0,1429,85.0
4288,4288.0,1429,54.0
4289,4289.0,1429,439.0
4290,4290.0,1430,1581.0
4291,4291.0,1430,414.0
4292,4292.0,1430,382.0
4293,4293.0,1431,220.0
4294,4294.0,1431,38.0
4295,4295.0,1431,1582.0
4296,4296.0,1432,155.0
4297,4297.0,1432,1583.0
4298,4298.0,1432,1584.0
4299,4299.0,1433,149.0
4300,4300.0,1433,403.0
4301,4301.0,1433,802.0
4302,4302.0,1434,490.0
4303,4303.0,1434,870.0
4304,4304.0,1434,560.0
4305,4305.0,1435,16.0
4306,4306.0,1435,333.0
4307,4307.0,1435,555.0
4308,4308.0,1436,162.0
4309,4309.0,1436,124.0
4310,4310.0,1436,1585.0
4311,4311.0,1437,1586.0
4312,4312.0,1437,1587.0
4313,4313.0,1437,1588.0
4314,4314.0,1438,1589.0
4315,4315.0,1438,1590.0
4316,4316.0,1438,1253.0
4317,4317.0,1439,602.0
4318,4318.0,1439,629.0
4319,4319.0,1439,168.0
4320,4320.0,1440,321.0
4321,4321.0,1440,313.0
4322,4322.0,1440,1591.0
4323,4323.0,1441,203.0
4324,4324.0,1441,874.0
4325,4325.0,1441,1592.0
4326,4326.0,1442,31.0
4327,4327.0,1442,553.0
4328,4328.0,1442,55.0
4329,4329.0,1443,240.0
4330,4330.0,1443,1168.0
4331,4331.0,1443,1036.0
4332,4332.0,1444,169.0
4333,4333.0,1444,506.0
4334,4334.0,1444,875.0
4335,4335.0,1445,239.0
4336,4336.0,1445,1017.0
4337,4337.0,1445,1593.0
4338,4338.0,1446,106.0
4339,4339.0,1446,597.0
4340,4340.0,1446,219.0
4341,4341.0,1447,1436.0
4342,4342.0,1447,1594.0
4343,4343.0,1447,1595.0
4344,4344.0,1448,214.0
4345,4345.0,1448,0.0
4346,4346.0,1448,107.0
4347,4347.0,1449,149.0
4348,4348.0,1449,1329.0
4349,4349.0,1449,1596.0
4350,4350.0,1450,1597.0
4351,4351.0,1450,936.0
4352,4352.0,1450,1598.0
4353,4353.0,1451,100.0
4354,4354.0,1451,933.0
4355,4355.0,1451,1423.0
4356,4356.0,1452,220.0
4357,4357.0,1452,119.0
4358,4358.0,1452,1599.0
4359,4359.0,1453,1600.0
4360,4360.0,1453,1601.0
4361,4361.0,1453,1602.0
4362,4362.0,1454,54.0
4363,4363.0,1454,730.0
4364,4364.0,1454,837.0
4365,4365.0,1455,337.0
4366,4366.0,1455,1381.0
4367,4367.0,1455,1603.0
4368,4368.0,1456,1604.0
4369,4369.0,1456,1605.0
4370,4370.0,1456,509.0
4371,4371.0,1457,785.0
4372,4372.0,1457,500.0
4373,4373.0,1457,1364.0
4374,4374.0,1458,855.0
4375,4375.0,1458,365.0
4376,4376.0,1458,1606.0
4377,4377.0,1459,1607.0
4378,4378.0,1459,1608.0
4379,4379.0,1459,1609.0
4380,4380.0,1460,1527.0
4381,4381.0,1460,1128.0
4382,4382.0,1460,1610.0
4383,4383.0,1461,15.0
4384,4384.0,1461,1611.0
4385,4385.0,1461,128.0
4386,4386.0,1462,72.0
4387,4387.0,1462,1612.0
4388,4388.0,1462,1613.0
4389,4389.0,1463,43.0
4390,4390.0,1463,366.0
4391,4391.0,1463,1614.0
4392,4392.0,1464,256.0
4393,4393.0,1464,132.0
4394,4394.0,1464,1615.0
4395,4395.0,1465,952.0
4396,4396.0,1465,1616.0
4397,4397.0,1465,953.0
4398,4398.0,1466,440.0
4399,4399.0,1466,1113.0
4400,4400.0,1466,624.0
4401,4401.0,1467,531.0
4402,4402.0,1467,271.0
4403,4403.0,1467,848.0
4404,4404.0,1468,77.0
4405,4405.0,1468,89.0
4406,4406.0,1468,1617.0
4407,4407.0,1469,712.0
4408,4408.0,1469,1611.0
4409,4409.0,1469,1618.0
4410,4410.0,1470,228.0
4411,4411.0,1470,317.0
4412,4412.0,1470,232.0
4413,4413.0,1471,1619.0
4414,4414.0,1471,1620.0
4415,4415.0,1471,1621.0
4416,4416.0,1472,1622.0
4417,4417.0,1472,197.0
4418,4418.0,1472,1623.0
4419,4419.0,1473,3.0
4420,4420.0,1473,182.0
4421,4421.0,1473,1007.0
4422,4422.0,1474,1249.0
4423,4423.0,1474,1624.0
4424,4424.0,1474,1625.0
4425,4425.0,1475,212.0
4426,4426.0,1475,316.0
4427,4427.0,1475,776.0
4428,4428.0,1476,120.0
4429,4429.0,1476,1150.0
4430,4430.0,1476,990.0
4431,4431.0,1477,469.0
4432,4432.0,1477,470.0
4433,4433.0,1477,996.0
4434,4434.0,1478,168.0
4435,4435.0,1478,575.0
4436,4436.0,1478,485.0
4437,4437.0,1479,980.0
4438,4438.0,1479,1626.0
4439,4439.0,1479,1627.0
4440,4440.0,1480,363.0
4441,4441.0,1480,1354.0
4442,4442.0,1480,347.0
4443,4443.0,1481,1628.0
4444,4444.0,1481,1629.0
4445,4445.0,1481,1630.0
4446,4446.0,1482,413.0
4447,4447.0,1482,1631.0
4448,4448.0,1482,658.0
4449,4449.0,1483,1632.0
4450,4450.0,1483,1633.0
4451,4451.0,1483,1634.0
4452,4452.0,1484,193.0
4453,4453.0,1484,1635.0
4454,4454.0,1484,1241.0
4455,4455.0,1485,838.0
4456,4456.0,1485,191.0
4457,4457.0,1485,885.0
4458,4458.0,1486,886.0
4459,4459.0,1486,265.0
4460,4460.0,1486,731.0
4461,4461.0,1487,1449.0
4462,4462.0,1487,1636.0
4463,4463.0,1487,513.0
4464,4464.0,1488,490.0
4465,4465.0,1488,1637.0
4466,4466.0,1488,1638.0
4467,4467.0,1489,139.0
4468,4468.0,1489,300.0
4469,4469.0,1489,55.0
4470,4470.0,1490,1639.0
4471,4471.0,1490,125.0
4472,4472.0,1490,1640.0
4473,4473.0,1491,1538.0
4474,4474.0,1491,1289.0
4475,4475.0,1491,1641.0
4476,4476.0,1492,62.0
4477,4477.0,1492,270.0
4478,4478.0,1492,1642.0
4479,4479.0,1493,356.0
4480,4480.0,1493,668.0
4481,4481.0,1493,1643.0
4482,4482.0,1494,377.0
4483,4483.0,1494,482.0
4484,4484.0,1494,534.0
4485,4485.0,1495,265.0
4486,4486.0,1495,1644.0
4487,4487.0,1495,728.0
4488,4488.0,1496,1645.0
4489,4489.0,1496,712.0
4490,4490.0,1496,1047.0
4491,4491.0,1497,180.0
4492,4492.0,1497,1646.0
4493,4493.0,1497,1647.0
4494,4494.0,1498,60.0
4495,4495.0,1498,1648.0
4496,4496.0,1498,1649.0
4497,4497.0,1499,297.0
4498,4498.0,1499,904.0
4499,4499.0,1499,1650.0
4500,4500.0,1500,17.0
4501,4501.0,1500,502.0
4502,4502.0,1500,154.0
4503,4503.0,1501,714.0
4504,4504.0,1501,500.0
4505,4505.0,1501,436.0
4506,4506.0,1502,481.0
4507,4507.0,1502,712.0
4508,4508.0,1502,182.0
4509,4509.0,1503,1651.0
4510,4510.0,1503,417.0
4511,4511.0,1503,1093.0
4512,4512.0,1504,481.0
4513,4513.0,1504,470.0
4514,4514.0,1504,779.0
4515,4515.0,1505,363.0
4516,4516.0,1505,568.0
4517,4517.0,1505,1652.0
4518,4518.0,1506,117.0
4519,4519.0,1506,588.0
4520,4520.0,1506,625.0
4521,4521.0,1507,1225.0
4522,4522.0,1507,1653.0
4523,4523.0,1507,1559.0
4524,4524.0,1508,142.0
4525,4525.0,1508,1132.0
4526,4526.0,1508,567.0
4527,4527.0,1509,1654.0
4528,4528.0,1509,272.0
4529,4529.0,1509,1419.0
4530,4530.0,1510,696.0
4531,4531.0,1510,101.0
4532,4532.0,1510,1655.0
4533,4533.0,1511,230.0
4534,4534.0,1511,361.0
4535,4535.0,1511,905.0
4536,4536.0,1512,552.0
4537,4537.0,1512,771.0
4538,4538.0,1512,1656.0
4539,4539.0,1513,490.0
4540,4540.0,1513,1657.0
4541,4541.0,1513,1658.0
4542,4542.0,1514,387.0
4543,4543.0,1514,628.0
4544,4544.0,1514,54.0
4545,4545.0,1515,294.0
4546,4546.0,1515,553.0
4547,4547.0,1515,1537.0
4548,4548.0,1516,228.0
4549,4549.0,1516,714.0
4550,4550.0,1516,80.0
4551,4551.0,1517,306.0
4552,4552.0,1517,728.0
4553,4553.0,1517,243.0
4554,4554.0,1518,1659.0
4555,4555.0,1518,1011.0
4556,4556.0,1518,1660.0
4557,4557.0,1519,1194.0
4558,4558.0,1519,421.0
4559,4559.0,1519,590.0
4560,4560.0,1520,166.0
4561,4561.0,1520,142.0
4562,4562.0,1520,81.0
4563,4563.0,1521,1661.0
4564,4564.0,1521,1662.0
4565,4565.0,1521,1663.0
4566,4566.0,1522,447.0
4567,4567.0,1522,1664.0
4568,4568.0,1522,287.0
4569,4569.0,1523,198.0
4570,4570.0,1523,55.0
4571,4571.0,1523,15.0
4572,4572.0,1524,1665.0
4573,4573.0,1524,757.0
4574,4574.0,1524,907.0
4575,4575.0,1525,1363.0
4576,4576.0,1525,866.0
4577,4577.0,1525,679.0
4578,4578.0,1526,405.0
4579,4579.0,1526,456.0
4580,4580.0,1526,122.0
4581,4581.0,1527,231.0
4582,4582.0,1527,1666.0
4583,4583.0,1527,1667.0
4584,4584.0,1528,171.0
4585,4585.0,1528,11.0
4586,4586.0,1528,46.0
4587,4587.0,1529,629.0
4588,4588.0,1529,602.0
4589,4589.0,1529,1509.0
4590,4590.0,1530,477.0
4591,4591.0,1530,74.0
4592,4592.0,1530,723.0
4593,4593.0,1531,1668.0
4594,4594.0,1531,1669.0
4595,4595.0,1531,1670.0
4596,4596.0,1532,270.0
4597,4597.0,1532,1671.0
4598,4598.0,1532,632.0
4599,4599.0,1533,275.0
4600,4600.0,1533,102.0
4601,4601.0,1533,1672.0
4602,4602.0,1534,991.0
4603,4603.0,1534,1673.0
4604,4604.0,1534,1674.0
4605,4605.0,1535,174.0
4606,4606.0,1535,863.0
4607,4607.0,1535,1057.0
4608,4608.0,1536,672.0
4609,4609.0,1536,663.0
4610,4610.0,1536,1675.0
4611,4611.0,1537,265.0
4612,4612.0,1537,628.0
4613,4613.0,1537,755.0
4614,4614.0,1538,439.0
4615,4615.0,1538,277.0
4616,4616.0,1538,1190.0
4617,4617.0,1539,586.0
4618,4618.0,1539,1100.0
4619,4619.0,1539,1265.0
4620,4620.0,1540,1049.0
4621,4621.0,1540,1676.0
4622,4622.0,1540,853.0
4623,4623.0,1541,99.0
4624,4624.0,1541,100.0
4625,4625.0,1541,1677.0
4626,4626.0,1542,191.0
4627,4627.0,1542,1313.0
4628,4628.0,1542,426.0
4629,4629.0,1543,577.0
4630,4630.0,1543,144.0
4631,4631.0,1543,555.0
4632,4632.0,1544,125.0
4633,4633.0,1544,162.0
4634,4634.0,1544,686.0
4635,4635.0,1545,477.0
4636,4636.0,1545,731.0
4637,4637.0,1545,1678.0
4638,4638.0,1546,305.0
4639,4639.0,1546,761.0
4640,4640.0,1546,1226.0
4641,4641.0,1547,728.0
4642,4642.0,1547,1679.0
4643,4643.0,1547,1680.0
4644,4644.0,1548,440.0
4645,4645.0,1548,1681.0
4646,4646.0,1548,251.0
4647,4647.0,1549,1551.0
4648,4648.0,1549,1159.0
4649,4649.0,1549,1094.0
4650,4650.0,1550,142.0
4651,4651.0,1550,1682.0
4652,4652.0,1550,1683.0
4653,4653.0,1551,76.0
4654,4654.0,1551,1218.0
4655,4655.0,1551,1684.0
4656,4656.0,1552,471.0
4657,4657.0,1552,536.0
4658,4658.0,1552,470.0
4659,4659.0,1553,106.0
4660,4660.0,1553,416.0
4661,4661.0,1553,73.0
4662,4662.0,1554,185.0
4663,4663.0,1554,1685.0
4664,4664.0,1554,1686.0
4665,4665.0,1555,822.0
4666,4666.0,1555,1687.0
4667,4667.0,1555,824.0
4668,4668.0,1556,597.0
4669,4669.0,1556,605.0
4670,4670.0,1556,379.0
4671,4671.0,1557,895.0
4672,4672.0,1557,651.0
4673,4673.0,1557,416.0
4674,4674.0,1558,481.0
4675,4675.0,1558,79.0
4676,4676.0,1558,918.0
4677,4677.0,1559,577.0
4678,4678.0,1559,989.0
4679,4679.0,1559,1375.0
4680,4680.0,1560,779.0
4681,4681.0,1560,624.0
4682,4682.0,1560,317.0
4683,4683.0,1561,266.0
4684,4684.0,1561,1688.0
4685,4685.0,1561,1689.0
4686,4686.0,1562,1690.0
4687,4687.0,1562,548.0
4688,4688.0,1562,558.0
4689,4689.0,1563,560.0
4690,4690.0,1563,1304.0
4691,4691.0,1563,1691.0
4692,4692.0,1564,106.0
4693,4693.0,1564,275.0
4694,4694.0,1564,1692.0
4695,4695.0,1565,198.0
4696,4696.0,1565,625.0
4697,4697.0,1565,1693.0
4698,4698.0,1566,575.0
4699,4699.0,1566,695.0
4700,4700.0,1566,1672.0
4701,4701.0,1567,113.0
4702,4702.0,1567,517.0
4703,4703.0,1567,1694.0
4704,4704.0,1568,220.0
4705,4705.0,1568,299.0
4706,4706.0,1568,169.0
4707,4707.0,1569,680.0
4708,4708.0,1569,987.0
4709,4709.0,1569,1175.0
4710,4710.0,1570,1695.0
4711,4711.0,1570,1696.0
4712,4712.0,1570,1697.0
4713,4713.0,1571,629.0
4714,4714.0,1571,166.0
4715,4715.0,1571,46.0
4716,4716.0,1572,867.0
4717,4717.0,1572,258.0
4718,4718.0,1572,88.0
4719,4719.0,1573,85.0
4720,4720.0,1573,753.0
4721,4721.0,1573,1698.0
4722,4722.0,1574,378.0
4723,4723.0,1574,176.0
4724,4724.0,1574,914.0
4725,4725.0,1575,426.0
4726,4726.0,1575,1502.0
4727,4727.0,1575,1375.0
4728,4728.0,1576,76.0
4729,4729.0,1576,802.0
4730,4730.0,1576,1699.0
4731,4731.0,1577,286.0
4732,4732.0,1577,657.0
4733,4733.0,1577,914.0
4734,4734.0,1578,803.0
4735,4735.0,1578,23.0
4736,4736.0,1578,1700.0
4737,4737.0,1579,94.0
4738,4738.0,1579,577.0
4739,4739.0,1579,1701.0
4740,4740.0,1580,425.0
4741,4741.0,1580,779.0
4742,4742.0,1580,162.0
4743,4743.0,1581,3.0
4744,4744.0,1581,43.0
4745,4745.0,1581,1702.0
4746,4746.0,1582,171.0
4747,4747.0,1582,796.0
4748,4748.0,1582,819.0
4749,4749.0,1583,1523.0
4750,4750.0,1583,312.0
4751,4751.0,1583,1524.0
4752,4752.0,1584,1703.0
4753,4753.0,1584,1704.0
4754,4754.0,1584,1705.0
4755,4755.0,1585,1580.0
4756,4756.0,1585,1183.0
4757,4757.0,1585,1706.0
4758,4758.0,1586,1668.0
4759,4759.0,1586,659.0
4760,4760.0,1586,1707.0
4761,4761.0,1587,1708.0
4762,4762.0,1587,272.0
4763,4763.0,1587,270.0
4764,4764.0,1588,651.0
4765,4765.0,1588,212.0
4766,4766.0,1588,918.0
4767,4767.0,1589,1709.0
4768,4768.0,1589,19.0
4769,4769.0,1589,1234.0
4770,4770.0,1590,5.0
4771,4771.0,1590,109.0
4772,4772.0,1590,1710.0
4773,4773.0,1591,499.0
4774,4774.0,1591,1711.0
4775,4775.0,1591,1712.0
4776,4776.0,1592,357.0
4777,4777.0,1592,1092.0
4778,4778.0,1592,1713.0
4779,4779.0,1593,1220.0
4780,4780.0,1593,1714.0
4781,4781.0,1593,1715.0
4782,4782.0,1594,3.0
4783,4783.0,1594,272.0
4784,4784.0,1594,1716.0
4785,4785.0,1595,232.0
4786,4786.0,1595,1271.0
4787,4787.0,1595,460.0
4788,4788.0,1596,169.0
4789,4789.0,1596,274.0
4790,4790.0,1596,47.0
4791,4791.0,1597,117.0
4792,4792.0,1597,577.0
4793,4793.0,1597,728.0
4794,4794.0,1598,1717.0
4795,4795.0,1598,456.0
4796,4796.0,1598,1718.0
4797,4797.0,1599,97.0
4798,4798.0,1599,1719.0
4799,4799.0,1599,125.0
4800,4800.0,1600,10.0
4801,4801.0,1600,679.0
4802,4802.0,1600,590.0
4803,4803.0,1601,1720.0
4804,4804.0,1601,1721.0
4805,4805.0,1601,1722.0
4806,4806.0,1602,32.0
4807,4807.0,1602,1723.0
4808,4808.0,1602,225.0
4809,4809.0,1603,377.0
4810,4810.0,1603,899.0
4811,4811.0,1603,279.0
4812,4812.0,1604,188.0
4813,4813.0,1604,1724.0
4814,4814.0,1604,235.0
4815,4815.0,1605,1725.0
4816,4816.0,1605,22.0
4817,4817.0,1605,1726.0
4818,4818.0,1606,1727.0
4819,4819.0,1606,1728.0
4820,4820.0,1606,1729.0
4821,4821.0,1607,481.0
4822,4822.0,1607,1730.0
4823,4823.0,1607,1731.0
4824,4824.0,1608,214.0
4825,4825.0,1608,1732.0
4826,4826.0,1608,1733.0
4827,4827.0,1609,1213.0
4828,4828.0,1609,1734.0
4829,4829.0,1609,1735.0
4830,4830.0,1610,1157.0
4831,4831.0,1610,293.0
4832,4832.0,1610,1736.0
4833,4833.0,1611,1737.0
4834,4834.0,1611,1738.0
4835,4835.0,1611,1739.0
4836,4836.0,1612,99.0
4837,4837.0,1612,646.0
4838,4838.0,1612,303.0
4839,4839.0,1613,1054.0
4840,4840.0,1613,553.0
4841,4841.0,1613,1700.0
4842,4842.0,1614,365.0
4843,4843.0,1614,1230.0
4844,4844.0,1614,1740.0
4845,4845.0,1615,105.0
4846,4846.0,1615,1741.0
4847,4847.0,1615,1742.0
4848,4848.0,1616,363.0
4849,4849.0,1616,673.0
4850,4850.0,1616,543.0
4851,4851.0,1617,152.0
4852,4852.0,1617,810.0
4853,4853.0,1617,203.0
4854,4854.0,1618,306.0
4855,4855.0,1618,576.0
4856,4856.0,1618,439.0
4857,4857.0,1619,354.0
4858,4858.0,1619,1743.0
4859,4859.0,1619,1744.0
4860,4860.0,1620,278.0
4861,4861.0,1620,1745.0
4862,4862.0,1620,1746.0
4863,4863.0,1621,1747.0
4864,4864.0,1621,1748.0
4865,4865.0,1621,480.0
4866,4866.0,1622,469.0
4867,4867.0,1622,78.0
4868,4868.0,1622,1749.0
4869,4869.0,1623,1346.0
4870,4870.0,1623,1750.0
4871,4871.0,1623,696.0
4872,4872.0,1624,629.0
4873,4873.0,1624,277.0
4874,4874.0,1624,700.0
4875,4875.0,1625,477.0
4876,4876.0,1625,54.0
4877,4877.0,1625,1481.0
4878,4878.0,1626,776.0
4879,4879.0,1626,1503.0
4880,4880.0,1626,573.0
4881,4881.0,1627,293.0
4882,4882.0,1627,515.0
4883,4883.0,1627,1350.0
4884,4884.0,1628,398.0
4885,4885.0,1628,1751.0
4886,4886.0,1628,1752.0
4887,4887.0,1629,618.0
4888,4888.0,1629,564.0
4889,4889.0,1629,695.0
4890,4890.0,1630,867.0
4891,4891.0,1630,169.0
4892,4892.0,1630,68.0
4893,4893.0,1631,1431.0
4894,4894.0,1631,832.0
4895,4895.0,1631,1753.0
4896,4896.0,1632,54.0
4897,4897.0,1632,986.0
4898,4898.0,1632,1202.0
4899,4899.0,1633,622.0
4900,4900.0,1633,1754.0
4901,4901.0,1633,1755.0
4902,4902.0,1634,1225.0
4903,4903.0,1634,256.0
4904,4904.0,1634,500.0
4905,4905.0,1635,786.0
4906,4906.0,1635,1412.0
4907,4907.0,1635,896.0
4908,4908.0,1636,256.0
4909,4909.0,1636,1030.0
4910,4910.0,1636,366.0
4911,4911.0,1637,1343.0
4912,4912.0,1637,1756.0
4913,4913.0,1637,1757.0
4914,4914.0,1638,117.0
4915,4915.0,1638,76.0
4916,4916.0,1638,817.0
4917,4917.0,1639,752.0
4918,4918.0,1639,948.0
4919,4919.0,1639,1758.0
4920,4920.0,1640,182.0
4921,4921.0,1640,1759.0
4922,4922.0,1640,1760.0
4923,4923.0,1641,299.0
4924,4924.0,1641,1356.0
4925,4925.0,1641,140.0
4926,4926.0,1642,61.0
4927,4927.0,1642,1761.0
4928,4928.0,1642,1762.0
4929,4929.0,1643,909.0
4930,4930.0,1643,1763.0
4931,4931.0,1643,605.0
4932,4932.0,1644,340.0
4933,4933.0,1644,460.0
4934,4934.0,1644,240.0
4935,4935.0,1645,778.0
4936,4936.0,1645,1764.0
4937,4937.0,1645,1704.0
4938,4938.0,1646,1503.0
4939,4939.0,1646,802.0
4940,4940.0,1646,331.0
4941,4941.0,1647,188.0
4942,4942.0,1647,904.0
4943,4943.0,1647,657.0
4944,4944.0,1648,102.0
4945,4945.0,1648,240.0
4946,4946.0,1648,1331.0
4947,4947.0,1649,240.0
4948,4948.0,1649,1765.0
4949,4949.0,1649,152.0
4950,4950.0,1650,655.0
4951,4951.0,1650,959.0
4952,4952.0,1650,657.0
4953,4953.0,1651,717.0
4954,4954.0,1651,1692.0
4955,4955.0,1651,849.0
4956,4956.0,1652,786.0
4957,4957.0,1652,1766.0
4958,4958.0,1652,1767.0
4959,4959.0,1653,214.0
4960,4960.0,1653,728.0
4961,4961.0,1653,580.0
4962,4962.0,1654,525.0
4963,4963.0,1654,855.0
4964,4964.0,1654,481.0
4965,4965.0,1655,19.0
4966,4966.0,1655,1768.0
4967,4967.0,1655,1769.0
4968,4968.0,1656,1234.0
4969,4969.0,1656,572.0
4970,4970.0,1656,287.0
4971,4971.0,1657,602.0
4972,4972.0,1657,870.0
4973,4973.0,1657,416.0
4974,4974.0,1658,152.0
4975,4975.0,1658,149.0
4976,4976.0,1658,3.0
4977,4977.0,1659,347.0
4978,4978.0,1659,279.0
4979,4979.0,1659,295.0
4980,4980.0,1660,27.0
4981,4981.0,1660,118.0
4982,4982.0,1660,697.0
4983,4983.0,1661,1095.0
4984,4984.0,1661,1420.0
4985,4985.0,1661,605.0
4986,4986.0,1662,535.0
4987,4987.0,1662,477.0
4988,4988.0,1662,616.0
4989,4989.0,1663,481.0
4990,4990.0,1663,595.0
4991,4991.0,1663,1770.0
4992,4992.0,1664,240.0
4993,4993.0,1664,407.0
4994,4994.0,1664,157.0
4995,4995.0,1665,752.0
4996,4996.0,1665,464.0
4997,4997.0,1665,1771.0
4998,4998.0,1666,560.0
4999,4999.0,1666,1772.0
5000,5000.0,1666,1773.0
5001,5001.0,1667,1774.0
5002,5002.0,1667,1775.0
5003,5003.0,1667,1042.0
5004,5004.0,1668,115.0
5005,5005.0,1668,277.0
5006,5006.0,1668,1716.0
5007,5007.0,1669,1776.0
5008,5008.0,1669,1777.0
5009,5009.0,1669,1778.0
5010,5010.0,1670,1779.0
5011,5011.0,1670,1352.0
5012,5012.0,1670,1780.0
5013,5013.0,1671,106.0
5014,5014.0,1671,627.0
5015,5015.0,1671,1219.0
5016,5016.0,1672,137.0
5017,5017.0,1672,1781.0
5018,5018.0,1672,1144.0
5019,5019.0,1673,1782.0
5020,5020.0,1673,1783.0
5021,5021.0,1673,1784.0
5022,5022.0,1674,490.0
5023,5023.0,1674,1062.0
5024,5024.0,1674,1785.0
5025,5025.0,1675,212.0
5026,5026.0,1675,588.0
5027,5027.0,1675,1786.0
5028,5028.0,1676,1787.0
5029,5029.0,1676,1788.0
5030,5030.0,1676,1789.0
5031,5031.0,1677,1771.0
5032,5032.0,1677,1790.0
5033,5033.0,1677,492.0
5034,5034.0,1678,342.0
5035,5035.0,1678,555.0
5036,5036.0,1678,1552.0
5037,5037.0,1679,58.0
5038,5038.0,1679,1785.0
5039,5039.0,1679,781.0
5040,5040.0,1680,1791.0
5041,5041.0,1680,1792.0
5042,5042.0,1680,1793.0
5043,5043.0,1681,123.0
5044,5044.0,1681,302.0
5045,5045.0,1681,1794.0
5046,5046.0,1682,154.0
5047,5047.0,1682,297.0
5048,5048.0,1682,502.0
5049,5049.0,1683,1693.0
5050,5050.0,1683,376.0
5051,5051.0,1683,455.0
5052,5052.0,1684,473.0
5053,5053.0,1684,155.0
5054,5054.0,1684,1546.0
5055,5055.0,1685,251.0
5056,5056.0,1685,340.0
5057,5057.0,1685,729.0
5058,5058.0,1686,80.0
5059,5059.0,1686,506.0
5060,5060.0,1686,1795.0
5061,5061.0,1687,1537.0
5062,5062.0,1687,566.0
5063,5063.0,1687,379.0
5064,5064.0,1688,268.0
5065,5065.0,1688,405.0
5066,5066.0,1688,646.0
5067,5067.0,1689,1356.0
5068,5068.0,1689,992.0
5069,5069.0,1689,1796.0
5070,5070.0,1690,296.0
5071,5071.0,1690,589.0
5072,5072.0,1690,258.0
5073,5073.0,1691,477.0
5074,5074.0,1691,160.0
5075,5075.0,1691,1797.0
5076,5076.0,1692,1798.0
5077,5077.0,1692,1672.0
5078,5078.0,1692,583.0
5079,5079.0,1693,983.0
5080,5080.0,1693,451.0
5081,5081.0,1693,1799.0
5082,5082.0,1694,61.0
5083,5083.0,1694,5.0
5084,5084.0,1694,905.0
5085,5085.0,1695,1800.0
5086,5086.0,1695,338.0
5087,5087.0,1695,1801.0
5088,5088.0,1696,1802.0
5089,5089.0,1696,1803.0
5090,5090.0,1696,1804.0
5091,5091.0,1697,125.0
5092,5092.0,1697,1713.0
5093,5093.0,1697,1805.0
5094,5094.0,1698,1194.0
5095,5095.0,1698,487.0
5096,5096.0,1698,1690.0
5097,5097.0,1699,416.0
5098,5098.0,1699,1806.0
5099,5099.0,1699,1807.0
5100,5100.0,1700,629.0
5101,5101.0,1700,947.0
5102,5102.0,1700,273.0
5103,5103.0,1701,365.0
5104,5104.0,1701,366.0
5105,5105.0,1701,3.0
5106,5106.0,1702,299.0
5107,5107.0,1702,1227.0
5108,5108.0,1702,1808.0
5109,5109.0,1703,631.0
5110,5110.0,1703,356.0
5111,5111.0,1703,986.0
5112,5112.0,1704,9.0
5113,5113.0,1704,166.0
5114,5114.0,1704,989.0
5115,5115.0,1705,1809.0
5116,5116.0,1705,1810.0
5117,5117.0,1705,1811.0
5118,5118.0,1706,230.0
5119,5119.0,1706,1535.0
5120,5120.0,1706,944.0
5121,5121.0,1707,1761.0
5122,5122.0,1707,284.0
5123,5123.0,1707,1812.0
5124,5124.0,1708,870.0
5125,5125.0,1708,218.0
5126,5126.0,1708,1813.0
5127,5127.0,1709,1814.0
5128,5128.0,1709,1815.0
5129,5129.0,1709,1816.0
5130,5130.0,1710,628.0
5131,5131.0,1710,1159.0
5132,5132.0,1710,251.0
5133,5133.0,1711,139.0
5134,5134.0,1711,1019.0
5135,5135.0,1711,140.0
5136,5136.0,1712,481.0
5137,5137.0,1712,416.0
5138,5138.0,1712,357.0
5139,5139.0,1713,1668.0
5140,5140.0,1713,1817.0
5141,5141.0,1713,1818.0
5142,5142.0,1714,139.0
5143,5143.0,1714,239.0
5144,5144.0,1714,1069.0
5145,5145.0,1715,1436.0
5146,5146.0,1715,1819.0
5147,5147.0,1715,1820.0
5148,5148.0,1716,251.0
5149,5149.0,1716,94.0
5150,5150.0,1716,1681.0
5151,5151.0,1717,851.0
5152,5152.0,1717,84.0
5153,5153.0,1717,1821.0
5154,5154.0,1718,536.0
5155,5155.0,1718,539.0
5156,5156.0,1718,1822.0
5157,5157.0,1719,439.0
5158,5158.0,1719,150.0
5159,5159.0,1719,1499.0
5160,5160.0,1720,1187.0
5161,5161.0,1720,1054.0
5162,5162.0,1720,1823.0
5163,5163.0,1721,382.0
5164,5164.0,1721,514.0
5165,5165.0,1721,1824.0
5166,5166.0,1722,212.0
5167,5167.0,1722,152.0
5168,5168.0,1722,1073.0
5169,5169.0,1723,166.0
5170,5170.0,1723,803.0
5171,5171.0,1723,1825.0
5172,5172.0,1724,5.0
5173,5173.0,1724,1826.0
5174,5174.0,1724,295.0
5175,5175.0,1725,125.0
5176,5176.0,1725,1827.0
5177,5177.0,1725,1828.0
5178,5178.0,1726,250.0
5179,5179.0,1726,644.0
5180,5180.0,1726,510.0
5181,5181.0,1727,171.0
5182,5182.0,1727,1179.0
5183,5183.0,1727,455.0
5184,5184.0,1728,473.0
5185,5185.0,1728,402.0
5186,5186.0,1728,1829.0
5187,5187.0,1729,848.0
5188,5188.0,1729,1154.0
5189,5189.0,1729,1830.0
5190,5190.0,1730,1831.0
5191,5191.0,1730,738.0
5192,5192.0,1731,1127.0
5193,5193.0,1731,1832.0
5194,5194.0,1731,111.0
5195,5195.0,1732,54.0
5196,5196.0,1732,447.0
5197,5197.0,1732,1195.0
5198,5198.0,1733,1657.0
5199,5199.0,1733,1833.0
5200,5200.0,1733,137.0
5201,5201.0,1734,1462.0
5202,5202.0,1734,1834.0
5203,5203.0,1734,1835.0
5204,5204.0,1735,1528.0
5205,5205.0,1735,1004.0
5206,5206.0,1735,490.0
5207,5207.0,1736,426.0
5208,5208.0,1736,877.0
5209,5209.0,1736,300.0
5210,5210.0,1737,546.0
5211,5211.0,1737,1836.0
5212,5212.0,1737,578.0
5213,5213.0,1738,1837.0
5214,5214.0,1738,1838.0
5215,5215.0,1738,1839.0
5216,5216.0,1739,1840.0
5217,5217.0,1739,1841.0
5218,5218.0,1739,238.0
5219,5219.0,1740,1187.0
5220,5220.0,1740,1054.0
5221,5221.0,1740,1823.0
5222,5222.0,1741,552.0
5223,5223.0,1741,1842.0
5224,5224.0,1741,1276.0
5225,5225.0,1742,104.0
5226,5226.0,1742,1843.0
5227,5227.0,1742,1844.0
5228,5228.0,1743,1668.0
5229,5229.0,1743,1845.0
5230,5230.0,1743,1846.0
5231,5231.0,1744,154.0
5232,5232.0,1744,779.0
5233,5233.0,1744,383.0
5234,5234.0,1745,196.0
5235,5235.0,1745,305.0
5236,5236.0,1745,1499.0
5237,5237.0,1746,363.0
5238,5238.0,1746,610.0
5239,5239.0,1746,1847.0
5240,5240.0,1747,1419.0
5241,5241.0,1747,1848.0
5242,5242.0,1747,1849.0
5243,5243.0,1748,71.0
5244,5244.0,1748,55.0
5245,5245.0,1748,639.0
5246,5246.0,1749,1850.0
5247,5247.0,1749,155.0
5248,5248.0,1749,117.0
5249,5249.0,1750,1523.0
5250,5250.0,1750,312.0
5251,5251.0,1750,1524.0
5252,5252.0,1751,426.0
5253,5253.0,1751,1617.0
5254,5254.0,1751,1851.0
5255,5255.0,1752,416.0
5256,5256.0,1752,1303.0
5257,5257.0,1752,616.0
5258,5258.0,1753,696.0
5259,5259.0,1753,1655.0
5260,5260.0,1753,1852.0
5261,5261.0,1754,1853.0
5262,5262.0,1754,1854.0
5263,5263.0,1754,1855.0
5264,5264.0,1755,1190.0
5265,5265.0,1755,1856.0
5266,5266.0,1755,1857.0
5267,5267.0,1756,947.0
5268,5268.0,1756,113.0
5269,5269.0,1756,1331.0
5270,5270.0,1757,210.0
5271,5271.0,1757,795.0
5272,5272.0,1757,817.0
5273,5273.0,1758,188.0
5274,5274.0,1758,299.0
5275,5275.0,1758,406.0
5276,5276.0,1759,1858.0
5277,5277.0,1759,174.0
5278,5278.0,1759,427.0
5279,5279.0,1760,1013.0
5280,5280.0,1760,53.0
5281,5281.0,1760,847.0
5282,5282.0,1761,1859.0
5283,5283.0,1761,1860.0
5284,5284.0,1761,1861.0
5285,5285.0,1762,1328.0
5286,5286.0,1762,700.0
5287,5287.0,1762,994.0
5288,5288.0,1763,5.0
5289,5289.0,1763,270.0
5290,5290.0,1763,1862.0
5291,5291.0,1764,1863.0
5292,5292.0,1764,1864.0
5293,5293.0,1764,1865.0
5294,5294.0,1765,218.0
5295,5295.0,1765,1611.0
5296,5296.0,1765,1225.0
5297,5297.0,1766,277.0
5298,5298.0,1766,976.0
5299,5299.0,1766,44.0
5300,5300.0,1767,257.0
5301,5301.0,1767,150.0
5302,5302.0,1767,119.0
5303,5303.0,1768,139.0
5304,5304.0,1768,1866.0
5305,5305.0,1768,140.0
5306,5306.0,1769,399.0
5307,5307.0,1769,1867.0
5308,5308.0,1769,1868.0
5309,5309.0,1770,198.0
5310,5310.0,1770,646.0
5311,5311.0,1770,893.0
5312,5312.0,1771,193.0
5313,5313.0,1771,332.0
5314,5314.0,1771,898.0
5315,5315.0,1772,481.0
5316,5316.0,1772,283.0
5317,5317.0,1772,1869.0
5318,5318.0,1773,854.0
5319,5319.0,1773,1073.0
5320,5320.0,1773,1870.0
5321,5321.0,1774,299.0
5322,5322.0,1774,481.0
5323,5323.0,1774,597.0
5324,5324.0,1775,10.0
5325,5325.0,1775,226.0
5326,5326.0,1775,754.0
5327,5327.0,1776,1871.0
5328,5328.0,1776,1872.0
5329,5329.0,1776,1873.0
5330,5330.0,1777,684.0
5331,5331.0,1777,1874.0
5332,5332.0,1777,449.0
5333,5333.0,1778,478.0
5334,5334.0,1778,1127.0
5335,5335.0,1778,1875.0
5336,5336.0,1779,166.0
5337,5337.0,1779,497.0
5338,5338.0,1779,356.0
5339,5339.0,1780,1771.0
5340,5340.0,1780,73.0
5341,5341.0,1780,380.0
5342,5342.0,1781,250.0
5343,5343.0,1781,1876.0
5344,5344.0,1781,1877.0
5345,5345.0,1782,214.0
5346,5346.0,1782,997.0
5347,5347.0,1782,1878.0
5348,5348.0,1783,154.0
5349,5349.0,1783,17.0
5350,5350.0,1783,514.0
5351,5351.0,1784,405.0
5352,5352.0,1784,395.0
5353,5353.0,1784,1159.0
5354,5354.0,1785,171.0
5355,5355.0,1785,679.0
5356,5356.0,1785,1879.0
5357,5357.0,1786,994.0
5358,5358.0,1786,646.0
5359,5359.0,1786,379.0
5360,5360.0,1787,1880.0
5361,5361.0,1787,482.0
5362,5362.0,1787,10.0
5363,5363.0,1788,577.0
5364,5364.0,1788,522.0
5365,5365.0,1788,620.0
5366,5366.0,1789,1036.0
5367,5367.0,1789,1881.0
5368,5368.0,1789,1882.0
5369,5369.0,1790,198.0
5370,5370.0,1790,311.0
5371,5371.0,1790,1883.0
5372,5372.0,1791,333.0
5373,5373.0,1791,174.0
5374,5374.0,1791,1884.0
5375,5375.0,1792,85.0
5376,5376.0,1792,105.0
5377,5377.0,1792,877.0
5378,5378.0,1793,1372.0
5379,5379.0,1793,65.0
5380,5380.0,1793,174.0
5381,5381.0,1794,1096.0
5382,5382.0,1794,1885.0
5383,5383.0,1794,1886.0
5384,5384.0,1795,160.0
5385,5385.0,1795,1226.0
5386,5386.0,1795,171.0
5387,5387.0,1796,15.0
5388,5388.0,1796,117.0
5389,5389.0,1796,261.0
5390,5390.0,1797,1709.0
5391,5391.0,1797,964.0
5392,5392.0,1797,1887.0
5393,5393.0,1798,481.0
5394,5394.0,1798,779.0
5395,5395.0,1798,630.0
5396,5396.0,1799,183.0
5397,5397.0,1799,365.0
5398,5398.0,1799,1888.0
5399,5399.0,1800,139.0
5400,5400.0,1800,842.0
5401,5401.0,1800,1889.0
5402,5402.0,1801,544.0
5403,5403.0,1801,628.0
5404,5404.0,1801,689.0
5405,5405.0,1802,1890.0
5406,5406.0,1802,1891.0
5407,5407.0,1802,1133.0
5408,5408.0,1803,575.0
5409,5409.0,1803,1229.0
5410,5410.0,1803,870.0
5411,5411.0,1804,2.0
5412,5412.0,1804,555.0
5413,5413.0,1804,1892.0
5414,5414.0,1805,696.0
5415,5415.0,1805,614.0
5416,5416.0,1805,949.0
5417,5417.0,1806,117.0
5418,5418.0,1806,316.0
5419,5419.0,1806,624.0
5420,5420.0,1807,337.0
5421,5421.0,1807,1893.0
5422,5422.0,1807,1894.0
5423,5423.0,1808,96.0
5424,5424.0,1808,119.0
5425,5425.0,1808,1895.0
5426,5426.0,1809,270.0
5427,5427.0,1809,89.0
5428,5428.0,1809,255.0
5429,5429.0,1810,863.0
5430,5430.0,1810,1896.0
5431,5431.0,1810,229.0
5432,5432.0,1811,338.0
5433,5433.0,1811,887.0
5434,5434.0,1811,294.0
5435,5435.0,1812,279.0
5436,5436.0,1812,168.0
5437,5437.0,1812,1897.0
5438,5438.0,1813,895.0
5439,5439.0,1813,1898.0
5440,5440.0,1813,1899.0
5441,5441.0,1814,47.0
5442,5442.0,1814,986.0
5443,5443.0,1814,1617.0
5444,5444.0,1815,250.0
5445,5445.0,1815,419.0
5446,5446.0,1815,1197.0
5447,5447.0,1816,588.0
5448,5448.0,1816,624.0
5449,5449.0,1816,1900.0
5450,5450.0,1817,1901.0
5451,5451.0,1817,171.0
5452,5452.0,1817,1902.0
5453,5453.0,1818,250.0
5454,5454.0,1818,119.0
5455,5455.0,1818,270.0
5456,5456.0,1819,52.0
5457,5457.0,1819,1903.0
5458,5458.0,1819,1904.0
5459,5459.0,1820,839.0
5460,5460.0,1820,1500.0
5461,5461.0,1820,877.0
5462,5462.0,1821,655.0
5463,5463.0,1821,656.0
5464,5464.0,1821,657.0
5465,5465.0,1822,1482.0
5466,5466.0,1822,1905.0
5467,5467.0,1822,1906.0
5468,5468.0,1823,1907.0
5469,5469.0,1823,1908.0
5470,5470.0,1823,1909.0
5471,5471.0,1824,239.0
5472,5472.0,1824,1910.0
5473,5473.0,1824,1500.0
5474,5474.0,1825,1911.0
5475,5475.0,1825,1912.0
5476,5476.0,1825,1913.0
5477,5477.0,1826,1319.0
5478,5478.0,1826,1914.0
5479,5479.0,1826,1915.0
5480,5480.0,1827,1916.0
5481,5481.0,1827,1917.0
5482,5482.0,1827,1918.0
5483,5483.0,1828,171.0
5484,5484.0,1828,761.0
5485,5485.0,1828,1919.0
5486,5486.0,1829,46.0
5487,5487.0,1829,72.0
5488,5488.0,1829,47.0
5489,5489.0,1830,1004.0
5490,5490.0,1830,760.0
5491,5491.0,1830,543.0
5492,5492.0,1831,277.0
5493,5493.0,1831,881.0
5494,5494.0,1831,947.0
5495,5495.0,1832,1527.0
5496,5496.0,1832,1576.0
5497,5497.0,1832,3.0
5498,5498.0,1833,155.0
5499,5499.0,1833,887.0
5500,5500.0,1833,987.0
5501,5501.0,1834,79.0
5502,5502.0,1834,536.0
5503,5503.0,1834,885.0
5504,5504.0,1835,261.0
5505,5505.0,1835,630.0
5506,5506.0,1835,160.0
5507,5507.0,1836,230.0
5508,5508.0,1836,241.0
5509,5509.0,1836,324.0
5510,5510.0,1837,163.0
5511,5511.0,1837,1563.0
5512,5512.0,1837,1627.0
5513,5513.0,1838,1920.0
5514,5514.0,1838,1921.0
5515,5515.0,1838,1917.0
5516,5516.0,1839,649.0
5517,5517.0,1839,1922.0
5518,5518.0,1839,1923.0
5519,5519.0,1840,1291.0
5520,5520.0,1840,1691.0
5521,5521.0,1840,1924.0
5522,5522.0,1841,227.0
5523,5523.0,1841,1124.0
5524,5524.0,1841,476.0
5525,5525.0,1842,3.0
5526,5526.0,1842,62.0
5527,5527.0,1842,1925.0
5528,5528.0,1843,1572.0
5529,5529.0,1843,1926.0
5530,5530.0,1843,1927.0
5531,5531.0,1844,250.0
5532,5532.0,1844,1209.0
5533,5533.0,1844,1928.0
5534,5534.0,1845,481.0
5535,5535.0,1845,361.0
5536,5536.0,1845,419.0
5537,5537.0,1846,377.0
5538,5538.0,1846,663.0
5539,5539.0,1846,356.0
5540,5540.0,1847,481.0
5541,5541.0,1847,1019.0
5542,5542.0,1847,322.0
5543,5543.0,1848,1709.0
5544,5544.0,1848,1279.0
5545,5545.0,1848,1929.0
5546,5546.0,1849,910.0
5547,5547.0,1849,881.0
5548,5548.0,1849,129.0
5549,5549.0,1850,752.0
5550,5550.0,1850,1930.0
5551,5551.0,1850,271.0
5552,5552.0,1851,605.0
5553,5553.0,1851,363.0
5554,5554.0,1851,1931.0
5555,5555.0,1852,1397.0
5556,5556.0,1852,1932.0
5557,5557.0,1852,1144.0
5558,5558.0,1853,85.0
5559,5559.0,1853,239.0
5560,5560.0,1853,235.0
5561,5561.0,1854,136.0
5562,5562.0,1854,1277.0
5563,5563.0,1854,1933.0
5564,5564.0,1855,531.0
5565,5565.0,1855,1224.0
5566,5566.0,1855,1934.0
5567,5567.0,1856,1935.0
5568,5568.0,1856,1936.0
5569,5569.0,1856,1937.0
5570,5570.0,1857,1690.0
5571,5571.0,1857,809.0
5572,5572.0,1857,1938.0
5573,5573.0,1858,1939.0
5574,5574.0,1858,1940.0
5575,5575.0,1858,505.0
5576,5576.0,1859,1854.0
5577,5577.0,1859,1853.0
5578,5578.0,1859,1855.0
5579,5579.0,1860,163.0
5580,5580.0,1860,795.0
5581,5581.0,1860,1772.0
5582,5582.0,1861,573.0
5583,5583.0,1861,52.0
5584,5584.0,1861,1941.0
5585,5585.0,1862,1190.0
5586,5586.0,1862,1568.0
5587,5587.0,1862,917.0
5588,5588.0,1863,797.0
5589,5589.0,1863,615.0
5590,5590.0,1863,1942.0
5591,5591.0,1864,92.0
5592,5592.0,1864,629.0
5593,5593.0,1864,314.0
5594,5594.0,1865,1943.0
5595,5595.0,1865,881.0
5596,5596.0,1865,1024.0
5597,5597.0,1866,1944.0
5598,5598.0,1866,1945.0
5599,5599.0,1866,1946.0
5600,5600.0,1867,1947.0
5601,5601.0,1867,399.0
5602,5602.0,1867,288.0
5603,5603.0,1868,163.0
5604,5604.0,1868,1626.0
5605,5605.0,1868,956.0
5606,5606.0,1869,58.0
5607,5607.0,1869,553.0
5608,5608.0,1869,629.0
5609,5609.0,1870,1943.0
5610,5610.0,1870,144.0
5611,5611.0,1870,1948.0
5612,5612.0,1871,1250.0
5613,5613.0,1871,1949.0
5614,5614.0,1871,1950.0
5615,5615.0,1872,1951.0
5616,5616.0,1872,1952.0
5617,5617.0,1872,1953.0
5618,5618.0,1873,765.0
5619,5619.0,1873,318.0
5620,5620.0,1873,730.0
5621,5621.0,1874,245.0
5622,5622.0,1874,686.0
5623,5623.0,1874,1104.0
5624,5624.0,1875,55.0
5625,5625.0,1875,380.0
5626,5626.0,1875,1954.0
5627,5627.0,1876,1955.0
5628,5628.0,1876,451.0
5629,5629.0,1876,983.0
5630,5630.0,1877,1956.0
5631,5631.0,1877,1957.0
5632,5632.0,1877,1958.0
5633,5633.0,1878,1959.0
5634,5634.0,1878,1960.0
5635,5635.0,1878,1961.0
5636,5636.0,1879,268.0
5637,5637.0,1879,502.0
5638,5638.0,1879,496.0
5639,5639.0,1880,1962.0
5640,5640.0,1880,1963.0
5641,5641.0,1880,1964.0
5642,5642.0,1881,605.0
5643,5643.0,1881,416.0
5644,5644.0,1881,1109.0
5645,5645.0,1882,1893.0
5646,5646.0,1882,1965.0
5647,5647.0,1882,1966.0
5648,5648.0,1883,600.0
5649,5649.0,1883,523.0
5650,5650.0,1883,1967.0
5651,5651.0,1884,85.0
5652,5652.0,1884,80.0
5653,5653.0,1884,1293.0
5654,5654.0,1885,629.0
5655,5655.0,1885,646.0
5656,5656.0,1885,613.0
5657,5657.0,1886,1968.0
5658,5658.0,1886,287.0
5659,5659.0,1886,1969.0
5660,5660.0,1887,630.0
5661,5661.0,1887,140.0
5662,5662.0,1887,1660.0
5663,5663.0,1888,1970.0
5664,5664.0,1888,77.0
5665,5665.0,1888,659.0
5666,5666.0,1889,477.0
5667,5667.0,1889,1971.0
5668,5668.0,1889,622.0
5669,5669.0,1890,3.0
5670,5670.0,1890,866.0
5671,5671.0,1890,1169.0
5672,5672.0,1891,499.0
5673,5673.0,1891,144.0
5674,5674.0,1891,1267.0
5675,5675.0,1892,1574.0
5676,5676.0,1892,1.0
5677,5677.0,1892,42.0
5678,5678.0,1893,751.0
5679,5679.0,1893,408.0
5680,5680.0,1893,1972.0
5681,5681.0,1894,163.0
5682,5682.0,1894,490.0
5683,5683.0,1894,1397.0
5684,5684.0,1895,586.0
5685,5685.0,1895,1716.0
5686,5686.0,1895,283.0
5687,5687.0,1896,1973.0
5688,5688.0,1896,1974.0
5689,5689.0,1896,1968.0
5690,5690.0,1897,980.0
5691,5691.0,1897,1704.0
5692,5692.0,1897,1975.0
5693,5693.0,1898,1976.0
5694,5694.0,1898,1977.0
5695,5695.0,1898,1978.0
5696,5696.0,1899,409.0
5697,5697.0,1899,994.0
5698,5698.0,1899,1140.0
5699,5699.0,1900,810.0
5700,5700.0,1900,748.0
5701,5701.0,1900,1979.0
5702,5702.0,1901,82.0
5703,5703.0,1901,702.0
5704,5704.0,1901,1980.0
5705,5705.0,1902,196.0
5706,5706.0,1902,624.0
5707,5707.0,1902,566.0
5708,5708.0,1903,1981.0
5709,5709.0,1903,1982.0
5710,5710.0,1903,798.0
5711,5711.0,1904,1064.0
5712,5712.0,1904,769.0
5713,5713.0,1904,509.0
5714,5714.0,1905,1983.0
5715,5715.0,1905,1984.0
5716,5716.0,1905,1985.0
5717,5717.0,1906,413.0
5718,5718.0,1906,1556.0
5719,5719.0,1906,457.0
5720,5720.0,1907,1436.0
5721,5721.0,1907,1528.0
5722,5722.0,1907,1986.0
5723,5723.0,1908,583.0
5724,5724.0,1908,1987.0
5725,5725.0,1908,383.0
5726,5726.0,1909,263.0
5727,5727.0,1909,744.0
5728,5728.0,1909,1954.0
5729,5729.0,1910,705.0
5730,5730.0,1910,349.0
5731,5731.0,1910,572.0
5732,5732.0,1911,1579.0
5733,5733.0,1911,1988.0
5734,5734.0,1911,1989.0
5735,5735.0,1912,1716.0
5736,5736.0,1912,332.0
5737,5737.0,1912,1990.0
5738,5738.0,1913,171.0
5739,5739.0,1913,803.0
5740,5740.0,1913,1991.0
5741,5741.0,1914,1992.0
5742,5742.0,1914,1618.0
5743,5743.0,1914,1553.0
5744,5744.0,1915,985.0
5745,5745.0,1915,109.0
5746,5746.0,1915,160.0
5747,5747.0,1916,413.0
5748,5748.0,1916,1993.0
5749,5749.0,1916,1994.0
5750,5750.0,1917,365.0
5751,5751.0,1917,580.0
5752,5752.0,1917,1527.0
5753,5753.0,1918,230.0
5754,5754.0,1918,1995.0
5755,5755.0,1918,1996.0
5756,5756.0,1919,492.0
5757,5757.0,1919,1321.0
5758,5758.0,1919,1997.0
5759,5759.0,1920,263.0
5760,5760.0,1920,1998.0
5761,5761.0,1920,560.0
5762,5762.0,1921,250.0
5763,5763.0,1921,1692.0
5764,5764.0,1921,849.0
5765,5765.0,1922,991.0
5766,5766.0,1922,1089.0
5767,5767.0,1922,1363.0
5768,5768.0,1923,1095.0
5769,5769.0,1923,508.0
5770,5770.0,1923,220.0
5771,5771.0,1924,751.0
5772,5772.0,1924,509.0
5773,5773.0,1924,121.0
5774,5774.0,1925,216.0
5775,5775.0,1925,239.0
5776,5776.0,1925,210.0
5777,5777.0,1926,1574.0
5778,5778.0,1926,1999.0
5779,5779.0,1926,2000.0
5780,5780.0,1927,2001.0
5781,5781.0,1927,2002.0
5782,5782.0,1927,162.0
5783,5783.0,1928,624.0
5784,5784.0,1928,32.0
5785,5785.0,1928,66.0
5786,5786.0,1929,784.0
5787,5787.0,1929,1576.0
5788,5788.0,1929,689.0
5789,5789.0,1930,2003.0
5790,5790.0,1930,2004.0
5791,5791.0,1930,2005.0
5792,5792.0,1931,552.0
5793,5793.0,1931,974.0
5794,5794.0,1931,182.0
5795,5795.0,1932,1707.0
5796,5796.0,1932,2006.0
5797,5797.0,1932,2007.0
5798,5798.0,1933,2008.0
5799,5799.0,1933,2009.0
5800,5800.0,1933,1981.0
5801,5801.0,1934,853.0
5802,5802.0,1934,1059.0
5803,5803.0,1934,2010.0
5804,5804.0,1935,275.0
5805,5805.0,1935,2011.0
5806,5806.0,1935,2012.0
5807,5807.0,1936,2013.0
5808,5808.0,1936,2014.0
5809,5809.0,1936,59.0
5810,5810.0,1937,964.0
5811,5811.0,1937,2015.0
5812,5812.0,1937,2016.0
5813,5813.0,1938,553.0
5814,5814.0,1938,23.0
5815,5815.0,1938,243.0
5816,5816.0,1939,2017.0
5817,5817.0,1939,119.0
5818,5818.0,1939,225.0
5819,5819.0,1940,62.0
5820,5820.0,1940,411.0
5821,5821.0,1940,7.0
5822,5822.0,1941,379.0
5823,5823.0,1941,881.0
5824,5824.0,1941,1717.0
5825,5825.0,1942,2018.0
5826,5826.0,1942,2019.0
5827,5827.0,1942,2020.0
5828,5828.0,1943,318.0
5829,5829.0,1943,328.0
5830,5830.0,1943,1806.0
5831,5831.0,1944,1291.0
5832,5832.0,1944,216.0
5833,5833.0,1944,2021.0
5834,5834.0,1945,380.0
5835,5835.0,1945,1255.0
5836,5836.0,1945,2022.0
5837,5837.0,1946,228.0
5838,5838.0,1946,402.0
5839,5839.0,1946,241.0
5840,5840.0,1947,2023.0
5841,5841.0,1947,118.0
5842,5842.0,1947,2024.0
5843,5843.0,1948,2025.0
5844,5844.0,1948,730.0
5845,5845.0,1948,2026.0
5846,5846.0,1949,955.0
5847,5847.0,1949,322.0
5848,5848.0,1949,2027.0
5849,5849.0,1950,2028.0
5850,5850.0,1950,2029.0
5851,5851.0,1950,2030.0
5852,5852.0,1951,2031.0
5853,5853.0,1951,2032.0
5854,5854.0,1951,2033.0
5855,5855.0,1952,110.0
5856,5856.0,1952,196.0
5857,5857.0,1952,72.0
5858,5858.0,1953,1665.0
5859,5859.0,1953,432.0
5860,5860.0,1953,1482.0
5861,5861.0,1954,1608.0
5862,5862.0,1954,152.0
5863,5863.0,1954,2034.0
5864,5864.0,1955,1517.0
5865,5865.0,1955,1274.0
5866,5866.0,1955,2035.0
5867,5867.0,1956,1005.0
5868,5868.0,1956,1420.0
5869,5869.0,1956,763.0
5870,5870.0,1957,621.0
5871,5871.0,1957,123.0
5872,5872.0,1957,271.0
5873,5873.0,1958,91.0
5874,5874.0,1958,1836.0
5875,5875.0,1958,181.0
5876,5876.0,1959,1523.0
5877,5877.0,1959,312.0
5878,5878.0,1959,1524.0
5879,5879.0,1960,489.0
5880,5880.0,1960,2036.0
5881,5881.0,1960,1785.0
5882,5882.0,1961,1343.0
5883,5883.0,1961,1344.0
5884,5884.0,1961,933.0
5885,5885.0,1962,261.0
5886,5886.0,1962,310.0
5887,5887.0,1962,115.0
5888,5888.0,1963,2037.0
5889,5889.0,1963,850.0
5890,5890.0,1963,2038.0
5891,5891.0,1964,299.0
5892,5892.0,1964,1356.0
5893,5893.0,1964,2039.0
5894,5894.0,1965,379.0
5895,5895.0,1965,558.0
5896,5896.0,1965,2040.0
5897,5897.0,1966,1503.0
5898,5898.0,1966,377.0
5899,5899.0,1966,440.0
5900,5900.0,1967,92.0
5901,5901.0,1967,338.0
5902,5902.0,1967,2041.0
5903,5903.0,1968,979.0
5904,5904.0,1968,655.0
5905,5905.0,1968,1324.0
5906,5906.0,1969,878.0
5907,5907.0,1969,2042.0
5908,5908.0,1969,2043.0
5909,5909.0,1970,154.0
5910,5910.0,1970,986.0
5911,5911.0,1970,2044.0
5912,5912.0,1971,277.0
5913,5913.0,1971,416.0
5914,5914.0,1971,680.0
5915,5915.0,1972,198.0
5916,5916.0,1972,115.0
5917,5917.0,1972,92.0
5918,5918.0,1973,2010.0
5919,5919.0,1973,1939.0
5920,5920.0,1973,2045.0
5921,5921.0,1974,848.0
5922,5922.0,1974,183.0
5923,5923.0,1974,2046.0
5924,5924.0,1975,84.0
5925,5925.0,1975,32.0
5926,5926.0,1975,1372.0
5927,5927.0,1976,2047.0
5928,5928.0,1976,2048.0
5929,5929.0,1976,2049.0
5930,5930.0,1977,2050.0
5931,5931.0,1977,960.0
5932,5932.0,1977,2051.0
5933,5933.0,1978,1343.0
5934,5934.0,1978,1168.0
5935,5935.0,1978,817.0
5936,5936.0,1979,365.0
5937,5937.0,1979,600.0
5938,5938.0,1979,1623.0
5939,5939.0,1980,539.0
5940,5940.0,1980,294.0
5941,5941.0,1980,1091.0
5942,5942.0,1981,596.0
5943,5943.0,1981,2052.0
5944,5944.0,1981,963.0
5945,5945.0,1982,31.0
5946,5946.0,1982,32.0
5947,5947.0,1982,80.0
5948,5948.0,1983,104.0
5949,5949.0,1983,2053.0
5950,5950.0,1983,1313.0
5951,5951.0,1984,2054.0
5952,5952.0,1984,2055.0
5953,5953.0,1984,761.0
5954,5954.0,1985,500.0
5955,5955.0,1985,632.0
5956,5956.0,1985,695.0
5957,5957.0,1986,105.0
5958,5958.0,1986,300.0
5959,5959.0,1986,1197.0
5960,5960.0,1987,2056.0
5961,5961.0,1987,2057.0
5962,5962.0,1987,2058.0
5963,5963.0,1988,382.0
5964,5964.0,1988,600.0
5965,5965.0,1988,52.0
5966,5966.0,1989,586.0
5967,5967.0,1989,695.0
5968,5968.0,1989,1863.0
5969,5969.0,1990,1639.0
5970,5970.0,1990,125.0
5971,5971.0,1990,1640.0
5972,5972.0,1991,45.0
5973,5973.0,1991,363.0
5974,5974.0,1991,307.0
5975,5975.0,1992,1580.0
5976,5976.0,1992,1183.0
5977,5977.0,1992,1706.0
5978,5978.0,1993,1439.0
5979,5979.0,1993,1036.0
5980,5980.0,1993,2059.0
5981,5981.0,1994,989.0
5982,5982.0,1994,198.0
5983,5983.0,1994,283.0
5984,5984.0,1995,103.0
5985,5985.0,1995,722.0
5986,5986.0,1995,778.0
5987,5987.0,1996,1303.0
5988,5988.0,1996,525.0
5989,5989.0,1996,77.0
5990,5990.0,1997,473.0
5991,5991.0,1997,65.0
5992,5992.0,1997,576.0
5993,5993.0,1998,327.0
5994,5994.0,1998,104.0
5995,5995.0,1998,1758.0
5996,5996.0,1999,2060.0
5997,5997.0,1999,1537.0
5998,5998.0,1999,446.0
5999,5999.0,2000,548.0
6000,6000.0,2000,261.0
6001,6001.0,2000,2061.0
6002,6002.0,2001,231.0
6003,6003.0,2001,681.0
6004,6004.0,2001,2062.0
6005,6005.0,2002,2063.0
6006,6006.0,2002,115.0
6007,6007.0,2002,110.0
6008,6008.0,2003,2064.0
6009,6009.0,2003,2065.0
6010,6010.0,2003,1891.0
6011,6011.0,2004,470.0
6012,6012.0,2004,629.0
6013,6013.0,2004,63.0
6014,6014.0,2005,1004.0
6015,6015.0,2005,1857.0
6016,6016.0,2005,2066.0
6017,6017.0,2006,270.0
6018,6018.0,2006,849.0
6019,6019.0,2006,553.0
6020,6020.0,2007,788.0
6021,6021.0,2007,1235.0
6022,6022.0,2007,2067.0
6023,6023.0,2008,46.0
6024,6024.0,2008,182.0
6025,6025.0,2008,548.0
6026,6026.0,2009,381.0
6027,6027.0,2009,2068.0
6028,6028.0,2009,1636.0
6029,6029.0,2010,485.0
6030,6030.0,2010,994.0
6031,6031.0,2010,328.0
6032,6032.0,2011,271.0
6033,6033.0,2011,695.0
6034,6034.0,2011,2069.0
6035,6035.0,2012,155.0
6036,6036.0,2012,1665.0
6037,6037.0,2012,1104.0
6038,6038.0,2013,1517.0
6039,6039.0,2013,2070.0
6040,6040.0,2013,2071.0
6041,6041.0,2014,139.0
6042,6042.0,2014,193.0
6043,6043.0,2014,1195.0
6044,6044.0,2015,2072.0
6045,6045.0,2015,1213.0
6046,6046.0,2015,210.0
6047,6047.0,2016,54.0
6048,6048.0,2016,33.0
6049,6049.0,2016,2073.0
6050,6050.0,2017,907.0
6051,6051.0,2017,485.0
6052,6052.0,2017,1194.0
6053,6053.0,2018,196.0
6054,6054.0,2018,251.0
6055,6055.0,2018,1093.0
6056,6056.0,2019,100.0
6057,6057.0,2019,1137.0
6058,6058.0,2019,2074.0
6059,6059.0,2020,174.0
6060,6060.0,2020,2075.0
6061,6061.0,2020,2076.0
6062,6062.0,2021,105.0
6063,6063.0,2021,2077.0
6064,6064.0,2021,1644.0
6065,6065.0,2022,629.0
6066,6066.0,2022,895.0
6067,6067.0,2022,2078.0
6068,6068.0,2023,766.0
6069,6069.0,2023,2079.0
6070,6070.0,2023,1931.0
6071,6071.0,2024,119.0
6072,6072.0,2024,2080.0
6073,6073.0,2024,2081.0
6074,6074.0,2025,955.0
6075,6075.0,2025,2082.0
6076,6076.0,2025,2083.0
6077,6077.0,2026,426.0
6078,6078.0,2026,754.0
6079,6079.0,2026,2084.0
6080,6080.0,2027,597.0
6081,6081.0,2027,271.0
6082,6082.0,2027,2040.0
6083,6083.0,2028,2085.0
6084,6084.0,2028,2086.0
6085,6085.0,2028,2087.0
6086,6086.0,2029,239.0
6087,6087.0,2029,1287.0
6088,6088.0,2029,1537.0
6089,6089.0,2030,765.0
6090,6090.0,2030,668.0
6091,6091.0,2030,1167.0
6092,6092.0,2031,353.0
6093,6093.0,2031,1661.0
6094,6094.0,2031,2088.0
6095,6095.0,2032,275.0
6096,6096.0,2032,1373.0
6097,6097.0,2032,2089.0
6098,6098.0,2033,766.0
6099,6099.0,2033,1939.0
6100,6100.0,2033,1371.0
6101,6101.0,2034,440.0
6102,6102.0,2034,1821.0
6103,6103.0,2034,68.0
6104,6104.0,2035,115.0
6105,6105.0,2035,767.0
6106,6106.0,2035,2090.0
6107,6107.0,2036,1049.0
6108,6108.0,2036,327.0
6109,6109.0,2036,60.0
6110,6110.0,2037,2091.0
6111,6111.0,2037,2092.0
6112,6112.0,2037,2093.0
6113,6113.0,2038,543.0
6114,6114.0,2038,61.0
6115,6115.0,2038,1412.0
6116,6116.0,2039,2094.0
6117,6117.0,2039,2095.0
6118,6118.0,2039,27.0
6119,6119.0,2040,1758.0
6120,6120.0,2040,397.0
6121,6121.0,2040,767.0
6122,6122.0,2041,47.0
6123,6123.0,2041,198.0
6124,6124.0,2041,1177.0
6125,6125.0,2042,1420.0
6126,6126.0,2042,524.0
6127,6127.0,2042,2096.0
6128,6128.0,2043,490.0
6129,6129.0,2043,17.0
6130,6130.0,2043,2097.0
6131,6131.0,2044,2098.0
6132,6132.0,2044,1705.0
6133,6133.0,2044,2099.0
6134,6134.0,2045,1418.0
6135,6135.0,2045,279.0
6136,6136.0,2045,2100.0
6137,6137.0,2046,2101.0
6138,6138.0,2046,2102.0
6139,6139.0,2046,2103.0
6140,6140.0,2047,1520.0
6141,6141.0,2047,841.0
6142,6142.0,2047,2104.0
6143,6143.0,2048,1218.0
6144,6144.0,2048,2105.0
6145,6145.0,2048,2106.0
6146,6146.0,2049,162.0
6147,6147.0,2049,539.0
6148,6148.0,2049,1576.0
6149,6149.0,2050,1023.0
6150,6150.0,2050,1597.0
6151,6151.0,2050,2107.0
6152,6152.0,2051,3.0
6153,6153.0,2051,14.0
6154,6154.0,2051,123.0
6155,6155.0,2052,585.0
6156,6156.0,2052,562.0
6157,6157.0,2052,2108.0
6158,6158.0,2053,492.0
6159,6159.0,2053,2109.0
6160,6160.0,2053,1596.0
6161,6161.0,2054,258.0
6162,6162.0,2054,914.0
6163,6163.0,2054,479.0
6164,6164.0,2055,470.0
6165,6165.0,2055,1190.0
6166,6166.0,2055,751.0
6167,6167.0,2056,58.0
6168,6168.0,2056,881.0
6169,6169.0,2056,875.0
6170,6170.0,2057,643.0
6171,6171.0,2057,2110.0
6172,6172.0,2057,2111.0
6173,6173.0,2058,2112.0
6174,6174.0,2058,481.0
6175,6175.0,2058,340.0
6176,6176.0,2059,2113.0
6177,6177.0,2059,2114.0
6178,6178.0,2059,2115.0
6179,6179.0,2060,9.0
6180,6180.0,2060,1.0
6181,6181.0,2060,600.0
6182,6182.0,2061,198.0
6183,6183.0,2061,1066.0
6184,6184.0,2061,226.0
6185,6185.0,2062,2116.0
6186,6186.0,2062,2117.0
6187,6187.0,2062,696.0
6188,6188.0,2063,92.0
6189,6189.0,2063,605.0
6190,6190.0,2063,287.0
6191,6191.0,2064,2118.0
6192,6192.0,2064,2119.0
6193,6193.0,2064,2120.0
6194,6194.0,2065,221.0
6195,6195.0,2065,949.0
6196,6196.0,2065,382.0
6197,6197.0,2066,895.0
6198,6198.0,2066,2121.0
6199,6199.0,2066,2122.0
6200,6200.0,2067,2123.0
6201,6201.0,2067,2124.0
6202,6202.0,2067,2125.0
6203,6203.0,2068,1826.0
6204,6204.0,2068,2126.0
6205,6205.0,2068,2127.0
6206,6206.0,2069,1916.0
6207,6207.0,2069,2128.0
6208,6208.0,2069,2129.0
6209,6209.0,2070,191.0
6210,6210.0,2070,397.0
6211,6211.0,2070,433.0
6212,6212.0,2071,671.0
6213,6213.0,2071,148.0
6214,6214.0,2071,481.0
6215,6215.0,2072,651.0
6216,6216.0,2072,1226.0
6217,6217.0,2072,1810.0
6218,6218.0,2073,2130.0
6219,6219.0,2073,653.0
6220,6220.0,2073,2131.0
6221,6221.0,2074,490.0
6222,6222.0,2074,2132.0
6223,6223.0,2074,2133.0
6224,6224.0,2075,2134.0
6225,6225.0,2075,1179.0
6226,6226.0,2075,1005.0
6227,6227.0,2076,2135.0
6228,6228.0,2076,2136.0
6229,6229.0,2076,2137.0
6230,6230.0,2077,1034.0
6231,6231.0,2077,1650.0
6232,6232.0,2077,2138.0
6233,6233.0,2078,171.0
6234,6234.0,2078,1061.0
6235,6235.0,2078,233.0
6236,6236.0,2079,117.0
6237,6237.0,2079,279.0
6238,6238.0,2079,548.0
6239,6239.0,2080,510.0
6240,6240.0,2080,11.0
6241,6241.0,2080,2139.0
6242,6242.0,2081,596.0
6243,6243.0,2081,150.0
6244,6244.0,2081,2140.0
6245,6245.0,2082,411.0
6246,6246.0,2082,320.0
6247,6247.0,2082,148.0
6248,6248.0,2083,681.0
6249,6249.0,2083,1856.0
6250,6250.0,2083,2141.0
6251,6251.0,2084,688.0
6252,6252.0,2084,306.0
6253,6253.0,2084,248.0
6254,6254.0,2085,125.0
6255,6255.0,2085,1646.0
6256,6256.0,2085,2142.0
6257,6257.0,2086,1386.0
6258,6258.0,2086,322.0
6259,6259.0,2086,1461.0
6260,6260.0,2087,231.0
6261,6261.0,2087,2143.0
6262,6262.0,2087,2144.0
6263,6263.0,2088,258.0
6264,6264.0,2088,2145.0
6265,6265.0,2088,1166.0
6266,6266.0,2089,195.0
6267,6267.0,2089,1137.0
6268,6268.0,2089,2053.0
6269,6269.0,2090,360.0
6270,6270.0,2090,1190.0
6271,6271.0,2090,951.0
6272,6272.0,2091,411.0
6273,6273.0,2091,275.0
6274,6274.0,2091,1226.0
6275,6275.0,2092,194.0
6276,6276.0,2092,2146.0
6277,6277.0,2092,2147.0
6278,6278.0,2093,1040.0
6279,6279.0,2093,2148.0
6280,6280.0,2093,2149.0
6281,6281.0,2094,643.0
6282,6282.0,2094,2064.0
6283,6283.0,2094,2150.0
6284,6284.0,2095,405.0
6285,6285.0,2095,757.0
6286,6286.0,2095,1092.0
6287,6287.0,2096,1072.0
6288,6288.0,2096,625.0
6289,6289.0,2096,2151.0
6290,6290.0,2097,1004.0
6291,6291.0,2097,1354.0
6292,6292.0,2097,2152.0
6293,6293.0,2098,296.0
6294,6294.0,2098,548.0
6295,6295.0,2098,695.0
6296,6296.0,2099,60.0
6297,6297.0,2099,287.0
6298,6298.0,2099,2153.0
6299,6299.0,2100,1890.0
6300,6300.0,2100,1737.0
6301,6301.0,2100,2154.0
6302,6302.0,2101,931.0
6303,6303.0,2101,175.0
6304,6304.0,2101,1106.0
6305,6305.0,2102,198.0
6306,6306.0,2102,441.0
6307,6307.0,2102,2155.0
6308,6308.0,2103,2.0
6309,6309.0,2103,460.0
6310,6310.0,2103,1883.0
6311,6311.0,2104,266.0
6312,6312.0,2104,525.0
6313,6313.0,2104,1866.0
6314,6314.0,2105,141.0
6315,6315.0,2105,110.0
6316,6316.0,2105,2156.0
6317,6317.0,2106,2008.0
6318,6318.0,2106,1.0
6319,6319.0,2106,2010.0
6320,6320.0,2107,1572.0
6321,6321.0,2107,653.0
6322,6322.0,2107,2157.0
6323,6323.0,2108,3.0
6324,6324.0,2108,848.0
6325,6325.0,2108,2040.0
6326,6326.0,2109,236.0
6327,6327.0,2109,2158.0
6328,6328.0,2109,2159.0
6329,6329.0,2110,1572.0
6330,6330.0,2110,951.0
6331,6331.0,2110,505.0
6332,6332.0,2111,628.0
6333,6333.0,2111,2160.0
6334,6334.0,2111,643.0
6335,6335.0,2112,88.0
6336,6336.0,2112,258.0
6337,6337.0,2112,1112.0
6338,6338.0,2113,1050.0
6339,6339.0,2113,2161.0
6340,6340.0,2113,2162.0
6341,6341.0,2114,2163.0
6342,6342.0,2114,2164.0
6343,6343.0,2114,2165.0
6344,6344.0,2115,742.0
6345,6345.0,2115,1066.0
6346,6346.0,2115,2138.0
6347,6347.0,2116,80.0
6348,6348.0,2116,590.0
6349,6349.0,2116,2166.0
6350,6350.0,2117,2167.0
6351,6351.0,2117,2168.0
6352,6352.0,2117,2169.0
6353,6353.0,2118,426.0
6354,6354.0,2118,1588.0
6355,6355.0,2118,2170.0
6356,6356.0,2119,278.0
6357,6357.0,2119,2171.0
6358,6358.0,2119,2172.0
6359,6359.0,2120,625.0
6360,6360.0,2120,98.0
6361,6361.0,2120,2024.0
6362,6362.0,2121,1048.0
6363,6363.0,2121,2173.0
6364,6364.0,2121,167.0
6365,6365.0,2122,2174.0
6366,6366.0,2122,2161.0
6367,6367.0,2122,2175.0
6368,6368.0,2123,23.0
6369,6369.0,2123,412.0
6370,6370.0,2123,577.0
6371,6371.0,2124,193.0
6372,6372.0,2124,1072.0
6373,6373.0,2124,932.0
6374,6374.0,2125,656.0
6375,6375.0,2125,1854.0
6376,6376.0,2125,2176.0
6377,6377.0,2126,832.0
6378,6378.0,2126,2177.0
6379,6379.0,2126,1194.0
6380,6380.0,2127,191.0
6381,6381.0,2127,2178.0
6382,6382.0,2127,1206.0
6383,6383.0,2128,338.0
6384,6384.0,2128,659.0
6385,6385.0,2128,943.0
6386,6386.0,2129,2179.0
6387,6387.0,2129,2180.0
6388,6388.0,2129,1011.0
6389,6389.0,2130,198.0
6390,6390.0,2130,1038.0
6391,6391.0,2130,2181.0
6392,6392.0,2131,870.0
6393,6393.0,2131,2182.0
6394,6394.0,2131,2183.0
6395,6395.0,2132,2184.0
6396,6396.0,2132,2185.0
6397,6397.0,2132,2186.0
6398,6398.0,2133,106.0
6399,6399.0,2133,55.0
6400,6400.0,2133,1712.0
6401,6401.0,2134,242.0
6402,6402.0,2134,378.0
6403,6403.0,2134,2187.0
6404,6404.0,2135,629.0
6405,6405.0,2135,283.0
6406,6406.0,2135,37.0
6407,6407.0,2136,2123.0
6408,6408.0,2136,2124.0
6409,6409.0,2136,2188.0
6410,6410.0,2137,435.0
6411,6411.0,2137,2189.0
6412,6412.0,2137,2190.0
6413,6413.0,2138,2.0
6414,6414.0,2138,564.0
6415,6415.0,2138,731.0
6416,6416.0,2139,2191.0
6417,6417.0,2139,2192.0
6418,6418.0,2139,1277.0
6419,6419.0,2140,2193.0
6420,6420.0,2140,895.0
6421,6421.0,2140,2194.0
6422,6422.0,2141,597.0
6423,6423.0,2141,413.0
6424,6424.0,2141,17.0
6425,6425.0,2142,2195.0
6426,6426.0,2142,1409.0
6427,6427.0,2142,1771.0
6428,6428.0,2143,500.0
6429,6429.0,2143,1635.0
6430,6430.0,2143,2196.0
6431,6431.0,2144,448.0
6432,6432.0,2144,2197.0
6433,6433.0,2144,642.0
6434,6434.0,2145,1093.0
6435,6435.0,2145,379.0
6436,6436.0,2145,505.0
6437,6437.0,2146,1118.0
6438,6438.0,2146,1281.0
6439,6439.0,2146,2198.0
6440,6440.0,2147,955.0
6441,6441.0,2147,777.0
6442,6442.0,2147,1066.0
6443,6443.0,2148,139.0
6444,6444.0,2148,2199.0
6445,6445.0,2148,2200.0
6446,6446.0,2149,1329.0
6447,6447.0,2149,1312.0
6448,6448.0,2149,2201.0
6449,6449.0,2150,887.0
6450,6450.0,2150,994.0
6451,6451.0,2150,427.0
6452,6452.0,2151,490.0
6453,6453.0,2151,959.0
6454,6454.0,2151,2202.0
6455,6455.0,2152,142.0
6456,6456.0,2152,62.0
6457,6457.0,2152,16.0
6458,6458.0,2153,258.0
6459,6459.0,2153,2.0
6460,6460.0,2153,2203.0
6461,6461.0,2154,191.0
6462,6462.0,2154,728.0
6463,6463.0,2154,42.0
6464,6464.0,2155,238.0
6465,6465.0,2155,1390.0
6466,6466.0,2155,48.0
6467,6467.0,2156,772.0
6468,6468.0,2156,1980.0
6469,6469.0,2156,1983.0
6470,6470.0,2157,1225.0
6471,6471.0,2157,555.0
6472,6472.0,2157,313.0
6473,6473.0,2158,1889.0
6474,6474.0,2158,211.0
6475,6475.0,2158,1775.0
6476,6476.0,2159,706.0
6477,6477.0,2159,2204.0
6478,6478.0,2159,2205.0
6479,6479.0,2160,2206.0
6480,6480.0,2160,1832.0
6481,6481.0,2160,1709.0
6482,6482.0,2161,780.0
6483,6483.0,2161,2207.0
6484,6484.0,2161,1227.0
6485,6485.0,2162,1234.0
6486,6486.0,2162,456.0
6487,6487.0,2162,1313.0
6488,6488.0,2163,2208.0
6489,6489.0,2163,1948.0
6490,6490.0,2163,1914.0
6491,6491.0,2164,92.0
6492,6492.0,2164,2209.0
6493,6493.0,2164,2210.0
6494,6494.0,2165,791.0
6495,6495.0,2165,1941.0
6496,6496.0,2165,2211.0
6497,6497.0,2166,58.0
6498,6498.0,2166,1093.0
6499,6499.0,2166,473.0
6500,6500.0,2167,772.0
6501,6501.0,2167,1113.0
6502,6502.0,2167,2212.0
6503,6503.0,2168,552.0
6504,6504.0,2168,427.0
6505,6505.0,2168,277.0
6506,6506.0,2169,595.0
6507,6507.0,2169,2213.0
6508,6508.0,2169,2214.0
6509,6509.0,2170,2180.0
6510,6510.0,2170,2215.0
6511,6511.0,2170,2216.0
6512,6512.0,2171,1947.0
6513,6513.0,2171,802.0
6514,6514.0,2171,305.0
6515,6515.0,2172,1129.0
6516,6516.0,2172,2217.0
6517,6517.0,2172,476.0
6518,6518.0,2173,1222.0
6519,6519.0,2173,1127.0
6520,6520.0,2173,2218.0
6521,6521.0,2174,1423.0
6522,6522.0,2174,1640.0
6523,6523.0,2174,2219.0
6524,6524.0,2175,535.0
6525,6525.0,2175,1827.0
6526,6526.0,2175,271.0
6527,6527.0,2176,142.0
6528,6528.0,2176,1303.0
6529,6529.0,2176,2220.0
6530,6530.0,2177,586.0
6531,6531.0,2177,74.0
6532,6532.0,2177,252.0
6533,6533.0,2178,413.0
6534,6534.0,2178,689.0
6535,6535.0,2178,700.0
6536,6536.0,2179,300.0
6537,6537.0,2179,934.0
6538,6538.0,2179,957.0
6539,6539.0,2180,2221.0
6540,6540.0,2180,743.0
6541,6541.0,2180,145.0
6542,6542.0,2181,198.0
6543,6543.0,2181,2222.0
6544,6544.0,2181,715.0
6545,6545.0,2182,278.0
6546,6546.0,2182,2223.0
6547,6547.0,2182,2171.0
6548,6548.0,2183,564.0
6549,6549.0,2183,21.0
6550,6550.0,2183,950.0
6551,6551.0,2184,2224.0
6552,6552.0,2184,2225.0
6553,6553.0,2184,2226.0
6554,6554.0,2185,590.0
6555,6555.0,2185,2227.0
6556,6556.0,2185,2228.0
6557,6557.0,2186,2229.0
6558,6558.0,2186,2230.0
6559,6559.0,2186,2231.0
6560,6560.0,2187,597.0
6561,6561.0,2187,59.0
6562,6562.0,2187,274.0
6563,6563.0,2188,778.0
6564,6564.0,2188,774.0
6565,6565.0,2188,2232.0
6566,6566.0,2189,583.0
6567,6567.0,2189,354.0
6568,6568.0,2189,665.0
6569,6569.0,2190,1049.0
6570,6570.0,2190,1407.0
6571,6571.0,2190,2233.0
6572,6572.0,2191,2234.0
6573,6573.0,2191,2235.0
6574,6574.0,2191,2236.0
6575,6575.0,2192,56.0
6576,6576.0,2192,2237.0
6577,6577.0,2192,2238.0
6578,6578.0,2193,141.0
6579,6579.0,2193,58.0
6580,6580.0,2193,646.0
6581,6581.0,2194,2185.0
6582,6582.0,2194,2239.0
6583,6583.0,2194,2240.0
6584,6584.0,2195,2241.0
6585,6585.0,2195,256.0
6586,6586.0,2195,1611.0
6587,6587.0,2196,180.0
6588,6588.0,2196,2242.0
6589,6589.0,2196,2243.0
6590,6590.0,2197,42.0
6591,6591.0,2197,573.0
6592,6592.0,2197,48.0
6593,6593.0,2198,408.0
6594,6594.0,2198,1197.0
6595,6595.0,2198,2244.0
6596,6596.0,2199,251.0
6597,6597.0,2199,60.0
6598,6598.0,2199,89.0
6599,6599.0,2200,490.0
6600,6600.0,2200,1561.0
6601,6601.0,2200,1614.0
6602,6602.0,2201,139.0
6603,6603.0,2201,2040.0
6604,6604.0,2201,451.0
6605,6605.0,2202,2245.0
6606,6606.0,2202,1932.0
6607,6607.0,2202,2246.0
6608,6608.0,2203,10.0
6609,6609.0,2203,162.0
6610,6610.0,2203,2247.0
6611,6611.0,2204,228.0
6612,6612.0,2204,10.0
6613,6613.0,2204,1672.0
6614,6614.0,2205,869.0
6615,6615.0,2205,284.0
6616,6616.0,2205,2248.0
6617,6617.0,2206,1077.0
6618,6618.0,2206,525.0
6619,6619.0,2206,307.0
6620,6620.0,2207,2249.0
6621,6621.0,2207,2250.0
6622,6622.0,2207,2251.0
6623,6623.0,2208,974.0
6624,6624.0,2208,1054.0
6625,6625.0,2208,958.0
6626,6626.0,2209,2252.0
6627,6627.0,2209,2253.0
6628,6628.0,2209,2254.0
6629,6629.0,2210,60.0
6630,6630.0,2210,1257.0
6631,6631.0,2210,321.0
6632,6632.0,2211,71.0
6633,6633.0,2211,1289.0
6634,6634.0,2211,2255.0
6635,6635.0,2212,627.0
6636,6636.0,2212,141.0
6637,6637.0,2212,600.0
6638,6638.0,2213,949.0
6639,6639.0,2213,2256.0
6640,6640.0,2213,79.0
6641,6641.0,2214,1356.0
6642,6642.0,2214,1344.0
6643,6643.0,2214,538.0
6644,6644.0,2215,671.0
6645,6645.0,2215,1025.0
6646,6646.0,2215,546.0
6647,6647.0,2216,481.0
6648,6648.0,2216,597.0
6649,6649.0,2216,485.0
6650,6650.0,2217,405.0
6651,6651.0,2217,2257.0
6652,6652.0,2217,2258.0
6653,6653.0,2218,379.0
6654,6654.0,2218,91.0
6655,6655.0,2218,1024.0
6656,6656.0,2219,481.0
6657,6657.0,2219,405.0
6658,6658.0,2219,239.0
6659,6659.0,2220,460.0
6660,6660.0,2220,2259.0
6661,6661.0,2220,1967.0
6662,6662.0,2221,193.0
6663,6663.0,2221,951.0
6664,6664.0,2221,2246.0
6665,6665.0,2222,1165.0
6666,6666.0,2222,406.0
6667,6667.0,2222,2260.0
6668,6668.0,2223,2261.0
6669,6669.0,2223,1331.0
6670,6670.0,2223,878.0
6671,6671.0,2224,2001.0
6672,6672.0,2224,2262.0
6673,6673.0,2224,2263.0
6674,6674.0,2225,473.0
6675,6675.0,2225,47.0
6676,6676.0,2225,94.0
6677,6677.0,2226,2264.0
6678,6678.0,2226,1394.0
6679,6679.0,2226,2265.0
6680,6680.0,2227,2266.0
6681,6681.0,2227,1396.0
6682,6682.0,2227,1651.0
6683,6683.0,2228,2267.0
6684,6684.0,2228,87.0
6685,6685.0,2228,1580.0
6686,6686.0,2229,2268.0
6687,6687.0,2229,320.0
6688,6688.0,2229,1179.0
6689,6689.0,2230,2269.0
6690,6690.0,2230,1489.0
6691,6691.0,2230,2270.0
6692,6692.0,2231,327.0
6693,6693.0,2231,2271.0
6694,6694.0,2231,502.0
6695,6695.0,2232,2272.0
6696,6696.0,2232,506.0
6697,6697.0,2232,1296.0
6698,6698.0,2233,2273.0
6699,6699.0,2233,1716.0
6700,6700.0,2233,2274.0
6701,6701.0,2234,5.0
6702,6702.0,2234,552.0
6703,6703.0,2234,110.0
6704,6704.0,2235,191.0
6705,6705.0,2235,848.0
6706,6706.0,2235,600.0
6707,6707.0,2236,212.0
6708,6708.0,2236,2275.0
6709,6709.0,2236,596.0
6710,6710.0,2237,857.0
6711,6711.0,2237,2096.0
6712,6712.0,2237,1229.0
6713,6713.0,2238,2276.0
6714,6714.0,2238,2277.0
6715,6715.0,2238,2278.0
6716,6716.0,2239,58.0
6717,6717.0,2239,1754.0
6718,6718.0,2239,255.0
6719,6719.0,2240,873.0
6720,6720.0,2240,219.0
6721,6721.0,2240,549.0
6722,6722.0,2241,2279.0
6723,6723.0,2241,2280.0
6724,6724.0,2241,2281.0
6725,6725.0,2242,2282.0
6726,6726.0,2242,2283.0
6727,6727.0,2242,167.0
6728,6728.0,2243,55.0
6729,6729.0,2243,149.0
6730,6730.0,2243,553.0
6731,6731.0,2244,28.0
6732,6732.0,2244,2284.0
6733,6733.0,2244,2.0
6734,6734.0,2245,89.0
6735,6735.0,2245,61.0
6736,6736.0,2245,23.0
6737,6737.0,2246,283.0
6738,6738.0,2246,14.0
6739,6739.0,2246,688.0
6740,6740.0,2247,2285.0
6741,6741.0,2247,2286.0
6742,6742.0,2247,2287.0
6743,6743.0,2248,2288.0
6744,6744.0,2248,421.0
6745,6745.0,2248,1422.0
6746,6746.0,2249,2289.0
6747,6747.0,2249,2290.0
6748,6748.0,2249,2291.0
6749,6749.0,2250,408.0
6750,6750.0,2250,302.0
6751,6751.0,2250,1716.0
6752,6752.0,2251,150.0
6753,6753.0,2251,2292.0
6754,6754.0,2251,774.0
6755,6755.0,2252,918.0
6756,6756.0,2252,2293.0
6757,6757.0,2252,2294.0
6758,6758.0,2253,9.0
6759,6759.0,2253,2177.0
6760,6760.0,2253,1716.0
6761,6761.0,2254,1104.0
6762,6762.0,2254,722.0
6763,6763.0,2254,786.0
6764,6764.0,2255,85.0
6765,6765.0,2255,473.0
6766,6766.0,2255,182.0
6767,6767.0,2256,1094.0
6768,6768.0,2256,616.0
6769,6769.0,2256,1779.0
6770,6770.0,2257,183.0
6771,6771.0,2257,106.0
6772,6772.0,2257,825.0
6773,6773.0,2258,2295.0
6774,6774.0,2258,2296.0
6775,6775.0,2258,2297.0
6776,6776.0,2259,212.0
6777,6777.0,2259,403.0
6778,6778.0,2259,2298.0
6779,6779.0,2260,16.0
6780,6780.0,2260,989.0
6781,6781.0,2260,297.0
6782,6782.0,2261,793.0
6783,6783.0,2261,2299.0
6784,6784.0,2261,2300.0
6785,6785.0,2262,2224.0
6786,6786.0,2262,2301.0
6787,6787.0,2262,2302.0
6788,6788.0,2263,1441.0
6789,6789.0,2263,694.0
6790,6790.0,2263,2303.0
6791,6791.0,2264,30.0
6792,6792.0,2264,424.0
6793,6793.0,2264,2304.0
6794,6794.0,2265,752.0
6795,6795.0,2265,1249.0
6796,6796.0,2265,2305.0
6797,6797.0,2266,955.0
6798,6798.0,2266,2306.0
6799,6799.0,2266,1512.0
6800,6800.0,2267,1225.0
6801,6801.0,2267,26.0
6802,6802.0,2267,847.0
6803,6803.0,2268,2307.0
6804,6804.0,2268,2308.0
6805,6805.0,2268,2309.0
6806,6806.0,2269,294.0
6807,6807.0,2269,771.0
6808,6808.0,2269,212.0
6809,6809.0,2270,2310.0
6810,6810.0,2270,193.0
6811,6811.0,2270,1499.0
6812,6812.0,2271,2311.0
6813,6813.0,2271,2312.0
6814,6814.0,2271,2313.0
6815,6815.0,2272,2314.0
6816,6816.0,2272,2315.0
6817,6817.0,2272,2316.0
6818,6818.0,2273,481.0
6819,6819.0,2273,515.0
6820,6820.0,2273,2317.0
6821,6821.0,2274,294.0
6822,6822.0,2274,622.0
6823,6823.0,2274,538.0
6824,6824.0,2275,228.0
6825,6825.0,2275,2276.0
6826,6826.0,2275,139.0
6827,6827.0,2276,340.0
6828,6828.0,2276,2318.0
6829,6829.0,2276,59.0
6830,6830.0,2277,2319.0
6831,6831.0,2277,2320.0
6832,6832.0,2277,2321.0
6833,6833.0,2278,171.0
6834,6834.0,2278,2322.0
6835,6835.0,2278,2323.0
6836,6836.0,2279,196.0
6837,6837.0,2279,867.0
6838,6838.0,2279,697.0
6839,6839.0,2280,752.0
6840,6840.0,2280,1071.0
6841,6841.0,2280,80.0
6842,6842.0,2281,1279.0
6843,6843.0,2281,2175.0
6844,6844.0,2281,2324.0
6845,6845.0,2282,1343.0
6846,6846.0,2282,1344.0
6847,6847.0,2282,933.0
6848,6848.0,2283,973.0
6849,6849.0,2283,606.0
6850,6850.0,2283,657.0
6851,6851.0,2284,575.0
6852,6852.0,2284,2325.0
6853,6853.0,2284,2326.0
6854,6854.0,2285,409.0
6855,6855.0,2285,1094.0
6856,6856.0,2285,909.0
6857,6857.0,2286,380.0
6858,6858.0,2286,419.0
6859,6859.0,2286,2177.0
6860,6860.0,2287,1572.0
6861,6861.0,2287,2327.0
6862,6862.0,2287,2328.0
6863,6863.0,2288,2329.0
6864,6864.0,2288,2330.0
6865,6865.0,2288,2331.0
6866,6866.0,2289,242.0
6867,6867.0,2289,668.0
6868,6868.0,2289,209.0
6869,6869.0,2290,630.0
6870,6870.0,2290,618.0
6871,6871.0,2290,2332.0
6872,6872.0,2291,844.0
6873,6873.0,2291,2333.0
6874,6874.0,2291,2334.0
6875,6875.0,2292,305.0
6876,6876.0,2292,2335.0
6877,6877.0,2292,1835.0
6878,6878.0,2293,457.0
6879,6879.0,2293,722.0
6880,6880.0,2293,1256.0
6881,6881.0,2294,2336.0
6882,6882.0,2294,2337.0
6883,6883.0,2294,2338.0
6884,6884.0,2295,1447.0
6885,6885.0,2295,2339.0
6886,6886.0,2295,2340.0
6887,6887.0,2296,320.0
6888,6888.0,2296,275.0
6889,6889.0,2296,1211.0
6890,6890.0,2297,380.0
6891,6891.0,2297,2341.0
6892,6892.0,2297,1716.0
6893,6893.0,2298,2342.0
6894,6894.0,2298,1292.0
6895,6895.0,2298,2343.0
6896,6896.0,2299,37.0
6897,6897.0,2299,2344.0
6898,6898.0,2299,2052.0
6899,6899.0,2300,2345.0
6900,6900.0,2300,2346.0
6901,6901.0,2300,1848.0
6902,6902.0,2301,1372.0
6903,6903.0,2301,573.0
6904,6904.0,2301,288.0
6905,6905.0,2302,1903.0
6906,6906.0,2302,899.0
6907,6907.0,2302,284.0
6908,6908.0,2303,2347.0
6909,6909.0,2303,2348.0
6910,6910.0,2303,2349.0
6911,6911.0,2304,688.0
6912,6912.0,2304,1295.0
6913,6913.0,2304,2350.0
6914,6914.0,2305,567.0
6915,6915.0,2305,843.0
6916,6916.0,2305,2351.0
6917,6917.0,2306,96.0
6918,6918.0,2306,1724.0
6919,6919.0,2306,2352.0
6920,6920.0,2307,228.0
6921,6921.0,2307,629.0
6922,6922.0,2307,613.0
6923,6923.0,2308,1121.0
6924,6924.0,2308,543.0
6925,6925.0,2308,1313.0
6926,6926.0,2309,2353.0
6927,6927.0,2309,2354.0
6928,6928.0,2309,2355.0
6929,6929.0,2310,3.0
6930,6930.0,2310,274.0
6931,6931.0,2310,15.0
6932,6932.0,2311,1077.0
6933,6933.0,2311,803.0
6934,6934.0,2311,502.0
6935,6935.0,2312,154.0
6936,6936.0,2312,1291.0
6937,6937.0,2312,904.0
6938,6938.0,2313,142.0
6939,6939.0,2313,196.0
6940,6940.0,2313,2356.0
6941,6941.0,2314,99.0
6942,6942.0,2314,945.0
6943,6943.0,2314,2357.0
6944,6944.0,2315,158.0
6945,6945.0,2315,1729.0
6946,6946.0,2315,2358.0
6947,6947.0,2316,155.0
6948,6948.0,2316,1503.0
6949,6949.0,2316,665.0
6950,6950.0,2317,1523.0
6951,6951.0,2317,312.0
6952,6952.0,2317,1524.0
6953,6953.0,2318,943.0
6954,6954.0,2318,1066.0
6955,6955.0,2318,529.0
6956,6956.0,2319,766.0
6957,6957.0,2319,2005.0
6958,6958.0,2319,1939.0
6959,6959.0,2320,228.0
6960,6960.0,2320,2324.0
6961,6961.0,2320,909.0
6962,6962.0,2321,216.0
6963,6963.0,2321,470.0
6964,6964.0,2321,577.0
6965,6965.0,2322,1004.0
6966,6966.0,2322,1165.0
6967,6967.0,2322,2359.0
6968,6968.0,2323,300.0
6969,6969.0,2323,2360.0
6970,6970.0,2323,2361.0
6971,6971.0,2324,194.0
6972,6972.0,2324,992.0
6973,6973.0,2324,1520.0
6974,6974.0,2325,1148.0
6975,6975.0,2325,2362.0
6976,6976.0,2325,2261.0
6977,6977.0,2326,2091.0
6978,6978.0,2326,2093.0
6979,6979.0,2326,2363.0
6980,6980.0,2327,214.0
6981,6981.0,2327,2364.0
6982,6982.0,2327,2365.0
6983,6983.0,2328,632.0
6984,6984.0,2328,484.0
6985,6985.0,2328,2366.0
6986,6986.0,2329,1615.0
6987,6987.0,2329,1389.0
6988,6988.0,2329,2367.0
6989,6989.0,2330,1127.0
6990,6990.0,2330,577.0
6991,6991.0,2330,1592.0
6992,6992.0,2331,397.0
6993,6993.0,2331,2368.0
6994,6994.0,2331,2369.0
6995,6995.0,2332,955.0
6996,6996.0,2332,765.0
6997,6997.0,2332,2370.0
6998,6998.0,2333,1834.0
6999,6999.0,2333,228.0
7000,7000.0,2333,1869.0
7001,7001.0,2334,412.0
7002,7002.0,2334,52.0
7003,7003.0,2334,367.0
7004,7004.0,2335,55.0
7005,7005.0,2335,305.0
7006,7006.0,2335,2371.0
7007,7007.0,2336,2372.0
7008,7008.0,2336,2373.0
7009,7009.0,2336,2374.0
7010,7010.0,2337,399.0
7011,7011.0,2337,1324.0
7012,7012.0,2337,1399.0
7013,7013.0,2338,1580.0
7014,7014.0,2338,2260.0
7015,7015.0,2338,2375.0
7016,7016.0,2339,661.0
7017,7017.0,2339,478.0
7018,7018.0,2339,2376.0
7019,7019.0,2340,1124.0
7020,7020.0,2340,614.0
7021,7021.0,2340,2377.0
7022,7022.0,2341,1280.0
7023,7023.0,2341,1956.0
7024,7024.0,2341,2294.0
7025,7025.0,2342,154.0
7026,7026.0,2342,573.0
7027,7027.0,2342,348.0
7028,7028.0,2343,214.0
7029,7029.0,2343,2378.0
7030,7030.0,2343,2379.0
7031,7031.0,2344,481.0
7032,7032.0,2344,322.0
7033,7033.0,2344,1052.0
7034,7034.0,2345,150.0
7035,7035.0,2345,668.0
7036,7036.0,2345,1700.0
7037,7037.0,2346,2380.0
7038,7038.0,2346,2381.0
7039,7039.0,2346,2382.0
7040,7040.0,2347,2383.0
7041,7041.0,2347,2384.0
7042,7042.0,2347,2385.0
7043,7043.0,2348,17.0
7044,7044.0,2348,432.0
7045,7045.0,2348,1854.0
7046,7046.0,2349,949.0
7047,7047.0,2349,2386.0
7048,7048.0,2349,2387.0
7049,7049.0,2350,2388.0
7050,7050.0,2350,1.0
7051,7051.0,2350,2389.0
7052,7052.0,2351,360.0
7053,7053.0,2351,470.0
7054,7054.0,2351,80.0
7055,7055.0,2352,181.0
7056,7056.0,2352,2390.0
7057,7057.0,2352,1983.0
7058,7058.0,2353,160.0
7059,7059.0,2353,924.0
7060,7060.0,2353,417.0
7061,7061.0,2354,110.0
7062,7062.0,2354,62.0
7063,7063.0,2354,154.0
7064,7064.0,2355,1234.0
7065,7065.0,2355,2391.0
7066,7066.0,2355,2392.0
7067,7067.0,2356,648.0
7068,7068.0,2356,367.0
7069,7069.0,2356,456.0
7070,7070.0,2357,1094.0
7071,7071.0,2357,2393.0
7072,7072.0,2357,2394.0
7073,7073.0,2358,294.0
7074,7074.0,2358,380.0
7075,7075.0,2358,478.0
7076,7076.0,2359,265.0
7077,7077.0,2359,2102.0
7078,7078.0,2359,558.0
7079,7079.0,2360,1225.0
7080,7080.0,2360,706.0
7081,7081.0,2360,460.0
7082,7082.0,2361,160.0
7083,7083.0,2361,685.0
7084,7084.0,2361,2.0
7085,7085.0,2362,357.0
7086,7086.0,2362,470.0
7087,7087.0,2362,2395.0
7088,7088.0,2363,2396.0
7089,7089.0,2363,563.0
7090,7090.0,2363,2397.0
7091,7091.0,2364,1879.0
7092,7092.0,2364,717.0
7093,7093.0,2364,2398.0
7094,7094.0,2365,788.0
7095,7095.0,2365,1249.0
7096,7096.0,2365,2399.0
7097,7097.0,2366,2400.0
7098,7098.0,2366,2401.0
7099,7099.0,2366,2402.0
7100,7100.0,2367,109.0
7101,7101.0,2367,152.0
7102,7102.0,2367,955.0
7103,7103.0,2368,3.0
7104,7104.0,2368,810.0
7105,7105.0,2368,539.0
7106,7106.0,2369,47.0
7107,7107.0,2369,62.0
7108,7108.0,2369,2403.0
7109,7109.0,2370,2404.0
7110,7110.0,2370,2405.0
7111,7111.0,2370,2406.0
7112,7112.0,2371,875.0
7113,7113.0,2371,1066.0
7114,7114.0,2371,579.0
7115,7115.0,2372,2407.0
7116,7116.0,2372,2408.0
7117,7117.0,2372,2409.0
7118,7118.0,2373,161.0
7119,7119.0,2373,2410.0
7120,7120.0,2373,1925.0
7121,7121.0,2374,2411.0
7122,7122.0,2374,2412.0
7123,7123.0,2374,2413.0
7124,7124.0,2375,38.0
7125,7125.0,2375,2414.0
7126,7126.0,2375,310.0
7127,7127.0,2376,949.0
7128,7128.0,2376,1049.0
7129,7129.0,2376,414.0
7130,7130.0,2377,2415.0
7131,7131.0,2377,881.0
7132,7132.0,2377,767.0
7133,7133.0,2378,2416.0
7134,7134.0,2378,2417.0
7135,7135.0,2378,2418.0
7136,7136.0,2379,2419.0
7137,7137.0,2379,2420.0
7138,7138.0,2379,2421.0
7139,7139.0,2380,1277.0
7140,7140.0,2380,2422.0
7141,7141.0,2380,2423.0
7142,7142.0,2381,241.0
7143,7143.0,2381,1533.0
7144,7144.0,2381,2424.0
7145,7145.0,2382,2425.0
7146,7146.0,2382,2426.0
7147,7147.0,2382,2427.0
7148,7148.0,2383,300.0
7149,7149.0,2383,1249.0
7150,7150.0,2383,788.0
7151,7151.0,2384,515.0
7152,7152.0,2384,2428.0
7153,7153.0,2384,2429.0
7154,7154.0,2385,188.0
7155,7155.0,2385,642.0
7156,7156.0,2385,2056.0
7157,7157.0,2386,1089.0
7158,7158.0,2386,2430.0
7159,7159.0,2386,2431.0
7160,7160.0,2387,2432.0
7161,7161.0,2387,2433.0
7162,7162.0,2387,2434.0
7163,7163.0,2388,265.0
7164,7164.0,2388,2435.0
7165,7165.0,2388,1994.0
7166,7166.0,2389,6.0
7167,7167.0,2389,603.0
7168,7168.0,2389,1710.0
7169,7169.0,2390,214.0
7170,7170.0,2390,2436.0
7171,7171.0,2390,2437.0
7172,7172.0,2391,2.0
7173,7173.0,2391,481.0
7174,7174.0,2391,522.0
7175,7175.0,2392,502.0
7176,7176.0,2392,648.0
7177,7177.0,2392,1823.0
7178,7178.0,2393,1572.0
7179,7179.0,2393,1271.0
7180,7180.0,2393,2438.0
7181,7181.0,2394,2439.0
7182,7182.0,2394,1833.0
7183,7183.0,2394,2440.0
7184,7184.0,2395,2441.0
7185,7185.0,2395,2442.0
7186,7186.0,2395,2443.0
7187,7187.0,2396,76.0
7188,7188.0,2396,621.0
7189,7189.0,2396,1645.0
7190,7190.0,2397,74.0
7191,7191.0,2397,371.0
7192,7192.0,2397,560.0
7193,7193.0,2398,457.0
7194,7194.0,2398,395.0
7195,7195.0,2398,33.0
7196,7196.0,2399,728.0
7197,7197.0,2399,832.0
7198,7198.0,2399,2444.0
7199,7199.0,2400,299.0
7200,7200.0,2400,454.0
7201,7201.0,2400,139.0
7202,7202.0,2401,1093.0
7203,7203.0,2401,482.0
7204,7204.0,2401,1065.0
7205,7205.0,2402,58.0
7206,7206.0,2402,1954.0
7207,7207.0,2402,2445.0
7208,7208.0,2403,2.0
7209,7209.0,2403,841.0
7210,7210.0,2403,1739.0
7211,7211.0,2404,2446.0
7212,7212.0,2404,1301.0
7213,7213.0,2404,2447.0
7214,7214.0,2405,979.0
7215,7215.0,2405,656.0
7216,7216.0,2405,1095.0
7217,7217.0,2406,2448.0
7218,7218.0,2406,1963.0
7219,7219.0,2406,2449.0
7220,7220.0,2407,347.0
7221,7221.0,2407,1048.0
7222,7222.0,2407,1132.0
7223,7223.0,2408,2450.0
7224,7224.0,2408,2451.0
7225,7225.0,2408,2452.0
7226,7226.0,2409,2453.0
7227,7227.0,2409,478.0
7228,7228.0,2409,2454.0
7229,7229.0,2410,2455.0
7230,7230.0,2410,1625.0
7231,7231.0,2410,535.0
7232,7232.0,2411,157.0
7233,7233.0,2411,2456.0
7234,7234.0,2411,1704.0
7235,7235.0,2412,96.0
7236,7236.0,2412,1019.0
7237,7237.0,2412,2457.0
7238,7238.0,2413,2458.0
7239,7239.0,2413,2459.0
7240,7240.0,2413,2460.0
7241,7241.0,2414,188.0
7242,7242.0,2414,1329.0
7243,7243.0,2414,2461.0
7244,7244.0,2415,377.0
7245,7245.0,2415,1940.0
7246,7246.0,2415,2175.0
7247,7247.0,2416,1129.0
7248,7248.0,2416,2276.0
7249,7249.0,2416,1427.0
7250,7250.0,2417,2462.0
7251,7251.0,2417,1006.0
7252,7252.0,2417,2463.0
7253,7253.0,2418,487.0
7254,7254.0,2418,1195.0
7255,7255.0,2418,1342.0
7256,7256.0,2419,171.0
7257,7257.0,2419,2464.0
7258,7258.0,2419,2465.0
7259,7259.0,2420,1703.0
7260,7260.0,2420,568.0
7261,7261.0,2420,2384.0
7262,7262.0,2421,2466.0
7263,7263.0,2421,2467.0
7264,7264.0,2421,2468.0
7265,7265.0,2422,1693.0
7266,7266.0,2422,2469.0
7267,7267.0,2422,1615.0
7268,7268.0,2423,655.0
7269,7269.0,2423,316.0
7270,7270.0,2423,1858.0
7271,7271.0,2424,615.0
7272,7272.0,2424,795.0
7273,7273.0,2424,300.0
7274,7274.0,2425,2470.0
7275,7275.0,2425,2471.0
7276,7276.0,2425,2472.0
7277,7277.0,2426,95.0
7278,7278.0,2426,2473.0
7279,7279.0,2426,2474.0
7280,7280.0,2427,2475.0
7281,7281.0,2427,2476.0
7282,7282.0,2427,483.0
7283,7283.0,2428,784.0
7284,7284.0,2428,74.0
7285,7285.0,2428,1225.0
7286,7286.0,2429,2477.0
7287,7287.0,2429,2478.0
7288,7288.0,2429,2479.0
7289,7289.0,2430,2480.0
7290,7290.0,2430,2481.0
7291,7291.0,2430,794.0
7292,7292.0,2431,2261.0
7293,7293.0,2431,231.0
7294,7294.0,2431,2482.0
7295,7295.0,2432,947.0
7296,7296.0,2432,174.0
7297,7297.0,2432,19.0
7298,7298.0,2433,1045.0
7299,7299.0,2433,1046.0
7300,7300.0,2433,628.0
7301,7301.0,2434,2483.0
7302,7302.0,2434,2484.0
7303,7303.0,2434,2485.0
7304,7304.0,2435,104.0
7305,7305.0,2435,1754.0
7306,7306.0,2435,625.0
7307,7307.0,2436,863.0
7308,7308.0,2436,640.0
7309,7309.0,2436,754.0
7310,7310.0,2437,1064.0
7311,7311.0,2437,597.0
7312,7312.0,2437,2142.0
7313,7313.0,2438,340.0
7314,7314.0,2438,316.0
7315,7315.0,2438,347.0
7316,7316.0,2439,2486.0
7317,7317.0,2439,2487.0
7318,7318.0,2439,2488.0
7319,7319.0,2440,55.0
7320,7320.0,2440,2489.0
7321,7321.0,2440,777.0
7322,7322.0,2441,274.0
7323,7323.0,2441,227.0
7324,7324.0,2441,1078.0
7325,7325.0,2442,105.0
7326,7326.0,2442,631.0
7327,7327.0,2442,656.0
7328,7328.0,2443,2490.0
7329,7329.0,2443,2491.0
7330,7330.0,2443,2492.0
7331,7331.0,2444,2493.0
7332,7332.0,2444,2494.0
7333,7333.0,2444,2495.0
7334,7334.0,2445,2496.0
7335,7335.0,2445,2497.0
7336,7336.0,2445,2195.0
7337,7337.0,2446,2498.0
7338,7338.0,2446,1386.0
7339,7339.0,2446,696.0
7340,7340.0,2447,58.0
7341,7341.0,2447,21.0
7342,7342.0,2447,290.0
7343,7343.0,2448,1277.0
7344,7344.0,2448,357.0
7345,7345.0,2448,1363.0
7346,7346.0,2449,62.0
7347,7347.0,2449,910.0
7348,7348.0,2449,947.0
7349,7349.0,2450,76.0
7350,7350.0,2450,109.0
7351,7351.0,2450,130.0
7352,7352.0,2451,1943.0
7353,7353.0,2451,1579.0
7354,7354.0,2451,2499.0
7355,7355.0,2452,323.0
7356,7356.0,2452,119.0
7357,7357.0,2452,2500.0
7358,7358.0,2453,338.0
7359,7359.0,2453,1225.0
7360,7360.0,2453,813.0
7361,7361.0,2454,142.0
7362,7362.0,2454,991.0
7363,7363.0,2454,1075.0
7364,7364.0,2455,890.0
7365,7365.0,2455,79.0
7366,7366.0,2455,1640.0
7367,7367.0,2456,819.0
7368,7368.0,2456,862.0
7369,7369.0,2456,2501.0
7370,7370.0,2457,1122.0
7371,7371.0,2457,631.0
7372,7372.0,2457,1561.0
7373,7373.0,2458,1490.0
7374,7374.0,2458,1561.0
7375,7375.0,2458,460.0
7376,7376.0,2459,2502.0
7377,7377.0,2459,2503.0
7378,7378.0,2459,80.0
7379,7379.0,2460,1915.0
7380,7380.0,2460,11.0
7381,7381.0,2460,2504.0
7382,7382.0,2461,299.0
7383,7383.0,2461,340.0
7384,7384.0,2461,2505.0
7385,7385.0,2462,385.0
7386,7386.0,2462,2506.0
7387,7387.0,2462,2507.0
7388,7388.0,2463,2508.0
7389,7389.0,2463,2509.0
7390,7390.0,2463,2510.0
7391,7391.0,2464,2146.0
7392,7392.0,2464,834.0
7393,7393.0,2464,2511.0
7394,7394.0,2465,2512.0
7395,7395.0,2465,2513.0
7396,7396.0,2465,2514.0
7397,7397.0,2466,939.0
7398,7398.0,2466,1343.0
7399,7399.0,2466,2515.0
7400,7400.0,2467,753.0
7401,7401.0,2467,2327.0
7402,7402.0,2467,2516.0
7403,7403.0,2468,2517.0
7404,7404.0,2468,2518.0
7405,7405.0,2468,1005.0
7406,7406.0,2469,487.0
7407,7407.0,2469,2519.0
7408,7408.0,2469,2084.0
7409,7409.0,2470,1436.0
7410,7410.0,2470,2520.0
7411,7411.0,2470,2521.0
7412,7412.0,2471,238.0
7413,7413.0,2471,1390.0
7414,7414.0,2471,506.0
7415,7415.0,2472,2522.0
7416,7416.0,2472,2523.0
7417,7417.0,2472,717.0
7418,7418.0,2473,65.0
7419,7419.0,2473,345.0
7420,7420.0,2473,72.0
7421,7421.0,2474,2524.0
7422,7422.0,2474,2525.0
7423,7423.0,2474,767.0
7424,7424.0,2475,655.0
7425,7425.0,2475,640.0
7426,7426.0,2475,1049.0
7427,7427.0,2476,1717.0
7428,7428.0,2476,271.0
7429,7429.0,2476,778.0
7430,7430.0,2477,83.0
7431,7431.0,2477,499.0
7432,7432.0,2477,2526.0
7433,7433.0,2478,673.0
7434,7434.0,2478,536.0
7435,7435.0,2478,1344.0
7436,7436.0,2479,949.0
7437,7437.0,2479,736.0
7438,7438.0,2479,991.0
7439,7439.0,2480,335.0
7440,7440.0,2480,2527.0
7441,7441.0,2480,294.0
7442,7442.0,2481,19.0
7443,7443.0,2481,2528.0
7444,7444.0,2481,1442.0
7445,7445.0,2482,696.0
7446,7446.0,2482,1249.0
7447,7447.0,2482,2529.0
7448,7448.0,2483,99.0
7449,7449.0,2483,477.0
7450,7450.0,2483,2530.0
7451,7451.0,2484,1342.0
7452,7452.0,2484,1160.0
7453,7453.0,2484,2531.0
7454,7454.0,2485,1975.0
7455,7455.0,2485,1592.0
7456,7456.0,2485,2532.0
7457,7457.0,2486,761.0
7458,7458.0,2486,2533.0
7459,7459.0,2486,2534.0
7460,7460.0,2487,73.0
7461,7461.0,2487,1287.0
7462,7462.0,2487,771.0
7463,7463.0,2488,949.0
7464,7464.0,2488,2535.0
7465,7465.0,2488,307.0
7466,7466.0,2489,2536.0
7467,7467.0,2489,1228.0
7468,7468.0,2489,2537.0
7469,7469.0,2490,1890.0
7470,7470.0,2490,2538.0
7471,7471.0,2490,1687.0
7472,7472.0,2491,78.0
7473,7473.0,2491,274.0
7474,7474.0,2491,878.0
7475,7475.0,2492,2539.0
7476,7476.0,2492,2540.0
7477,7477.0,2492,2541.0
7478,7478.0,2493,730.0
7479,7479.0,2493,304.0
7480,7480.0,2493,473.0
7481,7481.0,2494,270.0
7482,7482.0,2494,1055.0
7483,7483.0,2494,138.0
7484,7484.0,2495,109.0
7485,7485.0,2495,1167.0
7486,7486.0,2495,524.0
7487,7487.0,2496,479.0
7488,7488.0,2496,760.0
7489,7489.0,2496,2542.0
7490,7490.0,2497,1784.0
7491,7491.0,2497,1321.0
7492,7492.0,2497,2543.0
7493,7493.0,2498,552.0
7494,7494.0,2498,537.0
7495,7495.0,2498,875.0
7496,7496.0,2499,2544.0
7497,7497.0,2499,2545.0
7498,7498.0,2499,2546.0
7499,7499.0,2500,1568.0
7500,7500.0,2500,2547.0
7501,7501.0,2500,2.0
7502,7502.0,2501,784.0
7503,7503.0,2501,685.0
7504,7504.0,2501,756.0
7505,7505.0,2502,4.0
7506,7506.0,2502,728.0
7507,7507.0,2502,2548.0
7508,7508.0,2503,651.0
7509,7509.0,2503,46.0
7510,7510.0,2503,2549.0
7511,7511.0,2504,2550.0
7512,7512.0,2504,1058.0
7513,7513.0,2504,501.0
7514,7514.0,2505,2551.0
7515,7515.0,2505,2552.0
7516,7516.0,2505,152.0
7517,7517.0,2506,863.0
7518,7518.0,2506,2553.0
7519,7519.0,2506,1195.0
7520,7520.0,2507,1019.0
7521,7521.0,2507,854.0
7522,7522.0,2507,1324.0
7523,7523.0,2508,694.0
7524,7524.0,2508,2554.0
7525,7525.0,2508,2555.0
7526,7526.0,2509,1463.0
7527,7527.0,2509,2556.0
7528,7528.0,2509,986.0
7529,7529.0,2510,195.0
7530,7530.0,2510,1137.0
7531,7531.0,2510,2053.0
7532,7532.0,2511,1386.0
7533,7533.0,2511,322.0
7534,7534.0,2511,2557.0
7535,7535.0,2512,780.0
7536,7536.0,2512,2558.0
7537,7537.0,2512,2559.0
7538,7538.0,2513,279.0
7539,7539.0,2513,644.0
7540,7540.0,2513,2144.0
7541,7541.0,2514,168.0
7542,7542.0,2514,1413.0
7543,7543.0,2514,241.0
7544,7544.0,2515,786.0
7545,7545.0,2515,437.0
7546,7546.0,2515,570.0
7547,7547.0,2516,31.0
7548,7548.0,2516,717.0
7549,7549.0,2516,2235.0
7550,7550.0,2517,881.0
7551,7551.0,2517,380.0
7552,7552.0,2517,272.0
7553,7553.0,2518,214.0
7554,7554.0,2518,673.0
7555,7555.0,2518,1024.0
7556,7556.0,2519,700.0
7557,7557.0,2519,771.0
7558,7558.0,2519,181.0
7559,7559.0,2520,1194.0
7560,7560.0,2520,1847.0
7561,7561.0,2520,321.0
7562,7562.0,2521,2560.0
7563,7563.0,2521,2561.0
7564,7564.0,2521,2562.0
7565,7565.0,2522,839.0
7566,7566.0,2522,5.0
7567,7567.0,2522,2344.0
7568,7568.0,2523,471.0
7569,7569.0,2523,2563.0
7570,7570.0,2523,1151.0
7571,7571.0,2524,2564.0
7572,7572.0,2524,46.0
7573,7573.0,2524,2565.0
7574,7574.0,2525,2091.0
7575,7575.0,2525,2092.0
7576,7576.0,2525,2363.0
7577,7577.0,2526,219.0
7578,7578.0,2526,315.0
7579,7579.0,2526,2566.0
7580,7580.0,2527,1423.0
7581,7581.0,2527,2567.0
7582,7582.0,2527,2568.0
7583,7583.0,2528,1040.0
7584,7584.0,2528,2569.0
7585,7585.0,2528,2570.0
7586,7586.0,2529,955.0
7587,7587.0,2529,1537.0
7588,7588.0,2529,698.0
7589,7589.0,2530,410.0
7590,7590.0,2530,305.0
7591,7591.0,2530,848.0
7592,7592.0,2531,1572.0
7593,7593.0,2531,2157.0
7594,7594.0,2531,653.0
7595,7595.0,2532,848.0
7596,7596.0,2532,500.0
7597,7597.0,2532,2571.0
7598,7598.0,2533,24.0
7599,7599.0,2533,777.0
7600,7600.0,2533,2572.0
7601,7601.0,2534,2573.0
7602,7602.0,2534,2204.0
7603,7603.0,2534,2574.0
7604,7604.0,2535,1709.0
7605,7605.0,2535,347.0
7606,7606.0,2535,1943.0
7607,7607.0,2536,481.0
7608,7608.0,2536,2575.0
7609,7609.0,2536,1486.0
7610,7610.0,2537,279.0
7611,7611.0,2537,481.0
7612,7612.0,2537,607.0
7613,7613.0,2538,1279.0
7614,7614.0,2538,2576.0
7615,7615.0,2538,2577.0
7616,7616.0,2539,105.0
7617,7617.0,2539,727.0
7618,7618.0,2539,1269.0
7619,7619.0,2540,2052.0
7620,7620.0,2540,1331.0
7621,7621.0,2540,2578.0
7622,7622.0,2541,385.0
7623,7623.0,2541,337.0
7624,7624.0,2541,2046.0
7625,7625.0,2542,832.0
7626,7626.0,2542,256.0
7627,7627.0,2542,2579.0
7628,7628.0,2543,489.0
7629,7629.0,2543,715.0
7630,7630.0,2543,1019.0
7631,7631.0,2544,2580.0
7632,7632.0,2544,42.0
7633,7633.0,2544,1779.0
7634,7634.0,2545,117.0
7635,7635.0,2545,348.0
7636,7636.0,2545,1895.0
7637,7637.0,2546,2581.0
7638,7638.0,2546,104.0
7639,7639.0,2546,2582.0
7640,7640.0,2547,2583.0
7641,7641.0,2547,2306.0
7642,7642.0,2547,845.0
7643,7643.0,2548,518.0
7644,7644.0,2548,2177.0
7645,7645.0,2548,964.0
7646,7646.0,2549,261.0
7647,7647.0,2549,1303.0
7648,7648.0,2549,978.0
7649,7649.0,2550,1932.0
7650,7650.0,2550,1848.0
7651,7651.0,2550,1607.0
7652,7652.0,2551,2584.0
7653,7653.0,2551,2585.0
7654,7654.0,2551,2586.0
7655,7655.0,2552,155.0
7656,7656.0,2552,929.0
7657,7657.0,2552,2587.0
7658,7658.0,2553,2588.0
7659,7659.0,2553,2589.0
7660,7660.0,2553,2590.0
7661,7661.0,2554,2591.0
7662,7662.0,2554,1209.0
7663,7663.0,2554,37.0
7664,7664.0,2555,478.0
7665,7665.0,2555,2592.0
7666,7666.0,2555,2593.0
7667,7667.0,2556,616.0
7668,7668.0,2556,796.0
7669,7669.0,2556,2476.0
7670,7670.0,2557,477.0
7671,7671.0,2557,2594.0
7672,7672.0,2557,728.0
7673,7673.0,2558,989.0
7674,7674.0,2558,116.0
7675,7675.0,2558,303.0
7676,7676.0,2559,1127.0
7677,7677.0,2559,1201.0
7678,7678.0,2559,1666.0
7679,7679.0,2560,668.0
7680,7680.0,2560,356.0
7681,7681.0,2560,1234.0
7682,7682.0,2561,884.0
7683,7683.0,2561,332.0
7684,7684.0,2561,904.0
7685,7685.0,2562,863.0
7686,7686.0,2562,2595.0
7687,7687.0,2562,929.0
7688,7688.0,2563,991.0
7689,7689.0,2563,1124.0
7690,7690.0,2563,2596.0
7691,7691.0,2564,2597.0
7692,7692.0,2564,2598.0
7693,7693.0,2564,828.0
7694,7694.0,2565,139.0
7695,7695.0,2565,2042.0
7696,7696.0,2565,696.0
7697,7697.0,2566,426.0
7698,7698.0,2566,1048.0
7699,7699.0,2566,671.0
7700,7700.0,2567,2599.0
7701,7701.0,2567,1070.0
7702,7702.0,2567,2600.0
7703,7703.0,2568,774.0
7704,7704.0,2568,1863.0
7705,7705.0,2568,1344.0
7706,7706.0,2569,1104.0
7707,7707.0,2569,65.0
7708,7708.0,2569,898.0
7709,7709.0,2570,285.0
7710,7710.0,2570,706.0
7711,7711.0,2570,1148.0
7712,7712.0,2571,275.0
7713,7713.0,2571,910.0
7714,7714.0,2571,2601.0
7715,7715.0,2572,85.0
7716,7716.0,2572,681.0
7717,7717.0,2572,203.0
7718,7718.0,2573,1436.0
7719,7719.0,2573,2039.0
7720,7720.0,2573,650.0
7721,7721.0,2574,2602.0
7722,7722.0,2574,771.0
7723,7723.0,2574,35.0
7724,7724.0,2575,2603.0
7725,7725.0,2575,2604.0
7726,7726.0,2575,2605.0
7727,7727.0,2576,1998.0
7728,7728.0,2576,1723.0
7729,7729.0,2576,2131.0
7730,7730.0,2577,1853.0
7731,7731.0,2577,700.0
7732,7732.0,2577,2564.0
7733,7733.0,2578,2249.0
7734,7734.0,2578,2606.0
7735,7735.0,2578,476.0
7736,7736.0,2579,2607.0
7737,7737.0,2579,2608.0
7738,7738.0,2579,2609.0
7739,7739.0,2580,73.0
7740,7740.0,2580,91.0
7741,7741.0,2580,2602.0
7742,7742.0,2581,624.0
7743,7743.0,2581,751.0
7744,7744.0,2581,215.0
7745,7745.0,2582,989.0
7746,7746.0,2582,671.0
7747,7747.0,2582,402.0
7748,7748.0,2583,294.0
7749,7749.0,2583,516.0
7750,7750.0,2583,33.0
7751,7751.0,2584,115.0
7752,7752.0,2584,1303.0
7753,7753.0,2584,1221.0
7754,7754.0,2585,304.0
7755,7755.0,2585,877.0
7756,7756.0,2585,2610.0
7757,7757.0,2586,2611.0
7758,7758.0,2586,405.0
7759,7759.0,2586,2121.0
7760,7760.0,2587,106.0
7761,7761.0,2587,1123.0
7762,7762.0,2587,2612.0
7763,7763.0,2588,283.0
7764,7764.0,2588,577.0
7765,7765.0,2588,796.0
7766,7766.0,2589,1987.0
7767,7767.0,2589,301.0
7768,7768.0,2589,2613.0
7769,7769.0,2590,2614.0
7770,7770.0,2590,2615.0
7771,7771.0,2590,2616.0
7772,7772.0,2591,2617.0
7773,7773.0,2591,2618.0
7774,7774.0,2591,2619.0
7775,7775.0,2592,1890.0
7776,7776.0,2592,2620.0
7777,7777.0,2592,2621.0
7778,7778.0,2593,1698.0
7779,7779.0,2593,233.0
7780,7780.0,2593,157.0
7781,7781.0,2594,76.0
7782,7782.0,2594,1255.0
7783,7783.0,2594,1535.0
7784,7784.0,2595,221.0
7785,7785.0,2595,2622.0
7786,7786.0,2595,297.0
7787,7787.0,2596,727.0
7788,7788.0,2596,2623.0
7789,7789.0,2596,286.0
7790,7790.0,2597,1312.0
7791,7791.0,2597,89.0
7792,7792.0,2597,1704.0
7793,7793.0,2598,549.0
7794,7794.0,2598,387.0
7795,7795.0,2598,917.0
7796,7796.0,2599,160.0
7797,7797.0,2599,1303.0
7798,7798.0,2599,436.0
7799,7799.0,2600,949.0
7800,7800.0,2600,2624.0
7801,7801.0,2600,2625.0
7802,7802.0,2601,
7803,7803.0,2602,54.0
7804,7804.0,2602,406.0
7805,7805.0,2602,2627.0
7806,7806.0,2603,405.0
7807,7807.0,2603,1461.0
7808,7808.0,2603,1503.0
7809,7809.0,2604,1758.0
7810,7810.0,2604,853.0
7811,7811.0,2604,188.0
7812,7812.0,2605,436.0
7813,7813.0,2605,481.0
7814,7814.0,2605,2628.0
7815,7815.0,2606,1279.0
7816,7816.0,2606,2629.0
7817,7817.0,2606,2611.0
7818,7818.0,2607,92.0
7819,7819.0,2607,80.0
7820,7820.0,2607,553.0
7821,7821.0,2608,193.0
7822,7822.0,2608,414.0
7823,7823.0,2608,697.0
7824,7824.0,2609,230.0
7825,7825.0,2609,1287.0
7826,7826.0,2609,2630.0
7827,7827.0,2610,183.0
7828,7828.0,2610,2631.0
7829,7829.0,2610,70.0
7830,7830.0,2611,2632.0
7831,7831.0,2611,763.0
7832,7832.0,2611,2633.0
7833,7833.0,2612,712.0
7834,7834.0,2612,2634.0
7835,7835.0,2612,2009.0
7836,7836.0,2613,769.0
7837,7837.0,2613,881.0
7838,7838.0,2613,155.0
7839,7839.0,2614,529.0
7840,7840.0,2614,688.0
7841,7841.0,2614,2635.0
7842,7842.0,2615,1503.0
7843,7843.0,2615,567.0
7844,7844.0,2615,1293.0
7845,7845.0,2616,240.0
7846,7846.0,2616,170.0
7847,7847.0,2616,270.0
7848,7848.0,2617,2636.0
7849,7849.0,2617,932.0
7850,7850.0,2617,2637.0
7851,7851.0,2618,2638.0
7852,7852.0,2618,801.0
7853,7853.0,2618,663.0
7854,7854.0,2619,1853.0
7855,7855.0,2619,2639.0
7856,7856.0,2619,580.0
7857,7857.0,2620,353.0
7858,7858.0,2620,1034.0
7859,7859.0,2620,1003.0
7860,7860.0,2621,2640.0
7861,7861.0,2621,985.0
7862,7862.0,2621,2641.0
7863,7863.0,2622,2642.0
7864,7864.0,2622,2643.0
7865,7865.0,2622,2644.0
7866,7866.0,2623,46.0
7867,7867.0,2623,727.0
7868,7868.0,2623,1614.0
7869,7869.0,2624,338.0
7870,7870.0,2624,1160.0
7871,7871.0,2624,2645.0
7872,7872.0,2625,21.0
7873,7873.0,2625,241.0
7874,7874.0,2625,588.0
7875,7875.0,2626,1439.0
7876,7876.0,2626,286.0
7877,7877.0,2626,399.0
7878,7878.0,2627,59.0
7879,7879.0,2627,2270.0
7880,7880.0,2627,2646.0
7881,7881.0,2628,2647.0
7882,7882.0,2628,1575.0
7883,7883.0,2628,2648.0
7884,7884.0,2629,2649.0
7885,7885.0,2629,275.0
7886,7886.0,2629,59.0
7887,7887.0,2630,116.0
7888,7888.0,2630,51.0
7889,7889.0,2630,5.0
7890,7890.0,2631,391.0
7891,7891.0,2631,1576.0
7892,7892.0,2631,412.0
7893,7893.0,2632,600.0
7894,7894.0,2632,898.0
7895,7895.0,2632,432.0
7896,7896.0,2633,993.0
7897,7897.0,2633,1878.0
7898,7898.0,2633,1739.0
7899,7899.0,2634,2487.0
7900,7900.0,2634,912.0
7901,7901.0,2634,636.0
7902,7902.0,2635,59.0
7903,7903.0,2635,342.0
7904,7904.0,2635,2650.0
7905,7905.0,2636,2651.0
7906,7906.0,2636,2652.0
7907,7907.0,2636,2653.0
7908,7908.0,2637,1289.0
7909,7909.0,2637,2654.0
7910,7910.0,2637,2655.0
7911,7911.0,2638,2656.0
7912,7912.0,2638,2657.0
7913,7913.0,2638,2658.0
7914,7914.0,2639,1843.0
7915,7915.0,2639,2659.0
7916,7916.0,2639,2660.0
7917,7917.0,2640,1092.0
7918,7918.0,2640,1094.0
7919,7919.0,2640,2005.0
7920,7920.0,2641,2132.0
7921,7921.0,2641,1468.0
7922,7922.0,2641,2661.0
7923,7923.0,2642,473.0
7924,7924.0,2642,427.0
7925,7925.0,2642,1226.0
7926,7926.0,2643,2662.0
7927,7927.0,2643,2663.0
7928,7928.0,2643,2664.0
7929,7929.0,2644,2665.0
7930,7930.0,2644,2666.0
7931,7931.0,2644,2667.0
7932,7932.0,2645,110.0
7933,7933.0,2645,33.0
7934,7934.0,2645,861.0
7935,7935.0,2646,491.0
7936,7936.0,2646,2668.0
7937,7937.0,2646,2669.0
7938,7938.0,2647,671.0
7939,7939.0,2647,2670.0
7940,7940.0,2647,1585.0
7941,7941.0,2648,642.0
7942,7942.0,2648,157.0
7943,7943.0,2648,2444.0
7944,7944.0,2649,144.0
7945,7945.0,2649,752.0
7946,7946.0,2649,1527.0
7947,7947.0,2650,701.0
7948,7948.0,2650,2671.0
7949,7949.0,2650,2672.0
7950,7950.0,2651,43.0
7951,7951.0,2651,48.0
7952,7952.0,2651,73.0
7953,7953.0,2652,513.0
7954,7954.0,2652,1107.0
7955,7955.0,2652,2673.0
7956,7956.0,2653,773.0
7957,7957.0,2653,250.0
7958,7958.0,2653,81.0
7959,7959.0,2654,365.0
7960,7960.0,2654,2674.0
7961,7961.0,2654,538.0
7962,7962.0,2655,2620.0
7963,7963.0,2655,2675.0
7964,7964.0,2655,2676.0
7965,7965.0,2656,2677.0
7966,7966.0,2656,2678.0
7967,7967.0,2656,2679.0
7968,7968.0,2657,137.0
7969,7969.0,2657,2680.0
7970,7970.0,2657,2681.0
7971,7971.0,2658,2682.0
7972,7972.0,2658,164.0
7973,7973.0,2658,14.0
7974,7974.0,2659,180.0
7975,7975.0,2659,917.0
7976,7976.0,2659,2683.0
7977,7977.0,2660,144.0
7978,7978.0,2660,2684.0
7979,7979.0,2660,2685.0
7980,7980.0,2661,63.0
7981,7981.0,2661,216.0
7982,7982.0,2661,543.0
7983,7983.0,2662,924.0
7984,7984.0,2662,2686.0
7985,7985.0,2662,2687.0
7986,7986.0,2663,712.0
7987,7987.0,2663,2688.0
7988,7988.0,2663,1432.0
7989,7989.0,2664,895.0
7990,7990.0,2664,628.0
7991,7991.0,2664,416.0
7992,7992.0,2665,69.0
7993,7993.0,2665,2689.0
7994,7994.0,2665,321.0
7995,7995.0,2666,1188.0
7996,7996.0,2666,557.0
7997,7997.0,2666,2690.0
7998,7998.0,2667,357.0
7999,7999.0,2667,621.0
8000,8000.0,2667,930.0
8001,8001.0,2668,646.0
8002,8002.0,2668,784.0
8003,8003.0,2668,2691.0
8004,8004.0,2669,1893.0
8005,8005.0,2669,1965.0
8006,8006.0,2669,2692.0
8007,8007.0,2670,2693.0
8008,8008.0,2670,1533.0
8009,8009.0,2670,886.0
8010,8010.0,2671,168.0
8011,8011.0,2671,2694.0
8012,8012.0,2671,2695.0
8013,8013.0,2672,2696.0
8014,8014.0,2672,2697.0
8015,8015.0,2672,2698.0
8016,8016.0,2673,2699.0
8017,8017.0,2673,1106.0
8018,8018.0,2673,2059.0
8019,8019.0,2674,2241.0
8020,8020.0,2674,2504.0
8021,8021.0,2674,2700.0
8022,8022.0,2675,1668.0
8023,8023.0,2675,2701.0
8024,8024.0,2675,2702.0
8025,8025.0,2676,948.0
8026,8026.0,2676,1314.0
8027,8027.0,2676,2703.0
8028,8028.0,2677,1572.0
8029,8029.0,2677,2704.0
8030,8030.0,2677,396.0
8031,8031.0,2678,1509.0
8032,8032.0,2678,1225.0
8033,8033.0,2678,2705.0
8034,8034.0,2679,2455.0
8035,8035.0,2679,377.0
8036,8036.0,2679,2706.0
8037,8037.0,2680,629.0
8038,8038.0,2680,2707.0
8039,8039.0,2680,2708.0
8040,8040.0,2681,2614.0
8041,8041.0,2681,2615.0
8042,8042.0,2681,2709.0
8043,8043.0,2682,653.0
8044,8044.0,2682,2710.0
8045,8045.0,2682,987.0
8046,8046.0,2683,1004.0
8047,8047.0,2683,2711.0
8048,8048.0,2683,2574.0
8049,8049.0,2684,195.0
8050,8050.0,2684,832.0
8051,8051.0,2684,2712.0
8052,8052.0,2685,2713.0
8053,8053.0,2685,1300.0
8054,8054.0,2685,2714.0
8055,8055.0,2686,328.0
8056,8056.0,2686,2564.0
8057,8057.0,2686,334.0
8058,8058.0,2687,630.0
8059,8059.0,2687,2096.0
8060,8060.0,2687,2715.0
8061,8061.0,2688,622.0
8062,8062.0,2688,457.0
8063,8063.0,2688,327.0
8064,8064.0,2689,728.0
8065,8065.0,2689,1855.0
8066,8066.0,2689,2716.0
8067,8067.0,2690,2717.0
8068,8068.0,2690,2718.0
8069,8069.0,2690,2719.0
8070,8070.0,2691,1081.0
8071,8071.0,2691,71.0
8072,8072.0,2691,2720.0
8073,8073.0,2692,2101.0
8074,8074.0,2692,1171.0
8075,8075.0,2692,2721.0
8076,8076.0,2693,2722.0
8077,8077.0,2693,481.0
8078,8078.0,2693,2723.0
8079,8079.0,2694,373.0
8080,8080.0,2694,652.0
8081,8081.0,2694,2724.0
8082,8082.0,2695,680.0
8083,8083.0,2695,932.0
8084,8084.0,2695,1464.0
8085,8085.0,2696,2725.0
8086,8086.0,2696,2726.0
8087,8087.0,2696,2727.0
8088,8088.0,2697,275.0
8089,8089.0,2697,1059.0
8090,8090.0,2697,630.0
8091,8091.0,2698,1806.0
8092,8092.0,2698,655.0
8093,8093.0,2698,2728.0
8094,8094.0,2699,2729.0
8095,8095.0,2699,2569.0
8096,8096.0,2699,2730.0
8097,8097.0,2700,34.0
8098,8098.0,2700,2731.0
8099,8099.0,2700,2732.0
8100,8100.0,2701,62.0
8101,8101.0,2701,1072.0
8102,8102.0,2701,323.0
8103,8103.0,2702,2581.0
8104,8104.0,2702,624.0
8105,8105.0,2702,802.0
8106,8106.0,2703,397.0
8107,8107.0,2703,552.0
8108,8108.0,2703,254.0
8109,8109.0,2704,605.0
8110,8110.0,2704,1271.0
8111,8111.0,2704,2733.0
8112,8112.0,2705,2734.0
8113,8113.0,2705,2735.0
8114,8114.0,2705,403.0
8115,8115.0,2706,560.0
8116,8116.0,2706,2736.0
8117,8117.0,2706,396.0
8118,8118.0,2707,316.0
8119,8119.0,2707,39.0
8120,8120.0,2707,924.0
8121,8121.0,2708,1607.0
8122,8122.0,2708,2737.0
8123,8123.0,2708,2738.0
8124,8124.0,2709,1296.0
8125,8125.0,2709,2739.0
8126,8126.0,2709,2740.0
8127,8127.0,2710,1322.0
8128,8128.0,2710,2741.0
8129,8129.0,2710,2742.0
8130,8130.0,2711,2417.0
8131,8131.0,2711,1424.0
8132,8132.0,2711,2743.0
8133,8133.0,2712,437.0
8134,8134.0,2712,2744.0
8135,8135.0,2712,2070.0
8136,8136.0,2713,605.0
8137,8137.0,2713,577.0
8138,8138.0,2713,348.0
8139,8139.0,2714,2745.0
8140,8140.0,2714,353.0
8141,8141.0,2714,23.0
8142,8142.0,2715,2507.0
8143,8143.0,2715,1580.0
8144,8144.0,2715,1774.0
8145,8145.0,2716,1061.0
8146,8146.0,2716,2746.0
8147,8147.0,2716,1994.0
8148,8148.0,2717,149.0
8149,8149.0,2717,117.0
8150,8150.0,2717,523.0
8151,8151.0,2718,1568.0
8152,8152.0,2718,2747.0
8153,8153.0,2718,618.0
8154,8154.0,2719,553.0
8155,8155.0,2719,174.0
8156,8156.0,2719,1790.0
8157,8157.0,2720,1366.0
8158,8158.0,2720,2636.0
8159,8159.0,2720,2343.0
8160,8160.0,2721,380.0
8161,8161.0,2721,62.0
8162,8162.0,2721,473.0
8163,8163.0,2722,240.0
8164,8164.0,2722,268.0
8165,8165.0,2722,600.0
8166,8166.0,2723,193.0
8167,8167.0,2723,2748.0
8168,8168.0,2723,2749.0
8169,8169.0,2724,2750.0
8170,8170.0,2724,2751.0
8171,8171.0,2724,2752.0
8172,8172.0,2725,72.0
8173,8173.0,2725,2753.0
8174,8174.0,2725,2754.0
8175,8175.0,2726,65.0
8176,8176.0,2726,2755.0
8177,8177.0,2726,2756.0
8178,8178.0,2727,338.0
8179,8179.0,2727,728.0
8180,8180.0,2727,2757.0
8181,8181.0,2728,715.0
8182,8182.0,2728,2095.0
8183,8183.0,2728,2758.0
8184,8184.0,2729,2759.0
8185,8185.0,2729,266.0
8186,8186.0,2729,2760.0
8187,8187.0,2730,261.0
8188,8188.0,2730,88.0
8189,8189.0,2730,1167.0
8190,8190.0,2731,752.0
8191,8191.0,2731,679.0
8192,8192.0,2731,470.0
8193,8193.0,2732,354.0
8194,8194.0,2732,2359.0
8195,8195.0,2732,932.0
8196,8196.0,2733,1907.0
8197,8197.0,2733,2761.0
8198,8198.0,2733,2762.0
8199,8199.0,2734,803.0
8200,8200.0,2734,2763.0
8201,8201.0,2734,1414.0
8202,8202.0,2735,630.0
8203,8203.0,2735,631.0
8204,8204.0,2735,1265.0
8205,8205.0,2736,2764.0
8206,8206.0,2736,994.0
8207,8207.0,2736,1210.0
8208,8208.0,2737,180.0
8209,8209.0,2737,296.0
8210,8210.0,2737,59.0
8211,8211.0,2738,760.0
8212,8212.0,2738,850.0
8213,8213.0,2738,1341.0
8214,8214.0,2739,149.0
8215,8215.0,2739,354.0
8216,8216.0,2739,220.0
8217,8217.0,2740,2765.0
8218,8218.0,2740,2734.0
8219,8219.0,2740,534.0
8220,8220.0,2741,2764.0
8221,8221.0,2741,193.0
8222,8222.0,2741,2529.0
8223,8223.0,2742,97.0
8224,8224.0,2742,2766.0
8225,8225.0,2742,2767.0
8226,8226.0,2743,630.0
8227,8227.0,2743,2768.0
8228,8228.0,2743,1561.0
8229,8229.0,2744,1423.0
8230,8230.0,2744,2683.0
8231,8231.0,2744,2769.0
8232,8232.0,2745,2131.0
8233,8233.0,2745,652.0
8234,8234.0,2745,120.0
8235,8235.0,2746,1834.0
8236,8236.0,2746,1094.0
8237,8237.0,2746,1995.0
8238,8238.0,2747,85.0
8239,8239.0,2747,1210.0
8240,8240.0,2747,663.0
8241,8241.0,2748,1968.0
8242,8242.0,2748,2770.0
8243,8243.0,2748,2771.0
8244,8244.0,2749,2772.0
8245,8245.0,2749,2773.0
8246,8246.0,2749,2774.0
8247,8247.0,2750,120.0
8248,8248.0,2750,2327.0
8249,8249.0,2750,2515.0
8250,8250.0,2751,886.0
8251,8251.0,2751,689.0
8252,8252.0,2751,811.0
8253,8253.0,2752,894.0
8254,8254.0,2752,404.0
8255,8255.0,2752,873.0
8256,8256.0,2753,139.0
8257,8257.0,2753,196.0
8258,8258.0,2753,497.0
8259,8259.0,2754,1058.0
8260,8260.0,2754,1704.0
8261,8261.0,2754,964.0
8262,8262.0,2755,2775.0
8263,8263.0,2755,2776.0
8264,8264.0,2755,2777.0
8265,8265.0,2756,16.0
8266,8266.0,2756,1450.0
8267,8267.0,2756,2778.0
8268,8268.0,2757,308.0
8269,8269.0,2757,2779.0
8270,8270.0,2757,2780.0
8271,8271.0,2758,300.0
8272,8272.0,2758,1132.0
8273,8273.0,2758,1983.0
8274,8274.0,2759,252.0
8275,8275.0,2759,2781.0
8276,8276.0,2759,2782.0
8277,8277.0,2760,1293.0
8278,8278.0,2760,2783.0
8279,8279.0,2760,685.0
8280,8280.0,2761,2784.0
8281,8281.0,2761,2785.0
8282,8282.0,2761,2501.0
8283,8283.0,2762,1834.0
8284,8284.0,2762,2786.0
8285,8285.0,2762,2002.0
8286,8286.0,2763,16.0
8287,8287.0,2763,2787.0
8288,8288.0,2763,377.0
8289,8289.0,2764,2760.0
8290,8290.0,2764,483.0
8291,8291.0,2764,728.0
8292,8292.0,2765,1095.0
8293,8293.0,2765,366.0
8294,8294.0,2765,1122.0
8295,8295.0,2766,117.0
8296,8296.0,2766,2788.0
8297,8297.0,2766,1602.0
8298,8298.0,2767,58.0
8299,8299.0,2767,1154.0
8300,8300.0,2767,1167.0
8301,8301.0,2768,431.0
8302,8302.0,2768,2469.0
8303,8303.0,2768,2789.0
8304,8304.0,2769,81.0
8305,8305.0,2769,261.0
8306,8306.0,2769,313.0
8307,8307.0,2770,193.0
8308,8308.0,2770,188.0
8309,8309.0,2770,2283.0
8310,8310.0,2771,378.0
8311,8311.0,2771,356.0
8312,8312.0,2771,1537.0
8313,8313.0,2772,2790.0
8314,8314.0,2772,2791.0
8315,8315.0,2772,1527.0
8316,8316.0,2773,553.0
8317,8317.0,2773,250.0
8318,8318.0,2773,499.0
8319,8319.0,2774,1081.0
8320,8320.0,2774,1175.0
8321,8321.0,2774,2305.0
8322,8322.0,2775,103.0
8323,8323.0,2775,2792.0
8324,8324.0,2775,2793.0
8325,8325.0,2776,567.0
8326,8326.0,2776,26.0
8327,8327.0,2776,2794.0
8328,8328.0,2777,2795.0
8329,8329.0,2777,2004.0
8330,8330.0,2777,610.0
8331,8331.0,2778,2.0
8332,8332.0,2778,2796.0
8333,8333.0,2778,73.0
8334,8334.0,2779,2797.0
8335,8335.0,2779,622.0
8336,8336.0,2779,403.0
8337,8337.0,2780,2798.0
8338,8338.0,2780,348.0
8339,8339.0,2780,468.0
8340,8340.0,2781,1390.0
8341,8341.0,2781,2799.0
8342,8342.0,2781,2800.0
8343,8343.0,2782,2801.0
8344,8344.0,2782,2802.0
8345,8345.0,2782,2803.0
8346,8346.0,2783,78.0
8347,8347.0,2783,1499.0
8348,8348.0,2783,1704.0
8349,8349.0,2784,2804.0
8350,8350.0,2784,250.0
8351,8351.0,2784,2805.0
8352,8352.0,2785,2806.0
8353,8353.0,2785,2807.0
8354,8354.0,2785,2808.0
8355,8355.0,2786,142.0
8356,8356.0,2786,115.0
8357,8357.0,2786,383.0
8358,8358.0,2787,982.0
8359,8359.0,2787,664.0
8360,8360.0,2787,2809.0
8361,8361.0,2788,1271.0
8362,8362.0,2788,2810.0
8363,8363.0,2788,2811.0
8364,8364.0,2789,160.0
8365,8365.0,2789,413.0
8366,8366.0,2789,606.0
8367,8367.0,2790,857.0
8368,8368.0,2790,714.0
8369,8369.0,2790,666.0
8370,8370.0,2791,445.0
8371,8371.0,2791,2812.0
8372,8372.0,2791,2813.0
8373,8373.0,2792,752.0
8374,8374.0,2792,2116.0
8375,8375.0,2792,305.0
8376,8376.0,2793,627.0
8377,8377.0,2793,802.0
8378,8378.0,2793,399.0
8379,8379.0,2794,2814.0
8380,8380.0,2794,1641.0
8381,8381.0,2794,799.0
8382,8382.0,2795,2815.0
8383,8383.0,2795,2441.0
8384,8384.0,2795,2627.0
8385,8385.0,2796,2816.0
8386,8386.0,2796,2817.0
8387,8387.0,2796,2818.0
8388,8388.0,2797,989.0
8389,8389.0,2797,898.0
8390,8390.0,2797,2819.0
8391,8391.0,2798,159.0
8392,8392.0,2798,2820.0
8393,8393.0,2798,625.0
8394,8394.0,2799,2821.0
8395,8395.0,2799,1406.0
8396,8396.0,2799,912.0
8397,8397.0,2800,270.0
8398,8398.0,2800,55.0
8399,8399.0,2800,777.0
8400,8400.0,2801,659.0
8401,8401.0,2801,2822.0
8402,8402.0,2801,713.0
8403,8403.0,2802,357.0
8404,8404.0,2802,673.0
8405,8405.0,2802,382.0
8406,8406.0,2803,2268.0
8407,8407.0,2803,225.0
8408,8408.0,2803,399.0
8409,8409.0,2804,31.0
8410,8410.0,2804,1024.0
8411,8411.0,2804,2823.0
8412,8412.0,2805,2824.0
8413,8413.0,2805,2825.0
8414,8414.0,2805,2826.0
8415,8415.0,2806,1320.0
8416,8416.0,2806,2827.0
8417,8417.0,2806,2828.0
8418,8418.0,2807,2829.0
8419,8419.0,2807,1236.0
8420,8420.0,2807,2830.0
8421,8421.0,2808,2713.0
8422,8422.0,2808,56.0
8423,8423.0,2808,1617.0
8424,8424.0,2809,643.0
8425,8425.0,2809,2831.0
8426,8426.0,2809,231.0
8427,8427.0,2810,1049.0
8428,8428.0,2810,853.0
8429,8429.0,2810,1676.0
8430,8430.0,2811,2832.0
8431,8431.0,2811,2833.0
8432,8432.0,2811,2834.0
8433,8433.0,2812,195.0
8434,8434.0,2812,1063.0
8435,8435.0,2812,2835.0
8436,8436.0,2813,850.0
8437,8437.0,2813,2038.0
8438,8438.0,2813,2504.0
8439,8439.0,2814,1004.0
8440,8440.0,2814,964.0
8441,8441.0,2814,1165.0
8442,8442.0,2815,1523.0
8443,8443.0,2815,312.0
8444,8444.0,2815,1524.0
8445,8445.0,2816,142.0
8446,8446.0,2816,1828.0
8447,8447.0,2816,933.0
8448,8448.0,2817,535.0
8449,8449.0,2817,2836.0
8450,8450.0,2817,2837.0
8451,8451.0,2818,125.0
8452,8452.0,2818,1413.0
8453,8453.0,2818,2838.0
8454,8454.0,2819,2009.0
8455,8455.0,2819,2839.0
8456,8456.0,2819,2840.0
8457,8457.0,2820,144.0
8458,8458.0,2820,2841.0
8459,8459.0,2820,2842.0
8460,8460.0,2821,2843.0
8461,8461.0,2821,299.0
8462,8462.0,2821,485.0
8463,8463.0,2822,2844.0
8464,8464.0,2822,193.0
8465,8465.0,2822,1011.0
8466,8466.0,2823,2197.0
8467,8467.0,2823,2174.0
8468,8468.0,2823,448.0
8469,8469.0,2824,2425.0
8470,8470.0,2824,2845.0
8471,8471.0,2824,433.0
8472,8472.0,2825,1304.0
8473,8473.0,2825,2476.0
8474,8474.0,2825,2137.0
8475,8475.0,2826,761.0
8476,8476.0,2826,678.0
8477,8477.0,2826,2325.0
8478,8478.0,2827,2846.0
8479,8479.0,2827,1.0
8480,8480.0,2827,2847.0
8481,8481.0,2828,2848.0
8482,8482.0,2828,2849.0
8483,8483.0,2828,2850.0
8484,8484.0,2829,2851.0
8485,8485.0,2829,2534.0
8486,8486.0,2829,2852.0
8487,8487.0,2830,338.0
8488,8488.0,2830,474.0
8489,8489.0,2830,1223.0
8490,8490.0,2831,2853.0
8491,8491.0,2831,2854.0
8492,8492.0,2831,1450.0
8493,8493.0,2832,399.0
8494,8494.0,2832,1636.0
8495,8495.0,2832,2855.0
8496,8496.0,2833,1165.0
8497,8497.0,2833,483.0
8498,8498.0,2833,2856.0
8499,8499.0,2834,2542.0
8500,8500.0,2834,2857.0
8501,8501.0,2834,2858.0
8502,8502.0,2835,10.0
8503,8503.0,2835,2859.0
8504,8504.0,2835,2860.0
8505,8505.0,2836,366.0
8506,8506.0,2836,1576.0
8507,8507.0,2836,2861.0
8508,8508.0,2837,2862.0
8509,8509.0,2837,868.0
8510,8510.0,2837,2863.0
8511,8511.0,2838,441.0
8512,8512.0,2838,2864.0
8513,8513.0,2838,2865.0
8514,8514.0,2839,353.0
8515,8515.0,2839,311.0
8516,8516.0,2839,2531.0
8517,8517.0,2840,680.0
8518,8518.0,2840,524.0
8519,8519.0,2840,2866.0
8520,8520.0,2841,2867.0
8521,8521.0,2841,2868.0
8522,8522.0,2841,1151.0
8523,8523.0,2842,379.0
8524,8524.0,2842,2869.0
8525,8525.0,2842,2870.0
8526,8526.0,2843,71.0
8527,8527.0,2843,458.0
8528,8528.0,2843,2871.0
8529,8529.0,2844,685.0
8530,8530.0,2844,171.0
8531,8531.0,2844,2872.0
8532,8532.0,2845,1920.0
8533,8533.0,2845,1211.0
8534,8534.0,2845,1085.0
8535,8535.0,2846,772.0
8536,8536.0,2846,2873.0
8537,8537.0,2846,1579.0
8538,8538.0,2847,2865.0
8539,8539.0,2847,1910.0
8540,8540.0,2847,2874.0
8541,8541.0,2848,1939.0
8542,8542.0,2848,964.0
8543,8543.0,2848,2875.0
8544,8544.0,2849,2876.0
8545,8545.0,2849,2877.0
8546,8546.0,2849,2878.0
8547,8547.0,2850,1264.0
8548,8548.0,2850,2688.0
8549,8549.0,2850,252.0
8550,8550.0,2851,2879.0
8551,8551.0,2851,2880.0
8552,8552.0,2851,2881.0
8553,8553.0,2852,182.0
8554,8554.0,2852,247.0
8555,8555.0,2852,1072.0
8556,8556.0,2853,490.0
8557,8557.0,2853,1561.0
8558,8558.0,2853,2882.0
8559,8559.0,2854,2883.0
8560,8560.0,2854,2884.0
8561,8561.0,2854,1431.0
8562,8562.0,2855,564.0
8563,8563.0,2855,673.0
8564,8564.0,2855,1190.0
8565,8565.0,2856,1190.0
8566,8566.0,2856,2885.0
8567,8567.0,2856,233.0
8568,8568.0,2857,76.0
8569,8569.0,2857,2886.0
8570,8570.0,2857,2497.0
8571,8571.0,2858,575.0
8572,8572.0,2858,644.0
8573,8573.0,2858,2887.0
8574,8574.0,2859,65.0
8575,8575.0,2859,881.0
8576,8576.0,2859,522.0
8577,8577.0,2860,2888.0
8578,8578.0,2860,2889.0
8579,8579.0,2860,2890.0
8580,8580.0,2861,2168.0
8581,8581.0,2861,2891.0
8582,8582.0,2861,2892.0
8583,8583.0,2862,894.0
8584,8584.0,2862,577.0
8585,8585.0,2862,639.0
8586,8586.0,2863,1448.0
8587,8587.0,2863,1447.0
8588,8588.0,2863,570.0
8589,8589.0,2864,784.0
8590,8590.0,2864,548.0
8591,8591.0,2864,342.0
8592,8592.0,2865,2275.0
8593,8593.0,2865,2893.0
8594,8594.0,2865,2894.0
8595,8595.0,2866,61.0
8596,8596.0,2866,128.0
8597,8597.0,2866,775.0
8598,8598.0,2867,2784.0
8599,8599.0,2867,1504.0
8600,8600.0,2867,673.0
8601,8601.0,2868,1890.0
8602,8602.0,2868,1033.0
8603,8603.0,2868,2895.0
8604,8604.0,2869,1461.0
8605,8605.0,2869,2896.0
8606,8606.0,2869,2855.0
8607,8607.0,2870,161.0
8608,8608.0,2870,1419.0
8609,8609.0,2870,1171.0
8610,8610.0,2871,717.0
8611,8611.0,2871,620.0
8612,8612.0,2871,2897.0
8613,8613.0,2872,2898.0
8614,8614.0,2872,2899.0
8615,8615.0,2872,2900.0
8616,8616.0,2873,2901.0
8617,8617.0,2873,1627.0
8618,8618.0,2873,2902.0
8619,8619.0,2874,890.0
8620,8620.0,2874,23.0
8621,8621.0,2874,688.0
8622,8622.0,2875,473.0
8623,8623.0,2875,73.0
8624,8624.0,2875,2903.0
8625,8625.0,2876,10.0
8626,8626.0,2876,2904.0
8627,8627.0,2876,2905.0
8628,8628.0,2877,1451.0
8629,8629.0,2877,2906.0
8630,8630.0,2877,2907.0
8631,8631.0,2878,679.0
8632,8632.0,2878,1266.0
8633,8633.0,2878,2908.0
8634,8634.0,2879,408.0
8635,8635.0,2879,332.0
8636,8636.0,2879,1343.0
8637,8637.0,2880,102.0
8638,8638.0,2880,21.0
8639,8639.0,2880,1672.0
8640,8640.0,2881,2909.0
8641,8641.0,2881,2910.0
8642,8642.0,2881,2911.0
8643,8643.0,2882,413.0
8644,8644.0,2882,650.0
8645,8645.0,2882,411.0
8646,8646.0,2883,75.0
8647,8647.0,2883,58.0
8648,8648.0,2883,2344.0
8649,8649.0,2884,1315.0
8650,8650.0,2884,570.0
8651,8651.0,2884,2912.0
8652,8652.0,2885,613.0
8653,8653.0,2885,294.0
8654,8654.0,2885,1535.0
8655,8655.0,2886,2913.0
8656,8656.0,2886,529.0
8657,8657.0,2886,2914.0
8658,8658.0,2887,240.0
8659,8659.0,2887,2915.0
8660,8660.0,2887,2916.0
8661,8661.0,2888,2917.0
8662,8662.0,2888,1428.0
8663,8663.0,2888,2918.0
8664,8664.0,2889,556.0
8665,8665.0,2889,1627.0
8666,8666.0,2889,268.0
8667,8667.0,2890,838.0
8668,8668.0,2890,1644.0
8669,8669.0,2890,955.0
8670,8670.0,2891,776.0
8671,8671.0,2891,985.0
8672,8672.0,2891,1037.0
8673,8673.0,2892,470.0
8674,8674.0,2892,160.0
8675,8675.0,2892,1219.0
8676,8676.0,2893,160.0
8677,8677.0,2893,2919.0
8678,8678.0,2893,2920.0
8679,8679.0,2894,2921.0
8680,8680.0,2894,2922.0
8681,8681.0,2894,2923.0
8682,8682.0,2895,299.0
8683,8683.0,2895,837.0
8684,8684.0,2895,560.0
8685,8685.0,2896,2405.0
8686,8686.0,2896,2924.0
8687,8687.0,2896,2925.0
8688,8688.0,2897,754.0
8689,8689.0,2897,406.0
8690,8690.0,2897,2926.0
8691,8691.0,2898,1777.0
8692,8692.0,2898,2927.0
8693,8693.0,2898,2928.0
8694,8694.0,2899,934.0
8695,8695.0,2899,479.0
8696,8696.0,2899,939.0
8697,8697.0,2900,2929.0
8698,8698.0,2900,2056.0
8699,8699.0,2900,2930.0
8700,8700.0,2901,2069.0
8701,8701.0,2901,241.0
8702,8702.0,2901,1092.0
8703,8703.0,2902,1724.0
8704,8704.0,2902,208.0
8705,8705.0,2902,2931.0
8706,8706.0,2903,2932.0
8707,8707.0,2903,1890.0
8708,8708.0,2903,2933.0
8709,8709.0,2904,525.0
8710,8710.0,2904,2934.0
8711,8711.0,2904,2935.0
8712,8712.0,2905,490.0
8713,8713.0,2905,106.0
8714,8714.0,2905,2670.0
8715,8715.0,2906,2936.0
8716,8716.0,2906,2937.0
8717,8717.0,2906,2938.0
8718,8718.0,2907,2939.0
8719,8719.0,2907,2940.0
8720,8720.0,2907,2941.0
8721,8721.0,2908,2942.0
8722,8722.0,2908,2943.0
8723,8723.0,2908,2944.0
8724,8724.0,2909,2945.0
8725,8725.0,2909,354.0
8726,8726.0,2909,2280.0
8727,8727.0,2910,2353.0
8728,8728.0,2910,860.0
8729,8729.0,2910,2946.0
8730,8730.0,2911,1139.0
8731,8731.0,2911,1140.0
8732,8732.0,2911,2947.0
8733,8733.0,2912,1639.0
8734,8734.0,2912,125.0
8735,8735.0,2912,1640.0
8736,8736.0,2913,1291.0
8737,8737.0,2913,481.0
8738,8738.0,2913,851.0
8739,8739.0,2914,750.0
8740,8740.0,2914,1925.0
8741,8741.0,2914,2948.0
8742,8742.0,2915,2949.0
8743,8743.0,2915,2950.0
8744,8744.0,2915,2951.0
8745,8745.0,2916,1291.0
8746,8746.0,2916,2276.0
8747,8747.0,2916,2192.0
8748,8748.0,2917,85.0
8749,8749.0,2917,9.0
8750,8750.0,2917,37.0
8751,8751.0,2918,1040.0
8752,8752.0,2918,2148.0
8753,8753.0,2918,2952.0
8754,8754.0,2919,322.0
8755,8755.0,2919,1332.0
8756,8756.0,2919,885.0
8757,8757.0,2920,1054.0
8758,8758.0,2920,2953.0
8759,8759.0,2920,1900.0
8760,8760.0,2921,886.0
8761,8761.0,2921,139.0
8762,8762.0,2921,2954.0
8763,8763.0,2922,1089.0
8764,8764.0,2922,1277.0
8765,8765.0,2922,2955.0
8766,8766.0,2923,2956.0
8767,8767.0,2923,769.0
8768,8768.0,2923,118.0
8769,8769.0,2924,240.0
8770,8770.0,2924,994.0
8771,8771.0,2924,728.0
8772,8772.0,2925,19.0
8773,8773.0,2925,763.0
8774,8774.0,2925,1606.0
8775,8775.0,2926,548.0
8776,8776.0,2926,597.0
8777,8777.0,2926,2957.0
8778,8778.0,2927,656.0
8779,8779.0,2927,1095.0
8780,8780.0,2927,155.0
8781,8781.0,2928,2458.0
8782,8782.0,2928,2459.0
8783,8783.0,2928,2460.0
8784,8784.0,2929,2072.0
8785,8785.0,2929,2141.0
8786,8786.0,2929,2958.0
8787,8787.0,2930,361.0
8788,8788.0,2930,1190.0
8789,8789.0,2930,2444.0
8790,8790.0,2931,1940.0
8791,8791.0,2931,2463.0
8792,8792.0,2931,2248.0
8793,8793.0,2932,558.0
8794,8794.0,2932,1623.0
8795,8795.0,2932,1930.0
8796,8796.0,2933,489.0
8797,8797.0,2933,1608.0
8798,8798.0,2933,2959.0
8799,8799.0,2934,2960.0
8800,8800.0,2934,2961.0
8801,8801.0,2934,2962.0
8802,8802.0,2935,1157.0
8803,8803.0,2935,894.0
8804,8804.0,2935,2963.0
8805,8805.0,2936,2305.0
8806,8806.0,2936,2964.0
8807,8807.0,2936,2965.0
8808,8808.0,2937,2136.0
8809,8809.0,2937,2966.0
8810,8810.0,2937,367.0
8811,8811.0,2938,1592.0
8812,8812.0,2938,2967.0
8813,8813.0,2938,2968.0
8814,8814.0,2939,2370.0
8815,8815.0,2939,2904.0
8816,8816.0,2939,131.0
8817,8817.0,2940,963.0
8818,8818.0,2940,2969.0
8819,8819.0,2940,2970.0
8820,8820.0,2941,615.0
8821,8821.0,2941,218.0
8822,8822.0,2941,1268.0
8823,8823.0,2942,955.0
8824,8824.0,2942,96.0
8825,8825.0,2942,2971.0
8826,8826.0,2943,250.0
8827,8827.0,2943,943.0
8828,8828.0,2943,391.0
8829,8829.0,2944,2972.0
8830,8830.0,2944,606.0
8831,8831.0,2944,2973.0
8832,8832.0,2945,867.0
8833,8833.0,2945,1439.0
8834,8834.0,2945,1418.0
8835,8835.0,2946,3.0
8836,8836.0,2946,63.0
8837,8837.0,2946,1476.0
8838,8838.0,2947,152.0
8839,8839.0,2947,2974.0
8840,8840.0,2947,2975.0
8841,8841.0,2948,1810.0
8842,8842.0,2948,2371.0
8843,8843.0,2948,2976.0
8844,8844.0,2949,2977.0
8845,8845.0,2949,1059.0
8846,8846.0,2949,885.0
8847,8847.0,2950,885.0
8848,8848.0,2950,1576.0
8849,8849.0,2950,1159.0
8850,8850.0,2951,873.0
8851,8851.0,2951,116.0
8852,8852.0,2951,697.0
8853,8853.0,2952,1324.0
8854,8854.0,2952,188.0
8855,8855.0,2952,2978.0
8856,8856.0,2953,622.0
8857,8857.0,2953,2979.0
8858,8858.0,2953,2980.0
8859,8859.0,2954,761.0
8860,8860.0,2954,2981.0
8861,8861.0,2954,1364.0
8862,8862.0,2955,1010.0
8863,8863.0,2955,548.0
8864,8864.0,2955,62.0
8865,8865.0,2956,427.0
8866,8866.0,2956,492.0
8867,8867.0,2956,2344.0
8868,8868.0,2957,186.0
8869,8869.0,2957,955.0
8870,8870.0,2957,510.0
8871,8871.0,2958,2458.0
8872,8872.0,2958,2459.0
8873,8873.0,2958,2982.0
8874,8874.0,2959,2983.0
8875,8875.0,2959,2984.0
8876,8876.0,2959,2248.0
8877,8877.0,2960,266.0
8878,8878.0,2960,485.0
8879,8879.0,2960,2985.0
8880,8880.0,2961,943.0
8881,8881.0,2961,500.0
8882,8882.0,2961,2986.0
8883,8883.0,2962,2987.0
8884,8884.0,2962,2988.0
8885,8885.0,2962,2989.0
8886,8886.0,2963,55.0
8887,8887.0,2963,2042.0
8888,8888.0,2963,769.0
8889,8889.0,2964,254.0
8890,8890.0,2964,1710.0
8891,8891.0,2964,642.0
8892,8892.0,2965,2745.0
8893,8893.0,2965,792.0
8894,8894.0,2965,554.0
8895,8895.0,2966,2990.0
8896,8896.0,2966,2991.0
8897,8897.0,2966,2992.0
8898,8898.0,2967,1267.0
8899,8899.0,2967,405.0
8900,8900.0,2967,2993.0
8901,8901.0,2968,890.0
8902,8902.0,2968,181.0
8903,8903.0,2968,2037.0
8904,8904.0,2969,2994.0
8905,8905.0,2969,2995.0
8906,8906.0,2969,700.0
8907,8907.0,2970,1209.0
8908,8908.0,2970,2996.0
8909,8909.0,2970,2997.0
8910,8910.0,2971,2998.0
8911,8911.0,2971,2999.0
8912,8912.0,2971,3000.0
8913,8913.0,2972,460.0
8914,8914.0,2972,3001.0
8915,8915.0,2972,2528.0
8916,8916.0,2973,995.0
8917,8917.0,2973,1092.0
8918,8918.0,2973,873.0
8919,8919.0,2974,3002.0
8920,8920.0,2974,3003.0
8921,8921.0,2974,3004.0
8922,8922.0,2975,338.0
8923,8923.0,2975,353.0
8924,8924.0,2975,27.0
8925,8925.0,2976,84.0
8926,8926.0,2976,1889.0
8927,8927.0,2976,317.0
8928,8928.0,2977,2458.0
8929,8929.0,2977,3005.0
8930,8930.0,2977,1600.0
8931,8931.0,2978,180.0
8932,8932.0,2978,3006.0
8933,8933.0,2978,3007.0
8934,8934.0,2979,16.0
8935,8935.0,2979,1096.0
8936,8936.0,2979,2734.0
8937,8937.0,2980,888.0
8938,8938.0,2980,1928.0
8939,8939.0,2980,3008.0
8940,8940.0,2981,655.0
8941,8941.0,2981,1420.0
8942,8942.0,2981,657.0
8943,8943.0,2982,2458.0
8944,8944.0,2982,2982.0
8945,8945.0,2982,2459.0
8946,8946.0,2983,412.0
8947,8947.0,2983,1192.0
8948,8948.0,2983,1133.0
8949,8949.0,2984,1572.0
8950,8950.0,2984,3009.0
8951,8951.0,2984,3010.0
8952,8952.0,2985,819.0
8953,8953.0,2985,168.0
8954,8954.0,2985,840.0
8955,8955.0,2986,3011.0
8956,8956.0,2986,3012.0
8957,8957.0,2986,3013.0
8958,8958.0,2987,2764.0
8959,8959.0,2987,3014.0
8960,8960.0,2987,3015.0
8961,8961.0,2988,656.0
8962,8962.0,2988,1659.0
8963,8963.0,2988,2046.0
8964,8964.0,2989,586.0
8965,8965.0,2989,251.0
8966,8966.0,2989,690.0
8967,8967.0,2990,3016.0
8968,8968.0,2990,456.0
8969,8969.0,2990,1945.0
8970,8970.0,2991,191.0
8971,8971.0,2991,2178.0
8972,8972.0,2991,1206.0
8973,8973.0,2992,3017.0
8974,8974.0,2992,3018.0
8975,8975.0,2992,1609.0
8976,8976.0,2993,639.0
8977,8977.0,2993,2370.0
8978,8978.0,2993,1066.0
8979,8979.0,2994,3019.0
8980,8980.0,2994,3020.0
8981,8981.0,2994,3021.0
8982,8982.0,2995,320.0
8983,8983.0,2995,3022.0
8984,8984.0,2995,3023.0
8985,8985.0,2996,214.0
8986,8986.0,2996,3024.0
8987,8987.0,2996,2062.0
8988,8988.0,2997,3025.0
8989,8989.0,2997,972.0
8990,8990.0,2997,3026.0
8991,8991.0,2998,3027.0
8992,8992.0,2998,1185.0
8993,8993.0,2998,3028.0
8994,8994.0,2999,1004.0
8995,8995.0,2999,2711.0
8996,8996.0,2999,3029.0
8997,8997.0,3000,1209.0
8998,8998.0,3000,3030.0
8999,8999.0,3000,3031.0
9000,9000.0,3001,3032.0
9001,9001.0,3001,3033.0
9002,9002.0,3001,3034.0
9003,9003.0,3002,3035.0
9004,9004.0,3002,294.0
9005,9005.0,3002,3036.0
9006,9006.0,3003,648.0
9007,9007.0,3003,1941.0
9008,9008.0,3003,3037.0
9009,9009.0,3004,27.0
9010,9010.0,3004,353.0
9011,9011.0,3004,569.0
9012,9012.0,3005,471.0
9013,9013.0,3005,548.0
9014,9014.0,3005,380.0
9015,9015.0,3006,549.0
9016,9016.0,3006,3038.0
9017,9017.0,3006,1387.0
9018,9018.0,3007,907.0
9019,9019.0,3007,1481.0
9020,9020.0,3007,324.0
9021,9021.0,3008,1259.0
9022,9022.0,3008,925.0
9023,9023.0,3008,252.0
9024,9024.0,3009,1096.0
9025,9025.0,3009,2872.0
9026,9026.0,3009,3039.0
9027,9027.0,3010,1947.0
9028,9028.0,3010,1101.0
9029,9029.0,3010,914.0
9030,9030.0,3011,979.0
9031,9031.0,3011,2472.0
9032,9032.0,3011,3040.0
9033,9033.0,3012,1093.0
9034,9034.0,3012,1332.0
9035,9035.0,3012,908.0
9036,9036.0,3013,69.0
9037,9037.0,3013,3041.0
9038,9038.0,3013,403.0
9039,9039.0,3014,659.0
9040,9040.0,3014,3042.0
9041,9041.0,3014,1593.0
9042,9042.0,3015,1329.0
9043,9043.0,3015,3043.0
9044,9044.0,3015,3044.0
9045,9045.0,3016,1901.0
9046,9046.0,3016,3045.0
9047,9047.0,3016,1271.0
9048,9048.0,3017,505.0
9049,9049.0,3017,3046.0
9050,9050.0,3017,1602.0
9051,9051.0,3018,622.0
9052,9052.0,3018,731.0
9053,9053.0,3018,3047.0
9054,9054.0,3019,629.0
9055,9055.0,3019,1127.0
9056,9056.0,3019,1132.0
9057,9057.0,3020,869.0
9058,9058.0,3020,3048.0
9059,9059.0,3020,3049.0
9060,9060.0,3021,3050.0
9061,9061.0,3021,3051.0
9062,9062.0,3021,3052.0
9063,9063.0,3022,2008.0
9064,9064.0,3022,1703.0
9065,9065.0,3022,3053.0
9066,9066.0,3023,1418.0
9067,9067.0,3023,732.0
9068,9068.0,3023,180.0
9069,9069.0,3024,3054.0
9070,9070.0,3024,3055.0
9071,9071.0,3024,3056.0
9072,9072.0,3025,1188.0
9073,9073.0,3025,71.0
9074,9074.0,3025,784.0
9075,9075.0,3026,1499.0
9076,9076.0,3026,391.0
9077,9077.0,3026,785.0
9078,9078.0,3027,1279.0
9079,9079.0,3027,1933.0
9080,9080.0,3027,617.0
9081,9081.0,3028,477.0
9082,9082.0,3028,2902.0
9083,9083.0,3028,869.0
9084,9084.0,3029,3057.0
9085,9085.0,3029,3058.0
9086,9086.0,3029,3059.0
9087,9087.0,3030,379.0
9088,9088.0,3030,1858.0
9089,9089.0,3030,3060.0
9090,9090.0,3031,2196.0
9091,9091.0,3031,2734.0
9092,9092.0,3031,587.0
9093,9093.0,3032,1060.0
9094,9094.0,3032,3061.0
9095,9095.0,3032,3062.0
9096,9096.0,3033,85.0
9097,9097.0,3033,786.0
9098,9098.0,3033,3063.0
9099,9099.0,3034,218.0
9100,9100.0,3034,3064.0
9101,9101.0,3034,3065.0
9102,9102.0,3035,3066.0
9103,9103.0,3035,673.0
9104,9104.0,3035,3067.0
9105,9105.0,3036,3068.0
9106,9106.0,3036,3069.0
9107,9107.0,3036,3070.0
9108,9108.0,3037,1069.0
9109,9109.0,3037,284.0
9110,9110.0,3037,1446.0
9111,9111.0,3038,3071.0
9112,9112.0,3038,3072.0
9113,9113.0,3038,3073.0
9114,9114.0,3039,2787.0
9115,9115.0,3039,2583.0
9116,9116.0,3039,161.0
9117,9117.0,3040,294.0
9118,9118.0,3040,525.0
9119,9119.0,3040,1672.0
9120,9120.0,3041,1511.0
9121,9121.0,3041,1354.0
9122,9122.0,3041,1627.0
9123,9123.0,3042,242.0
9124,9124.0,3042,345.0
9125,9125.0,3042,310.0
9126,9126.0,3043,3074.0
9127,9127.0,3043,3075.0
9128,9128.0,3043,3076.0
9129,9129.0,3044,16.0
9130,9130.0,3044,235.0
9131,9131.0,3044,2735.0
9132,9132.0,3045,1376.0
9133,9133.0,3045,668.0
9134,9134.0,3045,3077.0
9135,9135.0,3046,16.0
9136,9136.0,3046,1071.0
9137,9137.0,3046,505.0
9138,9138.0,3047,37.0
9139,9139.0,3047,7.0
9140,9140.0,3047,2547.0
9141,9141.0,3048,1525.0
9142,9142.0,3048,3078.0
9143,9143.0,3048,196.0
9144,9144.0,3049,1339.0
9145,9145.0,3049,3079.0
9146,9146.0,3049,3080.0
9147,9147.0,3050,3081.0
9148,9148.0,3050,2487.0
9149,9149.0,3050,856.0
9150,9150.0,3051,2877.0
9151,9151.0,3051,297.0
9152,9152.0,3051,241.0
9153,9153.0,3052,141.0
9154,9154.0,3052,381.0
9155,9155.0,3052,2514.0
9156,9156.0,3053,573.0
9157,9157.0,3053,52.0
9158,9158.0,3053,78.0
9159,9159.0,3054,995.0
9160,9160.0,3054,1049.0
9161,9161.0,3054,1942.0
9162,9162.0,3055,166.0
9163,9163.0,3055,5.0
9164,9164.0,3055,3082.0
9165,9165.0,3056,607.0
9166,9166.0,3056,672.0
9167,9167.0,3056,2.0
9168,9168.0,3057,340.0
9169,9169.0,3057,2537.0
9170,9170.0,3057,2567.0
9171,9171.0,3058,3083.0
9172,9172.0,3058,690.0
9173,9173.0,3058,3084.0
9174,9174.0,3059,611.0
9175,9175.0,3059,87.0
9176,9176.0,3059,3085.0
9177,9177.0,3060,3086.0
9178,9178.0,3060,3087.0
9179,9179.0,3060,3088.0
9180,9180.0,3061,3089.0
9181,9181.0,3061,2564.0
9182,9182.0,3061,3090.0
9183,9183.0,3062,1229.0
9184,9184.0,3062,1863.0
9185,9185.0,3062,3091.0
9186,9186.0,3063,242.0
9187,9187.0,3063,1112.0
9188,9188.0,3063,3092.0
9189,9189.0,3064,238.0
9190,9190.0,3064,396.0
9191,9191.0,3064,447.0
9192,9192.0,3065,3093.0
9193,9193.0,3065,3094.0
9194,9194.0,3065,523.0
9195,9195.0,3066,171.0
9196,9196.0,3066,3095.0
9197,9197.0,3066,1338.0
9198,9198.0,3067,3096.0
9199,9199.0,3067,3097.0
9200,9200.0,3067,587.0
9201,9201.0,3068,9.0
9202,9202.0,3068,327.0
9203,9203.0,3068,3098.0
9204,9204.0,3069,752.0
9205,9205.0,3069,717.0
9206,9206.0,3069,803.0
9207,9207.0,3070,867.0
9208,9208.0,3070,672.0
9209,9209.0,3070,548.0
9210,9210.0,3071,226.0
9211,9211.0,3071,3099.0
9212,9212.0,3071,3100.0
9213,9213.0,3072,897.0
9214,9214.0,3072,3101.0
9215,9215.0,3072,2299.0
9216,9216.0,3073,11.0
9217,9217.0,3073,792.0
9218,9218.0,3073,713.0
9219,9219.0,3074,593.0
9220,9220.0,3074,3102.0
9221,9221.0,3074,480.0
9222,9222.0,3075,426.0
9223,9223.0,3075,74.0
9224,9224.0,3075,1093.0
9225,9225.0,3076,879.0
9226,9226.0,3076,696.0
9227,9227.0,3076,3103.0
9228,9228.0,3077,681.0
9229,9229.0,3077,3104.0
9230,9230.0,3077,3105.0
9231,9231.0,3078,1973.0
9232,9232.0,3078,560.0
9233,9233.0,3078,1561.0
9234,9234.0,3079,3106.0
9235,9235.0,3079,414.0
9236,9236.0,3079,1229.0
9237,9237.0,3080,2293.0
9238,9238.0,3080,3107.0
9239,9239.0,3080,2781.0
9240,9240.0,3081,3108.0
9241,9241.0,3081,3109.0
9242,9242.0,3081,3110.0
9243,9243.0,3082,3111.0
9244,9244.0,3082,566.0
9245,9245.0,3082,3112.0
9246,9246.0,3083,251.0
9247,9247.0,3083,59.0
9248,9248.0,3083,2187.0
9249,9249.0,3084,1298.0
9250,9250.0,3084,3113.0
9251,9251.0,3084,3114.0
9252,9252.0,3085,270.0
9253,9253.0,3085,1295.0
9254,9254.0,3085,500.0
9255,9255.0,3086,426.0
9256,9256.0,3086,250.0
9257,9257.0,3086,817.0
9258,9258.0,3087,121.0
9259,9259.0,3087,611.0
9260,9260.0,3087,506.0
9261,9261.0,3088,38.0
9262,9262.0,3088,848.0
9263,9263.0,3088,1019.0
9264,9264.0,3089,3115.0
9265,9265.0,3089,3116.0
9266,9266.0,3089,3117.0
9267,9267.0,3090,2487.0
9268,9268.0,3090,1229.0
9269,9269.0,3090,948.0
9270,9270.0,3091,218.0
9271,9271.0,3091,413.0
9272,9272.0,3091,1048.0
9273,9273.0,3092,878.0
9274,9274.0,3092,485.0
9275,9275.0,3092,1179.0
9276,9276.0,3093,283.0
9277,9277.0,3093,2042.0
9278,9278.0,3093,510.0
9279,9279.0,3094,425.0
9280,9280.0,3094,2877.0
9281,9281.0,3094,297.0
9282,9282.0,3095,3118.0
9283,9283.0,3095,306.0
9284,9284.0,3095,261.0
9285,9285.0,3096,311.0
9286,9286.0,3096,659.0
9287,9287.0,3096,548.0
9288,9288.0,3097,1064.0
9289,9289.0,3097,3119.0
9290,9290.0,3097,723.0
9291,9291.0,3098,139.0
9292,9292.0,3098,1279.0
9293,9293.0,3098,885.0
9294,9294.0,3099,2224.0
9295,9295.0,3099,3120.0
9296,9296.0,3099,3121.0
9297,9297.0,3100,3122.0
9298,9298.0,3100,3123.0
9299,9299.0,3100,3124.0
9300,9300.0,3101,3125.0
9301,9301.0,3101,3126.0
9302,9302.0,3101,2025.0
9303,9303.0,3102,1712.0
9304,9304.0,3102,1374.0
9305,9305.0,3102,3127.0
9306,9306.0,3103,1128.0
9307,9307.0,3103,3128.0
9308,9308.0,3103,3129.0
9309,9309.0,3104,212.0
9310,9310.0,3104,270.0
9311,9311.0,3104,3130.0
9312,9312.0,3105,2.0
9313,9313.0,3105,3131.0
9314,9314.0,3105,413.0
9315,9315.0,3106,2042.0
9316,9316.0,3106,1195.0
9317,9317.0,3106,3132.0
9318,9318.0,3107,338.0
9319,9319.0,3107,3133.0
9320,9320.0,3107,1522.0
9321,9321.0,3108,3134.0
9322,9322.0,3108,3135.0
9323,9323.0,3108,3136.0
9324,9324.0,3109,556.0
9325,9325.0,3109,1171.0
9326,9326.0,3109,505.0
9327,9327.0,3110,181.0
9328,9328.0,3110,1010.0
9329,9329.0,3110,2314.0
9330,9330.0,3111,3137.0
9331,9331.0,3111,3138.0
9332,9332.0,3111,3139.0
9333,9333.0,3112,3140.0
9334,9334.0,3112,896.0
9335,9335.0,3112,3141.0
9336,9336.0,3113,3142.0
9337,9337.0,3113,3143.0
9338,9338.0,3113,3144.0
9339,9339.0,3114,2001.0
9340,9340.0,3114,152.0
9341,9341.0,3114,617.0
9342,9342.0,3115,137.0
9343,9343.0,3115,489.0
9344,9344.0,3115,1194.0
9345,9345.0,3116,697.0
9346,9346.0,3116,92.0
9347,9347.0,3116,432.0
9348,9348.0,3117,1853.0
9349,9349.0,3117,3145.0
9350,9350.0,3117,2498.0
9351,9351.0,3118,776.0
9352,9352.0,3118,2042.0
9353,9353.0,3118,3146.0
9354,9354.0,3119,2390.0
9355,9355.0,3119,3147.0
9356,9356.0,3119,2077.0
9357,9357.0,3120,58.0
9358,9358.0,3120,1771.0
9359,9359.0,3120,330.0
9360,9360.0,3121,1004.0
9361,9361.0,3121,2711.0
9362,9362.0,3121,3148.0
9363,9363.0,3122,1101.0
9364,9364.0,3122,1503.0
9365,9365.0,3122,1420.0
9366,9366.0,3123,337.0
9367,9367.0,3123,510.0
9368,9368.0,3123,3149.0
9369,9369.0,3124,3150.0
9370,9370.0,3124,3151.0
9371,9371.0,3124,3152.0
9372,9372.0,3125,447.0
9373,9373.0,3125,1096.0
9374,9374.0,3125,534.0
9375,9375.0,3126,1463.0
9376,9376.0,3126,1488.0
9377,9377.0,3126,3153.0
9378,9378.0,3127,3154.0
9379,9379.0,3127,3155.0
9380,9380.0,3127,3156.0
9381,9381.0,3128,119.0
9382,9382.0,3128,1255.0
9383,9383.0,3128,1014.0
9384,9384.0,3129,1578.0
9385,9385.0,3129,766.0
9386,9386.0,3129,1628.0
9387,9387.0,3130,209.0
9388,9388.0,3130,313.0
9389,9389.0,3130,2410.0
9390,9390.0,3131,3157.0
9391,9391.0,3131,3158.0
9392,9392.0,3131,3159.0
9393,9393.0,3132,3160.0
9394,9394.0,3132,3161.0
9395,9395.0,3132,3162.0
9396,9396.0,3133,712.0
9397,9397.0,3133,302.0
9398,9398.0,3133,664.0
9399,9399.0,3134,1180.0
9400,9400.0,3134,2977.0
9401,9401.0,3134,1344.0
9402,9402.0,3135,3163.0
9403,9403.0,3135,3164.0
9404,9404.0,3135,3165.0
9405,9405.0,3136,1451.0
9406,9406.0,3136,3166.0
9407,9407.0,3136,2744.0
9408,9408.0,3137,2545.0
9409,9409.0,3137,3167.0
9410,9410.0,3137,1834.0
9411,9411.0,3138,495.0
9412,9412.0,3138,2586.0
9413,9413.0,3138,3168.0
9414,9414.0,3139,382.0
9415,9415.0,3139,181.0
9416,9416.0,3139,3169.0
9417,9417.0,3140,1092.0
9418,9418.0,3140,3170.0
9419,9419.0,3140,3171.0
9420,9420.0,3141,1004.0
9421,9421.0,3141,2711.0
9422,9422.0,3141,3172.0
9423,9423.0,3142,417.0
9424,9424.0,3142,61.0
9425,9425.0,3142,385.0
9426,9426.0,3143,761.0
9427,9427.0,3143,3173.0
9428,9428.0,3143,3174.0
9429,9429.0,3144,494.0
9430,9430.0,3144,346.0
9431,9431.0,3144,3175.0
9432,9432.0,3145,3176.0
9433,9433.0,3145,3177.0
9434,9434.0,3145,3126.0
9435,9435.0,3146,1593.0
9436,9436.0,3146,2102.0
9437,9437.0,3146,3178.0
9438,9438.0,3147,3179.0
9439,9439.0,3147,3180.0
9440,9440.0,3147,3181.0
9441,9441.0,3148,3182.0
9442,9442.0,3148,3183.0
9443,9443.0,3148,3184.0
9444,9444.0,3149,43.0
9445,9445.0,3149,3185.0
9446,9446.0,3149,2754.0
9447,9447.0,3150,824.0
9448,9448.0,3150,3186.0
9449,9449.0,3150,3187.0
9450,9450.0,3151,1062.0
9451,9451.0,3151,268.0
9452,9452.0,3151,3188.0
9453,9453.0,3152,49.0
9454,9454.0,3152,717.0
9455,9455.0,3152,506.0
9456,9456.0,3153,624.0
9457,9457.0,3153,886.0
9458,9458.0,3153,757.0
9459,9459.0,3154,3115.0
9460,9460.0,3154,3189.0
9461,9461.0,3154,3190.0
9462,9462.0,3155,16.0
9463,9463.0,3155,3191.0
9464,9464.0,3155,994.0
9465,9465.0,3156,232.0
9466,9466.0,3156,1631.0
9467,9467.0,3156,3192.0
9468,9468.0,3157,2987.0
9469,9469.0,3157,3193.0
9470,9470.0,3157,3194.0
9471,9471.0,3158,1593.0
9472,9472.0,3158,2.0
9473,9473.0,3158,3195.0
9474,9474.0,3159,3196.0
9475,9475.0,3159,3197.0
9476,9476.0,3159,3198.0
9477,9477.0,3160,361.0
9478,9478.0,3160,181.0
9479,9479.0,3160,38.0
9480,9480.0,3161,1818.0
9481,9481.0,3161,3199.0
9482,9482.0,3161,3200.0
9483,9483.0,3162,761.0
9484,9484.0,3162,3201.0
9485,9485.0,3162,3202.0
9486,9486.0,3163,3203.0
9487,9487.0,3163,227.0
9488,9488.0,3163,3204.0
9489,9489.0,3164,3205.0
9490,9490.0,3164,3206.0
9491,9491.0,3164,3207.0
9492,9492.0,3165,252.0
9493,9493.0,3165,1190.0
9494,9494.0,3165,1058.0
9495,9495.0,3166,1354.0
9496,9496.0,3166,1704.0
9497,9497.0,3166,2456.0
9498,9498.0,3167,3208.0
9499,9499.0,3167,1637.0
9500,9500.0,3167,2772.0
9501,9501.0,3168,2234.0
9502,9502.0,3168,3209.0
9503,9503.0,3168,3210.0
9504,9504.0,3169,1928.0
9505,9505.0,3169,2138.0
9506,9506.0,3169,2639.0
9507,9507.0,3170,655.0
9508,9508.0,3170,354.0
9509,9509.0,3170,665.0
9510,9510.0,3171,2197.0
9511,9511.0,3171,2174.0
9512,9512.0,3171,1885.0
9513,9513.0,3172,11.0
9514,9514.0,3172,685.0
9515,9515.0,3172,92.0
9516,9516.0,3173,472.0
9517,9517.0,3173,103.0
9518,9518.0,3173,1354.0
9519,9519.0,3174,195.0
9520,9520.0,3174,696.0
9521,9521.0,3174,478.0
9522,9522.0,3175,2204.0
9523,9523.0,3175,1968.0
9524,9524.0,3175,3211.0
9525,9525.0,3176,90.0
9526,9526.0,3176,1704.0
9527,9527.0,3176,2511.0
9528,9528.0,3177,161.0
9529,9529.0,3177,2410.0
9530,9530.0,3177,3212.0
9531,9531.0,3178,943.0
9532,9532.0,3178,283.0
9533,9533.0,3178,3213.0
9534,9534.0,3179,2009.0
9535,9535.0,3179,1583.0
9536,9536.0,3179,3214.0
9537,9537.0,3180,274.0
9538,9538.0,3180,1095.0
9539,9539.0,3180,1476.0
9540,9540.0,3181,650.0
9541,9541.0,3181,216.0
9542,9542.0,3181,209.0
9543,9543.0,3182,1069.0
9544,9544.0,3182,3215.0
9545,9545.0,3182,487.0
9546,9546.0,3183,2117.0
9547,9547.0,3183,3216.0
9548,9548.0,3183,1499.0
9549,9549.0,3184,3217.0
9550,9550.0,3184,3218.0
9551,9551.0,3184,3219.0
9552,9552.0,3185,3220.0
9553,9553.0,3185,3221.0
9554,9554.0,3185,3222.0
9555,9555.0,3186,878.0
9556,9556.0,3186,553.0
9557,9557.0,3186,318.0
9558,9558.0,3187,458.0
9559,9559.0,3187,497.0
9560,9560.0,3187,3223.0
9561,9561.0,3188,115.0
9562,9562.0,3188,9.0
9563,9563.0,3188,1104.0
9564,9564.0,3189,3224.0
9565,9565.0,3189,3225.0
9566,9566.0,3189,3226.0
9567,9567.0,3190,3227.0
9568,9568.0,3190,858.0
9569,9569.0,3190,73.0
9570,9570.0,3191,3228.0
9571,9571.0,3191,2666.0
9572,9572.0,3191,3229.0
9573,9573.0,3192,661.0
9574,9574.0,3192,715.0
9575,9575.0,3192,3230.0
9576,9576.0,3193,2833.0
9577,9577.0,3193,422.0
9578,9578.0,3193,3231.0
9579,9579.0,3194,1117.0
9580,9580.0,3194,1296.0
9581,9581.0,3194,3232.0
9582,9582.0,3195,1765.0
9583,9583.0,3195,727.0
9584,9584.0,3195,731.0
9585,9585.0,3196,3233.0
9586,9586.0,3196,3234.0
9587,9587.0,3196,3235.0
9588,9588.0,3197,3236.0
9589,9589.0,3197,475.0
9590,9590.0,3197,3237.0
9591,9591.0,3198,812.0
9592,9592.0,3198,1640.0
9593,9593.0,3198,1329.0
9594,9594.0,3199,51.0
9595,9595.0,3199,861.0
9596,9596.0,3199,3238.0
9597,9597.0,3200,3239.0
9598,9598.0,3200,1406.0
9599,9599.0,3200,3240.0
9600,9600.0,3201,656.0
9601,9601.0,3201,847.0
9602,9602.0,3201,1982.0
9603,9603.0,3202,1893.0
9604,9604.0,3202,1965.0
9605,9605.0,3202,3241.0
9606,9606.0,3203,593.0
9607,9607.0,3203,510.0
9608,9608.0,3203,3242.0
9609,9609.0,3204,1095.0
9610,9610.0,3204,1761.0
9611,9611.0,3204,757.0
9612,9612.0,3205,3243.0
9613,9613.0,3205,3244.0
9614,9614.0,3205,3245.0
9615,9615.0,3206,3003.0
9616,9616.0,3206,3246.0
9617,9617.0,3206,3247.0
9618,9618.0,3207,417.0
9619,9619.0,3207,399.0
9620,9620.0,3207,157.0
9621,9621.0,3208,1936.0
9622,9622.0,3208,581.0
9623,9623.0,3208,3248.0
9624,9624.0,3209,491.0
9625,9625.0,3209,2665.0
9626,9626.0,3209,664.0
9627,9627.0,3210,454.0
9628,9628.0,3210,3249.0
9629,9629.0,3210,3250.0
9630,9630.0,3211,92.0
9631,9631.0,3211,899.0
9632,9632.0,3211,240.0
9633,9633.0,3212,536.0
9634,9634.0,3212,3251.0
9635,9635.0,3212,3252.0
9636,9636.0,3213,233.0
9637,9637.0,3213,2037.0
9638,9638.0,3213,468.0
9639,9639.0,3214,1222.0
9640,9640.0,3214,3253.0
9641,9641.0,3214,3254.0
9642,9642.0,3215,3255.0
9643,9643.0,3215,500.0
9644,9644.0,3215,3256.0
9645,9645.0,3216,535.0
9646,9646.0,3216,155.0
9647,9647.0,3216,853.0
9648,9648.0,3217,2174.0
9649,9649.0,3217,3257.0
9650,9650.0,3217,70.0
9651,9651.0,3218,2166.0
9652,9652.0,3218,3258.0
9653,9653.0,3218,584.0
9654,9654.0,3219,3259.0
9655,9655.0,3219,3260.0
9656,9656.0,3219,157.0
9657,9657.0,3220,2324.0
9658,9658.0,3220,1488.0
9659,9659.0,3220,3261.0
9660,9660.0,3221,2561.0
9661,9661.0,3221,3262.0
9662,9662.0,3221,3263.0
9663,9663.0,3222,508.0
9664,9664.0,3222,926.0
9665,9665.0,3222,2819.0
9666,9666.0,3223,2987.0
9667,9667.0,3223,3264.0
9668,9668.0,3223,3265.0
9669,9669.0,3224,602.0
9670,9670.0,3225,840.0
9671,9671.0,3225,355.0
9672,9672.0,3225,3266.0
9673,9673.0,3226,2998.0
9674,9674.0,3226,3193.0
9675,9675.0,3226,3267.0
9676,9676.0,3227,522.0
9677,9677.0,3227,3268.0
9678,9678.0,3227,3269.0
9679,9679.0,3228,3270.0
9680,9680.0,3228,3000.0
9681,9681.0,3228,3271.0
9682,9682.0,3229,3272.0
9683,9683.0,3229,3273.0
9684,9684.0,3229,3274.0
9685,9685.0,3230,1339.0
9686,9686.0,3230,1595.0
9687,9687.0,3230,2707.0
9688,9688.0,3231,3275.0
9689,9689.0,3231,1264.0
9690,9690.0,3231,3276.0
9691,9691.0,3232,265.0
9692,9692.0,3232,193.0
9693,9693.0,3232,776.0
9694,9694.0,3233,3277.0
9695,9695.0,3233,3278.0
9696,9696.0,3233,3279.0
9697,9697.0,3234,117.0
9698,9698.0,3234,755.0
9699,9699.0,3234,3280.0
9700,9700.0,3235,3281.0
9701,9701.0,3235,2451.0
9702,9702.0,3235,3282.0
9703,9703.0,3236,1218.0
9704,9704.0,3236,152.0
9705,9705.0,3236,3283.0
9706,9706.0,3237,99.0
9707,9707.0,3237,993.0
9708,9708.0,3237,951.0
9709,9709.0,3238,525.0
9710,9710.0,3238,1331.0
9711,9711.0,3238,166.0
9712,9712.0,3239,3284.0
9713,9713.0,3239,3285.0
9714,9714.0,3239,3250.0
9715,9715.0,3240,522.0
9716,9716.0,3240,1150.0
9717,9717.0,3240,3286.0
9718,9718.0,3241,3287.0
9719,9719.0,3241,3288.0
9720,9720.0,3241,3289.0
9721,9721.0,3242,895.0
9722,9722.0,3242,3290.0
9723,9723.0,3242,3291.0
9724,9724.0,3243,828.0
9725,9725.0,3243,2177.0
9726,9726.0,3243,1257.0
9727,9727.0,3244,3010.0
9728,9728.0,3244,363.0
9729,9729.0,3244,987.0
9730,9730.0,3245,220.0
9731,9731.0,3245,154.0
9732,9732.0,3245,1693.0
9733,9733.0,3246,2581.0
9734,9734.0,3246,1631.0
9735,9735.0,3246,3292.0
9736,9736.0,3247,1291.0
9737,9737.0,3247,431.0
9738,9738.0,3247,433.0
9739,9739.0,3248,1423.0
9740,9740.0,3248,3293.0
9741,9741.0,3248,2836.0
9742,9742.0,3249,1164.0
9743,9743.0,3249,3294.0
9744,9744.0,3249,3295.0
9745,9745.0,3250,161.0
9746,9746.0,3250,3296.0
9747,9747.0,3250,412.0
9748,9748.0,3251,3297.0
9749,9749.0,3251,3298.0
9750,9750.0,3251,3299.0
9751,9751.0,3252,1532.0
9752,9752.0,3252,1907.0
9753,9753.0,3252,1001.0
9754,9754.0,3253,3300.0
9755,9755.0,3253,3301.0
9756,9756.0,3253,3302.0
9757,9757.0,3254,1857.0
9758,9758.0,3254,256.0
9759,9759.0,3254,832.0
9760,9760.0,3255,1504.0
9761,9761.0,3255,3303.0
9762,9762.0,3255,2892.0
9763,9763.0,3256,277.0
9764,9764.0,3256,1502.0
9765,9765.0,3256,3304.0
9766,9766.0,3257,9.0
9767,9767.0,3257,313.0
9768,9768.0,3257,1314.0
9769,9769.0,3258,668.0
9770,9770.0,3258,117.0
9771,9771.0,3258,534.0
9772,9772.0,3259,3305.0
9773,9773.0,3259,2748.0
9774,9774.0,3259,3306.0
9775,9775.0,3260,3307.0
9776,9776.0,3260,3308.0
9777,9777.0,3260,131.0
9778,9778.0,3261,3309.0
9779,9779.0,3261,3310.0
9780,9780.0,3261,1850.0
9781,9781.0,3262,1233.0
9782,9782.0,3262,497.0
9783,9783.0,3262,1010.0
9784,9784.0,3263,52.0
9785,9785.0,3263,86.0
9786,9786.0,3263,1943.0
9787,9787.0,3264,1511.0
9788,9788.0,3264,1007.0
9789,9789.0,3264,3311.0
9790,9790.0,3265,123.0
9791,9791.0,3265,313.0
9792,9792.0,3265,3312.0
9793,9793.0,3266,3313.0
9794,9794.0,3266,3314.0
9795,9795.0,3266,3315.0
9796,9796.0,3267,253.0
9797,9797.0,3267,73.0
9798,9798.0,3267,666.0
9799,9799.0,3268,90.0
9800,9800.0,3268,1354.0
9801,9801.0,3268,3316.0
9802,9802.0,3269,43.0
9803,9803.0,3269,3317.0
9804,9804.0,3269,3318.0
9805,9805.0,3270,704.0
9806,9806.0,3270,272.0
9807,9807.0,3270,910.0
9808,9808.0,3271,847.0
9809,9809.0,3271,688.0
9810,9810.0,3271,3319.0
9811,9811.0,3272,506.0
9812,9812.0,3272,2813.0
9813,9813.0,3272,3232.0
9814,9814.0,3273,1406.0
9815,9815.0,3273,3126.0
9816,9816.0,3273,670.0
9817,9817.0,3274,491.0
9818,9818.0,3274,1455.0
9819,9819.0,3274,2274.0
9820,9820.0,3275,473.0
9821,9821.0,3275,440.0
9822,9822.0,3275,3320.0
9823,9823.0,3276,3321.0
9824,9824.0,3276,772.0
9825,9825.0,3276,367.0
9826,9826.0,3277,2371.0
9827,9827.0,3277,1289.0
9828,9828.0,3277,1295.0
9829,9829.0,3278,506.0
9830,9830.0,3278,881.0
9831,9831.0,3278,3322.0
9832,9832.0,3279,1314.0
9833,9833.0,3279,1489.0
9834,9834.0,3279,3323.0
9835,9835.0,3280,1169.0
9836,9836.0,3280,3324.0
9837,9837.0,3280,1186.0
9838,9838.0,3281,3325.0
9839,9839.0,3281,3326.0
9840,9840.0,3281,170.0
9841,9841.0,3282,23.0
9842,9842.0,3282,5.0
9843,9843.0,3282,3327.0
9844,9844.0,3283,340.0
9845,9845.0,3283,985.0
9846,9846.0,3283,912.0
9847,9847.0,3284,305.0
9848,9848.0,3284,3328.0
9849,9849.0,3284,2264.0
9850,9850.0,3285,3329.0
9851,9851.0,3285,1328.0
9852,9852.0,3285,3330.0
9853,9853.0,3286,21.0
9854,9854.0,3286,796.0
9855,9855.0,3286,320.0
9856,9856.0,3287,603.0
9857,9857.0,3287,89.0
9858,9858.0,3287,513.0
9859,9859.0,3288,131.0
9860,9860.0,3288,257.0
9861,9861.0,3288,1516.0
9862,9862.0,3289,1503.0
9863,9863.0,3289,402.0
9864,9864.0,3289,1185.0
9865,9865.0,3290,639.0
9866,9866.0,3290,169.0
9867,9867.0,3290,25.0
9868,9868.0,3291,1785.0
9869,9869.0,3291,3331.0
9870,9870.0,3291,3332.0
9871,9871.0,3292,263.0
9872,9872.0,3292,3333.0
9873,9873.0,3292,3334.0
9874,9874.0,3293,624.0
9875,9875.0,3293,1202.0
9876,9876.0,3293,3335.0
9877,9877.0,3294,368.0
9878,9878.0,3294,210.0
9879,9879.0,3294,1062.0
9880,9880.0,3295,323.0
9881,9881.0,3295,825.0
9882,9882.0,3295,522.0
9883,9883.0,3296,3336.0
9884,9884.0,3296,3337.0
9885,9885.0,3296,3338.0
9886,9886.0,3297,104.0
9887,9887.0,3297,256.0
9888,9888.0,3297,93.0
9889,9889.0,3298,3339.0
9890,9890.0,3298,3340.0
9891,9891.0,3298,3341.0
9892,9892.0,3299,1436.0
9893,9893.0,3299,3342.0
9894,9894.0,3299,3343.0
9895,9895.0,3300,570.0
9896,9896.0,3300,859.0
9897,9897.0,3300,3344.0
9898,9898.0,3301,757.0
9899,9899.0,3301,446.0
9900,9900.0,3301,2344.0
9901,9901.0,3302,195.0
9902,9902.0,3302,197.0
9903,9903.0,3302,1065.0
9904,9904.0,3303,862.0
9905,9905.0,3303,2333.0
9906,9906.0,3303,1063.0
9907,9907.0,3304,3180.0
9908,9908.0,3304,3345.0
9909,9909.0,3304,3346.0
9910,9910.0,3305,1827.0
9911,9911.0,3305,1144.0
9912,9912.0,3305,652.0
9913,9913.0,3306,980.0
9914,9914.0,3306,3347.0
9915,9915.0,3306,3348.0
9916,9916.0,3307,416.0
9917,9917.0,3307,3349.0
9918,9918.0,3307,696.0
9919,9919.0,3308,1058.0
9920,9920.0,3308,1354.0
9921,9921.0,3308,3350.0
9922,9922.0,3309,137.0
9923,9923.0,3309,3351.0
9924,9924.0,3309,3352.0
9925,9925.0,3310,552.0
9926,9926.0,3310,3353.0
9927,9927.0,3310,3354.0
9928,9928.0,3311,150.0
9929,9929.0,3311,771.0
9930,9930.0,3311,1754.0
9931,9931.0,3312,3355.0
9932,9932.0,3312,3356.0
9933,9933.0,3312,1684.0
9934,9934.0,3313,116.0
9935,9935.0,3313,732.0
9936,9936.0,3313,98.0
9937,9937.0,3314,360.0
9938,9938.0,3314,216.0
9939,9939.0,3314,1418.0
9940,9940.0,3315,2147.0
9941,9941.0,3315,411.0
9942,9942.0,3315,3357.0
9943,9943.0,3316,454.0
9944,9944.0,3316,1019.0
9945,9945.0,3316,3053.0
9946,9946.0,3317,2279.0
9947,9947.0,3317,3358.0
9948,9948.0,3317,1580.0
9949,9949.0,3318,95.0
9950,9950.0,3318,3359.0
9951,9951.0,3318,1215.0
9952,9952.0,3319,3360.0
9953,9953.0,3319,3361.0
9954,9954.0,3319,3362.0
9955,9955.0,3320,242.0
9956,9956.0,3320,88.0
9957,9957.0,3320,297.0
9958,9958.0,3321,3363.0
9959,9959.0,3321,92.0
9960,9960.0,3321,43.0
9961,9961.0,3322,3364.0
9962,9962.0,3322,3365.0
9963,9963.0,3322,3366.0
9964,9964.0,3323,605.0
9965,9965.0,3323,14.0
9966,9966.0,3323,3367.0
9967,9967.0,3324,1289.0
9968,9968.0,3324,2773.0
9969,9969.0,3324,3368.0
9970,9970.0,3325,621.0
9971,9971.0,3325,75.0
9972,9972.0,3325,1187.0
9973,9973.0,3326,3369.0
9974,9974.0,3326,1135.0
9975,9975.0,3326,788.0
9976,9976.0,3327,3370.0
9977,9977.0,3327,2988.0
9978,9978.0,3327,3371.0
9979,9979.0,3328,3372.0
9980,9980.0,3328,3373.0
9981,9981.0,3328,1406.0
9982,9982.0,3329,1429.0
9983,9983.0,3329,3374.0
9984,9984.0,3329,1510.0
9985,9985.0,3330,3375.0
9986,9986.0,3330,3376.0
9987,9987.0,3330,3377.0
9988,9988.0,3331,184.0
9989,9989.0,3331,3378.0
9990,9990.0,3331,798.0
9991,9991.0,3332,10.0
9992,9992.0,3332,898.0
9993,9993.0,3332,554.0
9994,9994.0,3333,503.0
9995,9995.0,3333,1520.0
9996,9996.0,3333,3379.0
9997,9997.0,3334,221.0
9998,9998.0,3334,648.0
9999,9999.0,3334,803.0
10000,10000.0,3335,1436.0
10001,10001.0,3335,3380.0
10002,10002.0,3335,3381.0
10003,10003.0,3336,761.0
10004,10004.0,3336,3382.0
10005,10005.0,3336,3383.0
10006,10006.0,3337,866.0
10007,10007.0,3337,752.0
10008,10008.0,3337,482.0
10009,10009.0,3338,3384.0
10010,10010.0,3338,3385.0
10011,10011.0,3338,3386.0
10012,10012.0,3339,220.0
10013,10013.0,3339,534.0
10014,10014.0,3339,1054.0
10015,10015.0,3340,564.0
10016,10016.0,3340,715.0
10017,10017.0,3340,555.0
10018,10018.0,3341,144.0
10019,10019.0,3341,218.0
10020,10020.0,3341,1129.0
10021,10021.0,3342,3387.0
10022,10022.0,3342,3388.0
10023,10023.0,3342,3389.0
10024,10024.0,3343,1668.0
10025,10025.0,3343,1731.0
10026,10026.0,3343,3390.0
10027,10027.0,3344,1709.0
10028,10028.0,3344,397.0
10029,10029.0,3344,379.0
10030,10030.0,3345,96.0
10031,10031.0,3345,1499.0
10032,10032.0,3345,986.0
10033,10033.0,3346,233.0
10034,10034.0,3346,1480.0
10035,10035.0,3346,2504.0
10036,10036.0,3347,355.0
10037,10037.0,3347,991.0
10038,10038.0,3347,3391.0
10039,10039.0,3348,283.0
10040,10040.0,3348,3392.0
10041,10041.0,3348,3393.0
10042,10042.0,3349,365.0
10043,10043.0,3349,366.0
10044,10044.0,3349,2430.0
10045,10045.0,3350,1520.0
10046,10046.0,3350,1434.0
10047,10047.0,3350,2773.0
10048,10048.0,3351,1668.0
10049,10049.0,3351,3394.0
10050,10050.0,3351,2984.0
10051,10051.0,3352,2364.0
10052,10052.0,3352,563.0
10053,10053.0,3352,3034.0
10054,10054.0,3353,3395.0
10055,10055.0,3353,3396.0
10056,10056.0,3353,3397.0
10057,10057.0,3354,691.0
10058,10058.0,3354,3398.0
10059,10059.0,3354,3399.0
10060,10060.0,3355,3400.0
10061,10061.0,3355,2639.0
10062,10062.0,3355,3401.0
10063,10063.0,3356,251.0
10064,10064.0,3356,714.0
10065,10065.0,3356,307.0
10066,10066.0,3357,3402.0
10067,10067.0,3357,2190.0
10068,10068.0,3357,2585.0
10069,10069.0,3358,3403.0
10070,10070.0,3358,3404.0
10071,10071.0,3358,1671.0
10072,10072.0,3359,1428.0
10073,10073.0,3359,854.0
10074,10074.0,3359,1354.0
10075,10075.0,3360,3402.0
10076,10076.0,3360,2190.0
10077,10077.0,3360,2585.0
10078,10078.0,3361,3405.0
10079,10079.0,3361,3406.0
10080,10080.0,3361,3407.0
10081,10081.0,3362,3408.0
10082,10082.0,3362,178.0
10083,10083.0,3362,3409.0
10084,10084.0,3363,180.0
10085,10085.0,3363,2564.0
10086,10086.0,3363,679.0
10087,10087.0,3364,3410.0
10088,10088.0,3364,3411.0
10089,10089.0,3364,2098.0
10090,10090.0,3365,1163.0
10091,10091.0,3365,2594.0
10092,10092.0,3365,2042.0
10093,10093.0,3366,881.0
10094,10094.0,3366,553.0
10095,10095.0,3366,113.0
10096,10096.0,3367,313.0
10097,10097.0,3367,715.0
10098,10098.0,3367,3412.0
10099,10099.0,3368,3413.0
10100,10100.0,3368,1561.0
10101,10101.0,3368,305.0
10102,10102.0,3369,882.0
10103,10103.0,3369,1414.0
10104,10104.0,3369,3414.0
10105,10105.0,3370,3415.0
10106,10106.0,3370,3416.0
10107,10107.0,3370,3417.0
10108,10108.0,3371,3418.0
10109,10109.0,3371,3419.0
10110,10110.0,3371,3420.0
10111,10111.0,3372,1827.0
10112,10112.0,3372,1995.0
10113,10113.0,3372,3421.0
10114,10114.0,3373,3422.0
10115,10115.0,3373,76.0
10116,10116.0,3373,3423.0
10117,10117.0,3374,2987.0
10118,10118.0,3374,2989.0
10119,10119.0,3374,2988.0
10120,10120.0,3375,141.0
10121,10121.0,3375,100.0
10122,10122.0,3375,243.0
10123,10123.0,3376,203.0
10124,10124.0,3376,502.0
10125,10125.0,3376,885.0
10126,10126.0,3377,2501.0
10127,10127.0,3377,3424.0
10128,10128.0,3377,2352.0
10129,10129.0,3378,525.0
10130,10130.0,3378,313.0
10131,10131.0,3378,3425.0
10132,10132.0,3379,1025.0
10133,10133.0,3379,408.0
10134,10134.0,3379,417.0
10135,10135.0,3380,203.0
10136,10136.0,3380,226.0
10137,10137.0,3380,2794.0
10138,10138.0,3381,2673.0
10139,10139.0,3381,3426.0
10140,10140.0,3381,2813.0
10141,10141.0,3382,319.0
10142,10142.0,3382,1617.0
10143,10143.0,3382,1602.0
10144,10144.0,3383,168.0
10145,10145.0,3383,3427.0
10146,10146.0,3383,3428.0
10147,10147.0,3384,59.0
10148,10148.0,3384,193.0
10149,10149.0,3384,717.0
10150,10150.0,3385,628.0
10151,10151.0,3385,3429.0
10152,10152.0,3385,1406.0
10153,10153.0,3386,694.0
10154,10154.0,3386,1783.0
10155,10155.0,3386,1441.0
10156,10156.0,3387,1229.0
10157,10157.0,3387,3430.0
10158,10158.0,3387,3431.0
10159,10159.0,3388,3432.0
10160,10160.0,3388,1096.0
10161,10161.0,3388,3433.0
10162,10162.0,3389,3434.0
10163,10163.0,3389,3435.0
10164,10164.0,3389,654.0
10165,10165.0,3390,220.0
10166,10166.0,3390,261.0
10167,10167.0,3390,2638.0
10168,10168.0,3391,306.0
10169,10169.0,3391,1298.0
10170,10170.0,3391,2098.0
10171,10171.0,3392,627.0
10172,10172.0,3392,353.0
10173,10173.0,3393,272.0
10174,10174.0,3393,732.0
10175,10175.0,3393,333.0
10176,10176.0,3394,553.0
10177,10177.0,3394,221.0
10178,10178.0,3394,166.0
10179,10179.0,3395,160.0
10180,10180.0,3395,1224.0
10181,10181.0,3395,751.0
10182,10182.0,3396,3436.0
10183,10183.0,3396,3437.0
10184,10184.0,3396,3438.0
10185,10185.0,3397,145.0
10186,10186.0,3397,22.0
10187,10187.0,3397,3439.0
10188,10188.0,3398,500.0
10189,10189.0,3398,1716.0
10190,10190.0,3398,130.0
10191,10191.0,3399,313.0
10192,10192.0,3399,3308.0
10193,10193.0,3399,3307.0
10194,10194.0,3400,3440.0
10195,10195.0,3400,2339.0
10196,10196.0,3400,3441.0
10197,10197.0,3401,241.0
10198,10198.0,3401,2876.0
10199,10199.0,3401,1154.0
10200,10200.0,3402,3442.0
10201,10201.0,3402,3443.0
10202,10202.0,3402,3444.0
10203,10203.0,3403,3445.0
10204,10204.0,3403,3446.0
10205,10205.0,3403,3447.0
10206,10206.0,3404,895.0
10207,10207.0,3404,3448.0
10208,10208.0,3404,3449.0
10209,10209.0,3405,3450.0
10210,10210.0,3405,3451.0
10211,10211.0,3405,3452.0
10212,10212.0,3406,2136.0
10213,10213.0,3406,3453.0
10214,10214.0,3406,3454.0
10215,10215.0,3407,1291.0
10216,10216.0,3407,2276.0
10217,10217.0,3407,2192.0
10218,10218.0,3408,2425.0
10219,10219.0,3408,2971.0
10220,10220.0,3408,3455.0
10221,10221.0,3409,1876.0
10222,10222.0,3409,265.0
10223,10223.0,3409,2650.0
10224,10224.0,3410,3456.0
10225,10225.0,3410,3457.0
10226,10226.0,3410,2321.0
10227,10227.0,3411,368.0
10228,10228.0,3411,2573.0
10229,10229.0,3411,1766.0
10230,10230.0,3412,1562.0
10231,10231.0,3412,500.0
10232,10232.0,3412,396.0
10233,10233.0,3413,148.0
10234,10234.0,3413,1983.0
10235,10235.0,3413,596.0
10236,10236.0,3414,3130.0
10237,10237.0,3414,3458.0
10238,10238.0,3414,3459.0
10239,10239.0,3415,3460.0
10240,10240.0,3415,3461.0
10241,10241.0,3415,229.0
10242,10242.0,3416,522.0
10243,10243.0,3416,170.0
10244,10244.0,3416,506.0
10245,10245.0,3417,3462.0
10246,10246.0,3417,3463.0
10247,10247.0,3417,3464.0
10248,10248.0,3418,3465.0
10249,10249.0,3418,3466.0
10250,10250.0,3418,3467.0
10251,10251.0,3419,3468.0
10252,10252.0,3419,380.0
10253,10253.0,3419,3469.0
10254,10254.0,3420,256.0
10255,10255.0,3420,712.0
10256,10256.0,3420,1004.0
10257,10257.0,3421,1210.0
10258,10258.0,3421,3470.0
10259,10259.0,3421,3471.0
10260,10260.0,3422,2283.0
10261,10261.0,3422,3472.0
10262,10262.0,3422,3473.0
10263,10263.0,3423,10.0
10264,10264.0,3423,3474.0
10265,10265.0,3423,2102.0
10266,10266.0,3424,337.0
10267,10267.0,3424,1088.0
10268,10268.0,3424,3475.0
10269,10269.0,3425,1761.0
10270,10270.0,3425,751.0
10271,10271.0,3425,2015.0
10272,10272.0,3426,497.0
10273,10273.0,3426,537.0
10274,10274.0,3426,3476.0
10275,10275.0,3427,3477.0
10276,10276.0,3427,3478.0
10277,10277.0,3427,3479.0
10278,10278.0,3428,1210.0
10279,10279.0,3428,504.0
10280,10280.0,3428,1109.0
10281,10281.0,3429,3457.0
10282,10282.0,3429,3480.0
10283,10283.0,3429,3481.0
10284,10284.0,3430,110.0
10285,10285.0,3430,116.0
10286,10286.0,3430,1130.0
10287,10287.0,3431,6.0
10288,10288.0,3431,263.0
10289,10289.0,3431,1097.0
10290,10290.0,3432,3360.0
10291,10291.0,3432,3361.0
10292,10292.0,3432,3362.0
10293,10293.0,3433,3482.0
10294,10294.0,3433,66.0
10295,10295.0,3433,221.0
10296,10296.0,3434,240.0
10297,10297.0,3434,3483.0
10298,10298.0,3434,796.0
10299,10299.0,3435,767.0
10300,10300.0,3435,446.0
10301,10301.0,3435,3484.0
10302,10302.0,3436,235.0
10303,10303.0,3436,600.0
10304,10304.0,3436,798.0
10305,10305.0,3437,302.0
10306,10306.0,3437,3485.0
10307,10307.0,3437,3486.0
10308,10308.0,3438,1836.0
10309,10309.0,3438,14.0
10310,10310.0,3438,2751.0
10311,10311.0,3439,214.0
10312,10312.0,3439,841.0
10313,10313.0,3439,428.0
10314,10314.0,3440,1500.0
10315,10315.0,3440,3487.0
10316,10316.0,3440,3488.0
10317,10317.0,3441,1537.0
10318,10318.0,3441,1296.0
10319,10319.0,3441,1097.0
10320,10320.0,3442,3489.0
10321,10321.0,3442,3490.0
10322,10322.0,3442,3491.0
10323,10323.0,3443,583.0
10324,10324.0,3443,3492.0
10325,10325.0,3443,3493.0
10326,10326.0,3444,265.0
10327,10327.0,3444,3494.0
10328,10328.0,3444,978.0
10329,10329.0,3445,1089.0
10330,10330.0,3445,1277.0
10331,10331.0,3445,313.0
10332,10332.0,3446,481.0
10333,10333.0,3446,2234.0
10334,10334.0,3446,3209.0
10335,10335.0,3447,819.0
10336,10336.0,3447,602.0
10337,10337.0,3447,3495.0
10338,10338.0,3448,1218.0
10339,10339.0,3448,3496.0
10340,10340.0,3448,3497.0
10341,10341.0,3449,328.0
10342,10342.0,3449,3498.0
10343,10343.0,3449,3499.0
10344,10344.0,3450,2533.0
10345,10345.0,3450,3500.0
10346,10346.0,3450,3501.0
10347,10347.0,3451,1423.0
10348,10348.0,3451,3502.0
10349,10349.0,3451,3503.0
10350,10350.0,3452,1704.0
10351,10351.0,3452,3504.0
10352,10352.0,3452,2883.0
10353,10353.0,3453,1428.0
10354,10354.0,3453,3505.0
10355,10355.0,3453,2177.0
10356,10356.0,3454,1030.0
10357,10357.0,3454,500.0
10358,10358.0,3454,1175.0
10359,10359.0,3455,1907.0
10360,10360.0,3455,3506.0
10361,10361.0,3455,3507.0
10362,10362.0,3456,96.0
10363,10363.0,3456,2096.0
10364,10364.0,3456,3508.0
10365,10365.0,3457,788.0
10366,10366.0,3457,885.0
10367,10367.0,3457,985.0
10368,10368.0,3458,3509.0
10369,10369.0,3458,1958.0
10370,10370.0,3458,1920.0
10371,10371.0,3459,3510.0
10372,10372.0,3459,2855.0
10373,10373.0,3459,3511.0
10374,10374.0,3460,230.0
10375,10375.0,3460,3512.0
10376,10376.0,3460,3513.0
10377,10377.0,3461,193.0
10378,10378.0,3461,256.0
10379,10379.0,3461,3514.0
10380,10380.0,3462,712.0
10381,10381.0,3462,3515.0
10382,10382.0,3462,3516.0
10383,10383.0,3463,137.0
10384,10384.0,3463,3517.0
10385,10385.0,3463,3518.0
10386,10386.0,3464,827.0
10387,10387.0,3464,3519.0
10388,10388.0,3464,3520.0
10389,10389.0,3465,2540.0
10390,10390.0,3465,646.0
10391,10391.0,3465,2151.0
10392,10392.0,3466,73.0
10393,10393.0,3466,164.0
10394,10394.0,3466,3521.0
10395,10395.0,3467,3522.0
10396,10396.0,3467,2955.0
10397,10397.0,3467,2637.0
10398,10398.0,3468,728.0
10399,10399.0,3468,109.0
10400,10400.0,3468,3523.0
10401,10401.0,3469,2453.0
10402,10402.0,3469,3524.0
10403,10403.0,3469,3525.0
10404,10404.0,3470,60.0
10405,10405.0,3470,2001.0
10406,10406.0,3470,218.0
10407,10407.0,3471,993.0
10408,10408.0,3471,862.0
10409,10409.0,3472,427.0
10410,10410.0,3472,689.0
10411,10411.0,3472,3526.0
10412,10412.0,3473,27.0
10413,10413.0,3473,627.0
10414,10414.0,3473,1504.0
10415,10415.0,3474,671.0
10416,10416.0,3474,1.0
10417,10417.0,3474,464.0
10418,10418.0,3475,377.0
10419,10419.0,3475,1712.0
10420,10420.0,3475,3527.0
10421,10421.0,3476,1092.0
10422,10422.0,3476,1635.0
10423,10423.0,3476,2208.0
10424,10424.0,3477,170.0
10425,10425.0,3477,74.0
10426,10426.0,3477,3269.0
10427,10427.0,3478,1578.0
10428,10428.0,3478,3528.0
10429,10429.0,3478,3529.0
10430,10430.0,3479,595.0
10431,10431.0,3479,1834.0
10432,10432.0,3479,16.0
10433,10433.0,3480,3530.0
10434,10434.0,3480,10.0
10435,10435.0,3480,115.0
10436,10436.0,3481,3531.0
10437,10437.0,3481,3532.0
10438,10438.0,3481,3533.0
10439,10439.0,3482,940.0
10440,10440.0,3482,802.0
10441,10441.0,3482,285.0
10442,10442.0,3483,656.0
10443,10443.0,3483,3307.0
10444,10444.0,3483,1516.0
10445,10445.0,3484,3534.0
10446,10446.0,3484,3535.0
10447,10447.0,3484,3536.0
10448,10448.0,3485,3537.0
10449,10449.0,3485,2520.0
10450,10450.0,3485,3538.0
10451,10451.0,3486,3539.0
10452,10452.0,3486,3540.0
10453,10453.0,3486,3541.0
10454,10454.0,3487,417.0
10455,10455.0,3487,98.0
10456,10456.0,3487,3123.0
10457,10457.0,3488,3542.0
10458,10458.0,3488,360.0
10459,10459.0,3488,929.0
10460,10460.0,3489,354.0
10461,10461.0,3489,978.0
10462,10462.0,3489,3543.0
10463,10463.0,3490,3544.0
10464,10464.0,3490,3513.0
10465,10465.0,3490,3545.0
10466,10466.0,3491,119.0
10467,10467.0,3491,419.0
10468,10468.0,3491,1396.0
10469,10469.0,3492,761.0
10470,10470.0,3492,328.0
10471,10471.0,3492,3111.0
10472,10472.0,3493,14.0
10473,10473.0,3493,3546.0
10474,10474.0,3493,3547.0
10475,10475.0,3494,3548.0
10476,10476.0,3494,1756.0
10477,10477.0,3494,3549.0
10478,10478.0,3495,1692.0
10479,10479.0,3495,917.0
10480,10480.0,3495,1922.0
10481,10481.0,3496,2026.0
10482,10482.0,3496,3550.0
10483,10483.0,3496,3551.0
10484,10484.0,3497,294.0
10485,10485.0,3497,548.0
10486,10486.0,3497,116.0
10487,10487.0,3498,1781.0
10488,10488.0,3498,3552.0
10489,10489.0,3498,77.0
10490,10490.0,3499,1303.0
10491,10491.0,3499,3553.0
10492,10492.0,3499,1070.0
10493,10493.0,3500,3554.0
10494,10494.0,3500,732.0
10495,10495.0,3500,1296.0
10496,10496.0,3501,1222.0
10497,10497.0,3501,704.0
10498,10498.0,3501,2530.0
10499,10499.0,3502,218.0
10500,10500.0,3502,3555.0
10501,10501.0,3502,3556.0
10502,10502.0,3503,3557.0
10503,10503.0,3503,3558.0
10504,10504.0,3503,3559.0
10505,10505.0,3504,1267.0
10506,10506.0,3504,3560.0
10507,10507.0,3504,3412.0
10508,10508.0,3505,491.0
10509,10509.0,3505,2835.0
10510,10510.0,3505,3561.0
10511,10511.0,3506,1048.0
10512,10512.0,3506,596.0
10513,10513.0,3506,2314.0
10514,10514.0,3507,293.0
10515,10515.0,3507,93.0
10516,10516.0,3507,121.0
10517,10517.0,3508,474.0
10518,10518.0,3508,1692.0
10519,10519.0,3508,3562.0
10520,10520.0,3509,712.0
10521,10521.0,3509,778.0
10522,10522.0,3509,3563.0
10523,10523.0,3510,1710.0
10524,10524.0,3510,1879.0
10525,10525.0,3510,1073.0
10526,10526.0,3511,595.0
10527,10527.0,3511,3564.0
10528,10528.0,3511,3565.0
10529,10529.0,3512,2113.0
10530,10530.0,3512,381.0
10531,10531.0,3512,2934.0
10532,10532.0,3513,76.0
10533,10533.0,3513,3566.0
10534,10534.0,3513,892.0
10535,10535.0,3514,3567.0
10536,10536.0,3514,3568.0
10537,10537.0,3514,3569.0
10538,10538.0,3515,857.0
10539,10539.0,3515,1362.0
10540,10540.0,3515,2269.0
10541,10541.0,3516,3570.0
10542,10542.0,3516,3571.0
10543,10543.0,3516,3572.0
10544,10544.0,3517,1209.0
10545,10545.0,3517,1412.0
10546,10546.0,3517,3573.0
10547,10547.0,3518,2665.0
10548,10548.0,3518,3574.0
10549,10549.0,3518,3575.0
10550,10550.0,3519,2570.0
10551,10551.0,3519,3576.0
10552,10552.0,3519,3577.0
10553,10553.0,3520,3578.0
10554,10554.0,3520,5.0
10555,10555.0,3520,1104.0
10556,10556.0,3521,3579.0
10557,10557.0,3521,832.0
10558,10558.0,3521,1245.0
10559,10559.0,3522,877.0
10560,10560.0,3522,3580.0
10561,10561.0,3522,2712.0
10562,10562.0,3523,2998.0
10563,10563.0,3523,3581.0
10564,10564.0,3523,3582.0
10565,10565.0,3524,3583.0
10566,10566.0,3524,3584.0
10567,10567.0,3524,3585.0
10568,10568.0,3525,3586.0
10569,10569.0,3525,3587.0
10570,10570.0,3525,3588.0
10571,10571.0,3526,819.0
10572,10572.0,3526,602.0
10573,10573.0,3526,2831.0
10574,10574.0,3527,3589.0
10575,10575.0,3527,3590.0
10576,10576.0,3527,3591.0
10577,10577.0,3528,2130.0
10578,10578.0,3528,2854.0
10579,10579.0,3528,1572.0
10580,10580.0,3529,380.0
10581,10581.0,3529,599.0
10582,10582.0,3529,1160.0
10583,10583.0,3530,220.0
10584,10584.0,3530,65.0
10585,10585.0,3530,553.0
10586,10586.0,3531,895.0
10587,10587.0,3531,3592.0
10588,10588.0,3531,3593.0
10589,10589.0,3532,2235.0
10590,10590.0,3532,65.0
10591,10591.0,3532,81.0
10592,10592.0,3533,71.0
10593,10593.0,3533,506.0
10594,10594.0,3533,62.0
10595,10595.0,3534,3594.0
10596,10596.0,3534,3595.0
10597,10597.0,3534,3596.0
10598,10598.0,3535,3597.0
10599,10599.0,3535,2133.0
10600,10600.0,3535,1784.0
10601,10601.0,3536,3598.0
10602,10602.0,3536,3599.0
10603,10603.0,3536,1595.0
10604,10604.0,3537,241.0
10605,10605.0,3537,538.0
10606,10606.0,3537,32.0
10607,10607.0,3538,916.0
10608,10608.0,3538,374.0
10609,10609.0,3538,3600.0
10610,10610.0,3539,656.0
10611,10611.0,3539,3302.0
10612,10612.0,3539,1100.0
10613,10613.0,3540,3601.0
10614,10614.0,3540,3602.0
10615,10615.0,3540,3603.0
10616,10616.0,3541,229.0
10617,10617.0,3541,1167.0
10618,10618.0,3541,3604.0
10619,10619.0,3542,3605.0
10620,10620.0,3542,3606.0
10621,10621.0,3542,3607.0
10622,10622.0,3543,1198.0
10623,10623.0,3543,3608.0
10624,10624.0,3543,3609.0
10625,10625.0,3544,3610.0
10626,10626.0,3544,3611.0
10627,10627.0,3544,799.0
10628,10628.0,3545,323.0
10629,10629.0,3545,885.0
10630,10630.0,3545,294.0
10631,10631.0,3546,356.0
10632,10632.0,3546,2037.0
10633,10633.0,3546,797.0
10634,10634.0,3547,2945.0
10635,10635.0,3547,3612.0
10636,10636.0,3547,3613.0
10637,10637.0,3548,3614.0
10638,10638.0,3548,315.0
10639,10639.0,3548,3615.0
10640,10640.0,3549,3616.0
10641,10641.0,3549,3617.0
10642,10642.0,3549,3618.0
10643,10643.0,3550,3619.0
10644,10644.0,3550,529.0
10645,10645.0,3550,3620.0
10646,10646.0,3551,219.0
10647,10647.0,3551,240.0
10648,10648.0,3551,14.0
10649,10649.0,3552,1045.0
10650,10650.0,3552,3390.0
10651,10651.0,3552,152.0
10652,10652.0,3553,3621.0
10653,10653.0,3553,3622.0
10654,10654.0,3553,3000.0
10655,10655.0,3554,1072.0
10656,10656.0,3554,904.0
10657,10657.0,3554,3623.0
10658,10658.0,3555,2458.0
10659,10659.0,3555,3005.0
10660,10660.0,3555,3624.0
10661,10661.0,3556,649.0
10662,10662.0,3556,80.0
10663,10663.0,3556,3625.0
10664,10664.0,3557,1040.0
10665,10665.0,3557,2148.0
10666,10666.0,3557,2952.0
10667,10667.0,3558,517.0
10668,10668.0,3558,771.0
10669,10669.0,3558,3626.0
10670,10670.0,3559,3627.0
10671,10671.0,3559,3628.0
10672,10672.0,3559,3629.0
10673,10673.0,3560,3630.0
10674,10674.0,3560,3631.0
10675,10675.0,3560,3632.0
10676,10676.0,3561,1907.0
10677,10677.0,3561,714.0
10678,10678.0,3561,1532.0
10679,10679.0,3562,3633.0
10680,10680.0,3562,3634.0
10681,10681.0,3562,3635.0
10682,10682.0,3563,3627.0
10683,10683.0,3563,3636.0
10684,10684.0,3563,3637.0
10685,10685.0,3564,1300.0
10686,10686.0,3564,3638.0
10687,10687.0,3564,3639.0
10688,10688.0,3565,3640.0
10689,10689.0,3565,152.0
10690,10690.0,3565,3641.0
10691,10691.0,3566,1907.0
10692,10692.0,3566,3642.0
10693,10693.0,3566,3643.0
10694,10694.0,3567,182.0
10695,10695.0,3567,414.0
10696,10696.0,3567,2876.0
10697,10697.0,3568,3644.0
10698,10698.0,3568,1085.0
10699,10699.0,3568,3645.0
10700,10700.0,3569,3646.0
10701,10701.0,3569,3647.0
10702,10702.0,3569,2465.0
10703,10703.0,3570,275.0
10704,10704.0,3570,510.0
10705,10705.0,3570,950.0
10706,10706.0,3571,218.0
10707,10707.0,3571,803.0
10708,10708.0,3571,1314.0
10709,10709.0,3572,93.0
10710,10710.0,3572,3648.0
10711,10711.0,3572,3649.0
10712,10712.0,3573,408.0
10713,10713.0,3573,257.0
10714,10714.0,3573,1173.0
10715,10715.0,3574,3650.0
10716,10716.0,3574,314.0
10717,10717.0,3574,1488.0
10718,10718.0,3575,3651.0
10719,10719.0,3575,3652.0
10720,10720.0,3575,2095.0
10721,10721.0,3576,368.0
10722,10722.0,3576,130.0
10723,10723.0,3576,3653.0
10724,10724.0,3577,3654.0
10725,10725.0,3577,166.0
10726,10726.0,3577,1331.0
10727,10727.0,3578,363.0
10728,10728.0,3578,3655.0
10729,10729.0,3578,3656.0
10730,10730.0,3579,3657.0
10731,10731.0,3579,3658.0
10732,10732.0,3579,3644.0
10733,10733.0,3580,3659.0
10734,10734.0,3580,3660.0
10735,10735.0,3580,3661.0
10736,10736.0,3581,679.0
10737,10737.0,3581,300.0
10738,10738.0,3581,3662.0
10739,10739.0,3582,1169.0
10740,10740.0,3582,571.0
10741,10741.0,3582,3663.0
10742,10742.0,3583,356.0
10743,10743.0,3583,986.0
10744,10744.0,3583,534.0
10745,10745.0,3584,3664.0
10746,10746.0,3584,800.0
10747,10747.0,3584,585.0
10748,10748.0,3585,3665.0
10749,10749.0,3585,3666.0
10750,10750.0,3585,3667.0
10751,10751.0,3586,3668.0
10752,10752.0,3586,3669.0
10753,10753.0,3586,3670.0
10754,10754.0,3587,3671.0
10755,10755.0,3587,3672.0
10756,10756.0,3587,3673.0
10757,10757.0,3588,2317.0
10758,10758.0,3588,2504.0
10759,10759.0,3588,3010.0
10760,10760.0,3589,553.0
10761,10761.0,3589,305.0
10762,10762.0,3589,181.0
10763,10763.0,3590,3638.0
10764,10764.0,3590,3639.0
10765,10765.0,3590,3674.0
10766,10766.0,3591,489.0
10767,10767.0,3591,1827.0
10768,10768.0,3591,2968.0
10769,10769.0,3592,2725.0
10770,10770.0,3592,3675.0
10771,10771.0,3592,3676.0
10772,10772.0,3593,2261.0
10773,10773.0,3593,1148.0
10774,10774.0,3593,3677.0
10775,10775.0,3594,17.0
10776,10776.0,3594,706.0
10777,10777.0,3594,2276.0
10778,10778.0,3595,2453.0
10779,10779.0,3595,356.0
10780,10780.0,3595,3678.0
10781,10781.0,3596,1712.0
10782,10782.0,3596,1131.0
10783,10783.0,3596,2513.0
10784,10784.0,3597,238.0
10785,10785.0,3597,1390.0
10786,10786.0,3597,3679.0
10787,10787.0,3598,3374.0
10788,10788.0,3598,1812.0
10789,10789.0,3598,3680.0
10790,10790.0,3599,613.0
10791,10791.0,3599,218.0
10792,10792.0,3599,3471.0
10793,10793.0,3600,2453.0
10794,10794.0,3600,3525.0
10795,10795.0,3600,3524.0
10796,10796.0,3601,3681.0
10797,10797.0,3601,3682.0
10798,10798.0,3601,3683.0
10799,10799.0,3602,2558.0
10800,10800.0,3602,2557.0
10801,10801.0,3602,788.0
10802,10802.0,3603,3050.0
10803,10803.0,3603,1060.0
10804,10804.0,3603,3684.0
10805,10805.0,3604,3685.0
10806,10806.0,3604,3686.0
10807,10807.0,3604,3687.0
10808,10808.0,3605,37.0
10809,10809.0,3605,169.0
10810,10810.0,3605,1280.0
10811,10811.0,3606,94.0
10812,10812.0,3606,1942.0
10813,10813.0,3606,294.0
10814,10814.0,3607,3548.0
10815,10815.0,3607,1707.0
10816,10816.0,3607,301.0
10817,10817.0,3608,3688.0
10818,10818.0,3608,3689.0
10819,10819.0,3608,3690.0
10820,10820.0,3609,175.0
10821,10821.0,3609,3691.0
10822,10822.0,3609,3692.0
10823,10823.0,3610,1704.0
10824,10824.0,3610,2327.0
10825,10825.0,3610,3693.0
10826,10826.0,3611,3694.0
10827,10827.0,3611,3695.0
10828,10828.0,3611,3696.0
10829,10829.0,3612,3697.0
10830,10830.0,3612,233.0
10831,10831.0,3612,3691.0
10832,10832.0,3613,3698.0
10833,10833.0,3613,3699.0
10834,10834.0,3613,3700.0
10835,10835.0,3614,798.0
10836,10836.0,3614,19.0
10837,10837.0,3614,1386.0
10838,10838.0,3615,3341.0
10839,10839.0,3615,3701.0
10840,10840.0,3615,2732.0
10841,10841.0,3616,761.0
10842,10842.0,3616,2446.0
10843,10843.0,3616,2831.0
10844,10844.0,3617,2059.0
10845,10845.0,3617,3702.0
10846,10846.0,3617,3703.0
10847,10847.0,3618,125.0
10848,10848.0,3618,2831.0
10849,10849.0,3618,2701.0
10850,10850.0,3619,3704.0
10851,10851.0,3619,3705.0
10852,10852.0,3619,3706.0
10853,10853.0,3620,1116.0
10854,10854.0,3620,2271.0
10855,10855.0,3620,3707.0
10856,10856.0,3621,2258.0
10857,10857.0,3621,1280.0
10858,10858.0,3621,885.0
10859,10859.0,3622,1238.0
10860,10860.0,3622,3708.0
10861,10861.0,3622,2530.0
10862,10862.0,3623,440.0
10863,10863.0,3623,1525.0
10864,10864.0,3623,3709.0
10865,10865.0,3624,268.0
10866,10866.0,3624,31.0
10867,10867.0,3624,3710.0
10868,10868.0,3625,1522.0
10869,10869.0,3625,3711.0
10870,10870.0,3625,1069.0
10871,10871.0,3626,3712.0
10872,10872.0,3626,3713.0
10873,10873.0,3626,3714.0
10874,10874.0,3627,248.0
10875,10875.0,3627,3715.0
10876,10876.0,3627,1761.0
10877,10877.0,3628,2833.0
10878,10878.0,3628,1670.0
10879,10879.0,3628,3716.0
10880,10880.0,3629,1227.0
10881,10881.0,3629,111.0
10882,10882.0,3629,210.0
10883,10883.0,3630,3717.0
10884,10884.0,3630,3718.0
10885,10885.0,3630,3719.0
10886,10886.0,3631,3720.0
10887,10887.0,3631,62.0
10888,10888.0,3631,3721.0
10889,10889.0,3632,32.0
10890,10890.0,3632,417.0
10891,10891.0,3632,3722.0
10892,10892.0,3633,345.0
10893,10893.0,3633,377.0
10894,10894.0,3633,3723.0
10895,10895.0,3634,210.0
10896,10896.0,3634,251.0
10897,10897.0,3634,2305.0
10898,10898.0,3635,9.0
10899,10899.0,3635,688.0
10900,10900.0,3635,3128.0
10901,10901.0,3636,313.0
10902,10902.0,3636,548.0
10903,10903.0,3636,3724.0
10904,10904.0,3637,304.0
10905,10905.0,3637,649.0
10906,10906.0,3637,1537.0
10907,10907.0,3638,58.0
10908,10908.0,3638,150.0
10909,10909.0,3638,2040.0
10910,10910.0,3639,286.0
10911,10911.0,3639,1386.0
10912,10912.0,3639,3123.0
10913,10913.0,3640,102.0
10914,10914.0,3640,884.0
10915,10915.0,3640,2622.0
10916,10916.0,3641,2855.0
10917,10917.0,3641,673.0
10918,10918.0,3641,356.0
10919,10919.0,3642,3725.0
10920,10920.0,3642,3726.0
10921,10921.0,3642,3727.0
10922,10922.0,3643,1503.0
10923,10923.0,3643,94.0
10924,10924.0,3643,3728.0
10925,10925.0,3644,1093.0
10926,10926.0,3644,1169.0
10927,10927.0,3644,604.0
10928,10928.0,3645,3729.0
10929,10929.0,3645,3730.0
10930,10930.0,3645,3731.0
10931,10931.0,3646,3732.0
10932,10932.0,3646,3733.0
10933,10933.0,3646,3734.0
10934,10934.0,3647,1313.0
10935,10935.0,3647,3735.0
10936,10936.0,3647,3736.0
10937,10937.0,3648,463.0
10938,10938.0,3648,3737.0
10939,10939.0,3648,3167.0
10940,10940.0,3649,810.0
10941,10941.0,3649,1617.0
10942,10942.0,3649,2052.0
10943,10943.0,3650,3738.0
10944,10944.0,3650,3739.0
10945,10945.0,3650,3740.0
10946,10946.0,3651,627.0
10947,10947.0,3651,802.0
10948,10948.0,3651,3741.0
10949,10949.0,3652,3742.0
10950,10950.0,3652,3743.0
10951,10951.0,3652,3744.0
10952,10952.0,3653,3745.0
10953,10953.0,3653,1825.0
10954,10954.0,3653,1112.0
10955,10955.0,3654,3746.0
10956,10956.0,3654,3747.0
10957,10957.0,3654,3748.0
10958,10958.0,3655,1212.0
10959,10959.0,3655,1201.0
10960,10960.0,3655,3749.0
10961,10961.0,3656,3750.0
10962,10962.0,3656,3751.0
10963,10963.0,3656,3752.0
10964,10964.0,3657,3753.0
10965,10965.0,3657,3754.0
10966,10966.0,3657,3755.0
10967,10967.0,3658,186.0
10968,10968.0,3658,3756.0
10969,10969.0,3658,3757.0
10970,10970.0,3659,3758.0
10971,10971.0,3659,1662.0
10972,10972.0,3659,1410.0
10973,10973.0,3660,193.0
10974,10974.0,3660,1645.0
10975,10975.0,3660,1194.0
10976,10976.0,3661,1688.0
10977,10977.0,3661,1933.0
10978,10978.0,3661,3759.0
10979,10979.0,3662,318.0
10980,10980.0,3662,102.0
10981,10981.0,3662,2218.0
10982,10982.0,3663,784.0
10983,10983.0,3663,480.0
10984,10984.0,3663,1175.0
10985,10985.0,3664,384.0
10986,10986.0,3664,1515.0
10987,10987.0,3664,3760.0
10988,10988.0,3665,937.0
10989,10989.0,3665,2299.0
10990,10990.0,3665,3761.0
10991,10991.0,3666,228.0
10992,10992.0,3666,102.0
10993,10993.0,3666,3762.0
10994,10994.0,3667,3763.0
10995,10995.0,3667,2894.0
10996,10996.0,3667,3764.0
10997,10997.0,3668,3765.0
10998,10998.0,3668,1446.0
10999,10999.0,3668,3766.0
11000,11000.0,3669,3767.0
11001,11001.0,3669,151.0
11002,11002.0,3669,3768.0
11003,11003.0,3670,
11004,11004.0,3671,3769.0
11005,11005.0,3671,3770.0
11006,11006.0,3671,456.0
11007,11007.0,3672,3771.0
11008,11008.0,3672,3772.0
11009,11009.0,3672,3773.0
11010,11010.0,3673,3774.0
11011,11011.0,3673,3775.0
11012,11012.0,3673,3776.0
11013,11013.0,3674,3777.0
11014,11014.0,3674,3778.0
11015,11015.0,3674,2320.0
11016,11016.0,3675,300.0
11017,11017.0,3675,1614.0
11018,11018.0,3675,1508.0
11019,11019.0,3676,345.0
11020,11020.0,3676,936.0
11021,11021.0,3676,1810.0
11022,11022.0,3677,1450.0
11023,11023.0,3677,3779.0
11024,11024.0,3677,3780.0
11025,11025.0,3678,458.0
11026,11026.0,3678,3781.0
11027,11027.0,3678,2126.0
11028,11028.0,3679,38.0
11029,11029.0,3679,219.0
11030,11030.0,3679,3782.0
11031,11031.0,3680,3783.0
11032,11032.0,3680,3473.0
11033,11033.0,3680,2792.0
11034,11034.0,3681,943.0
11035,11035.0,3681,25.0
11036,11036.0,3681,130.0
11037,11037.0,3682,1072.0
11038,11038.0,3682,3784.0
11039,11039.0,3682,3785.0
11040,11040.0,3683,1313.0
11041,11041.0,3683,3786.0
11042,11042.0,3683,3787.0
11043,11043.0,3684,1047.0
11044,11044.0,3684,905.0
11045,11045.0,3684,3788.0
11046,11046.0,3685,989.0
11047,11047.0,3685,924.0
11048,11048.0,3685,3789.0
11049,11049.0,3686,3790.0
11050,11050.0,3686,3791.0
11051,11051.0,3686,3792.0
11052,11052.0,3687,995.0
11053,11053.0,3687,857.0
11054,11054.0,3687,3793.0
11055,11055.0,3688,212.0
11056,11056.0,3688,898.0
11057,11057.0,3688,3794.0
11058,11058.0,3689,1420.0
11059,11059.0,3689,3598.0
11060,11060.0,3689,3061.0
11061,11061.0,3690,3795.0
11062,11062.0,3690,3796.0
11063,11063.0,3690,3797.0
11064,11064.0,3691,598.0
11065,11065.0,3691,452.0
11066,11066.0,3691,3798.0
11067,11067.0,3692,553.0
11068,11068.0,3692,702.0
11069,11069.0,3692,2583.0
11070,11070.0,3693,132.0
11071,11071.0,3693,3799.0
11072,11072.0,3693,3800.0
11073,11073.0,3694,2558.0
11074,11074.0,3694,1995.0
11075,11075.0,3694,3138.0
11076,11076.0,3695,1585.0
11077,11077.0,3695,3801.0
11078,11078.0,3695,3802.0
11079,11079.0,3696,947.0
11080,11080.0,3696,917.0
11081,11081.0,3696,3803.0
11082,11082.0,3697,597.0
11083,11083.0,3697,688.0
11084,11084.0,3697,1137.0
11085,11085.0,3698,1920.0
11086,11086.0,3698,3804.0
11087,11087.0,3698,3274.0
11088,11088.0,3699,340.0
11089,11089.0,3699,283.0
11090,11090.0,3699,727.0
11091,11091.0,3700,451.0
11092,11092.0,3700,1417.0
11093,11093.0,3700,1173.0
11094,11094.0,3701,1617.0
11095,11095.0,3701,1314.0
11096,11096.0,3701,323.0
11097,11097.0,3702,3805.0
11098,11098.0,3702,3806.0
11099,11099.0,3702,3807.0
11100,11100.0,3703,3808.0
11101,11101.0,3703,3809.0
11102,11102.0,3703,2861.0
11103,11103.0,3704,595.0
11104,11104.0,3704,1645.0
11105,11105.0,3704,3810.0
11106,11106.0,3705,3811.0
11107,11107.0,3705,1749.0
11108,11108.0,3705,3812.0
11109,11109.0,3706,117.0
11110,11110.0,3706,798.0
11111,11111.0,3706,907.0
11112,11112.0,3707,3813.0
11113,11113.0,3707,1369.0
11114,11114.0,3707,3814.0
11115,11115.0,3708,3815.0
11116,11116.0,3708,3816.0
11117,11117.0,3708,3817.0
11118,11118.0,3709,1418.0
11119,11119.0,3709,788.0
11120,11120.0,3709,618.0
11121,11121.0,3710,2837.0
11122,11122.0,3710,3818.0
11123,11123.0,3710,3819.0
11124,11124.0,3711,1335.0
11125,11125.0,3711,3820.0
11126,11126.0,3711,3821.0
11127,11127.0,3712,3822.0
11128,11128.0,3712,3823.0
11129,11129.0,3712,3824.0
11130,11130.0,3713,2670.0
11131,11131.0,3713,246.0
11132,11132.0,3713,2905.0
11133,11133.0,3714,3825.0
11134,11134.0,3714,3826.0
11135,11135.0,3714,3827.0
11136,11136.0,3715,1219.0
11137,11137.0,3715,3828.0
11138,11138.0,3715,3829.0
11139,11139.0,3716,3830.0
11140,11140.0,3716,3831.0
11141,11141.0,3716,3832.0
11142,11142.0,3717,250.0
11143,11143.0,3717,456.0
11144,11144.0,3717,414.0
11145,11145.0,3718,3265.0
11146,11146.0,3718,3833.0
11147,11147.0,3718,3834.0
11148,11148.0,3719,575.0
11149,11149.0,3719,2714.0
11150,11150.0,3719,673.0
11151,11151.0,3720,3835.0
11152,11152.0,3720,3836.0
11153,11153.0,3720,3837.0
11154,11154.0,3721,2072.0
11155,11155.0,3721,3838.0
11156,11156.0,3721,2141.0
11157,11157.0,3722,2998.0
11158,11158.0,3722,3839.0
11159,11159.0,3722,3840.0
11160,11160.0,3723,3841.0
11161,11161.0,3723,3842.0
11162,11162.0,3723,3089.0
11163,11163.0,3724,1362.0
11164,11164.0,3724,1041.0
11165,11165.0,3724,3843.0
11166,11166.0,3725,302.0
11167,11167.0,3725,3844.0
11168,11168.0,3725,3329.0
11169,11169.0,3726,302.0
11170,11170.0,3726,119.0
11171,11171.0,3726,44.0
11172,11172.0,3727,165.0
11173,11173.0,3727,3845.0
11174,11174.0,3727,3846.0
11175,11175.0,3728,1554.0
11176,11176.0,3728,3847.0
11177,11177.0,3728,3848.0
11178,11178.0,3729,3849.0
11179,11179.0,3729,3621.0
11180,11180.0,3729,3850.0
11181,11181.0,3730,3851.0
11182,11182.0,3730,3852.0
11183,11183.0,3730,3853.0
11184,11184.0,3731,1291.0
11185,11185.0,3731,2276.0
11186,11186.0,3731,2192.0
11187,11187.0,3732,510.0
11188,11188.0,3732,3854.0
11189,11189.0,3732,3855.0
11190,11190.0,3733,1792.0
11191,11191.0,3733,3856.0
11192,11192.0,3733,3857.0
11193,11193.0,3734,849.0
11194,11194.0,3734,3858.0
11195,11195.0,3734,1295.0
11196,11196.0,3735,3859.0
11197,11197.0,3735,3860.0
11198,11198.0,3735,3861.0
11199,11199.0,3736,3862.0
11200,11200.0,3736,3863.0
11201,11201.0,3736,3864.0
11202,11202.0,3737,3865.0
11203,11203.0,3737,3866.0
11204,11204.0,3737,3867.0
11205,11205.0,3738,180.0
11206,11206.0,3738,65.0
11207,11207.0,3738,573.0
11208,11208.0,3739,949.0
11209,11209.0,3739,470.0
11210,11210.0,3739,3868.0
11211,11211.0,3740,3869.0
11212,11212.0,3740,3870.0
11213,11213.0,3740,2477.0
11214,11214.0,3741,78.0
11215,11215.0,3741,300.0
11216,11216.0,3741,149.0
11217,11217.0,3742,214.0
11218,11218.0,3742,1499.0
11219,11219.0,3742,438.0
11220,11220.0,3743,228.0
11221,11221.0,3743,596.0
11222,11222.0,3743,3410.0
11223,11223.0,3744,3871.0
11224,11224.0,3744,3872.0
11225,11225.0,3744,1172.0
11226,11226.0,3745,2116.0
11227,11227.0,3745,1548.0
11228,11228.0,3745,548.0
11229,11229.0,3746,870.0
11230,11230.0,3746,1633.0
11231,11231.0,3746,3873.0
11232,11232.0,3747,3570.0
11233,11233.0,3747,3874.0
11234,11234.0,3747,3689.0
11235,11235.0,3748,553.0
11236,11236.0,3748,717.0
11237,11237.0,3748,23.0
11238,11238.0,3749,3875.0
11239,11239.0,3749,467.0
11240,11240.0,3749,3876.0
11241,11241.0,3750,3877.0
11242,11242.0,3750,2117.0
11243,11243.0,3750,3878.0
11244,11244.0,3751,3879.0
11245,11245.0,3751,2706.0
11246,11246.0,3751,3880.0
11247,11247.0,3752,3881.0
11248,11248.0,3752,3882.0
11249,11249.0,3752,3883.0
11250,11250.0,3753,3884.0
11251,11251.0,3753,714.0
11252,11252.0,3753,1225.0
11253,11253.0,3754,65.0
11254,11254.0,3754,77.0
11255,11255.0,3754,949.0
11256,11256.0,3755,3885.0
11257,11257.0,3755,969.0
11258,11258.0,3755,3886.0
11259,11259.0,3756,3887.0
11260,11260.0,3756,3888.0
11261,11261.0,3756,3889.0
11262,11262.0,3757,556.0
11263,11263.0,3757,305.0
11264,11264.0,3757,771.0
11265,11265.0,3758,3890.0
11266,11266.0,3758,3891.0
11267,11267.0,3758,3892.0
11268,11268.0,3759,1331.0
11269,11269.0,3759,338.0
11270,11270.0,3759,1007.0
11271,11271.0,3760,3893.0
11272,11272.0,3760,3894.0
11273,11273.0,3760,1280.0
11274,11274.0,3761,2753.0
11275,11275.0,3761,3895.0
11276,11276.0,3761,3896.0
11277,11277.0,3762,175.0
11278,11278.0,3762,1779.0
11279,11279.0,3762,1964.0
11280,11280.0,3763,1490.0
11281,11281.0,3763,1329.0
11282,11282.0,3763,2145.0
11283,11283.0,3764,3897.0
11284,11284.0,3764,3898.0
11285,11285.0,3764,3899.0
11286,11286.0,3765,914.0
11287,11287.0,3765,425.0
11288,11288.0,3765,3053.0
11289,11289.0,3766,342.0
11290,11290.0,3766,365.0
11291,11291.0,3766,3384.0
11292,11292.0,3767,838.0
11293,11293.0,3767,899.0
11294,11294.0,3767,3900.0
11295,11295.0,3768,1948.0
11296,11296.0,3769,981.0
11297,11297.0,3769,1734.0
11298,11298.0,3769,3901.0
11299,11299.0,3770,3519.0
11300,11300.0,3770,951.0
11301,11301.0,3770,3692.0
11302,11302.0,3771,3902.0
11303,11303.0,3771,1440.0
11304,11304.0,3771,2883.0
11305,11305.0,3772,119.0
11306,11306.0,3772,307.0
11307,11307.0,3772,1503.0
11308,11308.0,3773,794.0
11309,11309.0,3773,226.0
11310,11310.0,3773,1533.0
11311,11311.0,3774,3903.0
11312,11312.0,3774,80.0
11313,11313.0,3774,2314.0
11314,11314.0,3775,3904.0
11315,11315.0,3775,3905.0
11316,11316.0,3775,3781.0
11317,11317.0,3776,3906.0
11318,11318.0,3776,3907.0
11319,11319.0,3776,3908.0
11320,11320.0,3777,3909.0
11321,11321.0,3777,3910.0
11322,11322.0,3777,3051.0
11323,11323.0,3778,245.0
11324,11324.0,3778,772.0
11325,11325.0,3778,1062.0
11326,11326.0,3779,1072.0
11327,11327.0,3779,446.0
11328,11328.0,3779,231.0
11329,11329.0,3780,2996.0
11330,11330.0,3780,1175.0
11331,11331.0,3780,1608.0
11332,11332.0,3781,3410.0
11333,11333.0,3781,959.0
11334,11334.0,3781,3911.0
11335,11335.0,3782,402.0
11336,11336.0,3782,3912.0
11337,11337.0,3782,3913.0
11338,11338.0,3783,228.0
11339,11339.0,3783,3064.0
11340,11340.0,3783,3914.0
11341,11341.0,3784,2631.0
11342,11342.0,3784,1562.0
11343,11343.0,3784,239.0
11344,11344.0,3785,552.0
11345,11345.0,3785,2067.0
11346,11346.0,3785,3015.0
11347,11347.0,3786,498.0
11348,11348.0,3786,3915.0
11349,11349.0,3786,37.0
11350,11350.0,3787,213.0
11351,11351.0,3787,3916.0
11352,11352.0,3787,1195.0
11353,11353.0,3788,3917.0
11354,11354.0,3788,3918.0
11355,11355.0,3788,3919.0
11356,11356.0,3789,765.0
11357,11357.0,3789,497.0
11358,11358.0,3789,1900.0
11359,11359.0,3790,3920.0
11360,11360.0,3790,3921.0
11361,11361.0,3790,513.0
11362,11362.0,3791,764.0
11363,11363.0,3791,2075.0
11364,11364.0,3791,186.0
11365,11365.0,3792,59.0
11366,11366.0,3792,796.0
11367,11367.0,3792,3922.0
11368,11368.0,3793,1533.0
11369,11369.0,3793,366.0
11370,11370.0,3793,886.0
11371,11371.0,3794,72.0
11372,11372.0,3794,3753.0
11373,11373.0,3794,3923.0
11374,11374.0,3795,3524.0
11375,11375.0,3795,1413.0
11376,11376.0,3795,3924.0
11377,11377.0,3796,886.0
11378,11378.0,3796,191.0
11379,11379.0,3796,640.0
11380,11380.0,3797,3462.0
11381,11381.0,3797,3925.0
11382,11382.0,3797,3926.0
11383,11383.0,3798,1071.0
11384,11384.0,3798,2794.0
11385,11385.0,3798,32.0
11386,11386.0,3799,1724.0
11387,11387.0,3799,494.0
11388,11388.0,3799,3927.0
11389,11389.0,3800,3928.0
11390,11390.0,3800,3929.0
11391,11391.0,3800,3455.0
11392,11392.0,3801,1792.0
11393,11393.0,3801,3930.0
11394,11394.0,3801,3931.0
11395,11395.0,3802,3932.0
11396,11396.0,3802,3933.0
11397,11397.0,3802,3934.0
11398,11398.0,3803,3935.0
11399,11399.0,3803,2581.0
11400,11400.0,3803,885.0
11401,11401.0,3804,3936.0
11402,11402.0,3804,3937.0
11403,11403.0,3804,3938.0
11404,11404.0,3805,665.0
11405,11405.0,3805,1072.0
11406,11406.0,3805,1312.0
11407,11407.0,3806,399.0
11408,11408.0,3806,886.0
11409,11409.0,3806,3939.0
11410,11410.0,3807,3922.0
11411,11411.0,3807,3940.0
11412,11412.0,3807,3941.0
11413,11413.0,3808,3942.0
11414,11414.0,3808,3943.0
11415,11415.0,3808,3944.0
11416,11416.0,3809,3945.0
11417,11417.0,3809,1539.0
11418,11418.0,3809,3946.0
11419,11419.0,3810,1622.0
11420,11420.0,3810,3947.0
11421,11421.0,3810,3948.0
11422,11422.0,3811,3571.0
11423,11423.0,3811,3949.0
11424,11424.0,3811,3802.0
11425,11425.0,3812,1169.0
11426,11426.0,3812,3544.0
11427,11427.0,3812,3950.0
11428,11428.0,3813,3951.0
11429,11429.0,3813,3890.0
11430,11430.0,3813,3952.0
11431,11431.0,3814,557.0
11432,11432.0,3814,3953.0
11433,11433.0,3814,3954.0
11434,11434.0,3815,2477.0
11435,11435.0,3815,1364.0
11436,11436.0,3815,3955.0
11437,11437.0,3816,3869.0
11438,11438.0,3816,3956.0
11439,11439.0,3816,3957.0
11440,11440.0,3817,3280.0
11441,11441.0,3817,3958.0
11442,11442.0,3817,3959.0
11443,11443.0,3818,3960.0
11444,11444.0,3818,3961.0
11445,11445.0,3818,3962.0
11446,11446.0,3819,600.0
11447,11447.0,3819,1941.0
11448,11448.0,3819,642.0
11449,11449.0,3820,3963.0
11450,11450.0,3820,3964.0
11451,11451.0,3820,3965.0
11452,11452.0,3821,620.0
11453,11453.0,3821,1224.0
11454,11454.0,3821,876.0
11455,11455.0,3822,3966.0
11456,11456.0,3822,844.0
11457,11457.0,3822,1117.0
11458,11458.0,3823,279.0
11459,11459.0,3823,460.0
11460,11460.0,3823,3967.0
11461,11461.0,3824,332.0
11462,11462.0,3824,709.0
11463,11463.0,3824,3968.0
11464,11464.0,3825,3969.0
11465,11465.0,3825,3970.0
11466,11466.0,3825,3971.0
11467,11467.0,3826,1362.0
11468,11468.0,3826,3972.0
11469,11469.0,3826,3973.0
11470,11470.0,3827,1004.0
11471,11471.0,3827,136.0
11472,11472.0,3827,1354.0
11473,11473.0,3828,3974.0
11474,11474.0,3828,1511.0
11475,11475.0,3828,3975.0
11476,11476.0,3829,1706.0
11477,11477.0,3829,3976.0
11478,11478.0,3829,1669.0
11479,11479.0,3830,2530.0
11480,11480.0,3830,3977.0
11481,11481.0,3830,1917.0
11482,11482.0,3831,3978.0
11483,11483.0,3831,3979.0
11484,11484.0,3831,1647.0
11485,11485.0,3832,2446.0
11486,11486.0,3832,3950.0
11487,11487.0,3832,1849.0
11488,11488.0,3833,819.0
11489,11489.0,3833,1305.0
11490,11490.0,3833,3980.0
11491,11491.0,3834,3981.0
11492,11492.0,3834,3982.0
11493,11493.0,3834,3983.0
11494,11494.0,3835,3984.0
11495,11495.0,3835,3985.0
11496,11496.0,3835,3986.0
11497,11497.0,3836,3987.0
11498,11498.0,3836,3988.0
11499,11499.0,3836,1004.0
11500,11500.0,3837,1312.0
11501,11501.0,3837,3989.0
11502,11502.0,3837,196.0
11503,11503.0,3838,49.0
11504,11504.0,3838,162.0
11505,11505.0,3838,3990.0
11506,11506.0,3839,3991.0
11507,11507.0,3839,3992.0
11508,11508.0,3839,2120.0
11509,11509.0,3840,2235.0
11510,11510.0,3840,3993.0
11511,11511.0,3840,3994.0
11512,11512.0,3841,2972.0
11513,11513.0,3841,3995.0
11514,11514.0,3841,3996.0
11515,11515.0,3842,2175.0
11516,11516.0,3842,3997.0
11517,11517.0,3842,2866.0
11518,11518.0,3843,3998.0
11519,11519.0,3843,2096.0
11520,11520.0,3843,3999.0
11521,11521.0,3844,4000.0
11522,11522.0,3844,4001.0
11523,11523.0,3844,2365.0
11524,11524.0,3845,4002.0
11525,11525.0,3845,4003.0
11526,11526.0,3845,4004.0
11527,11527.0,3846,3027.0
11528,11528.0,3846,4005.0
11529,11529.0,3846,4006.0
11530,11530.0,3847,534.0
11531,11531.0,3847,377.0
11532,11532.0,3847,427.0
11533,11533.0,3848,4007.0
11534,11534.0,3848,2504.0
11535,11535.0,3848,385.0
11536,11536.0,3849,4008.0
11537,11537.0,3849,4009.0
11538,11538.0,3849,4010.0
11539,11539.0,3850,1724.0
11540,11540.0,3850,1143.0
11541,11541.0,3850,4011.0
11542,11542.0,3851,1173.0
11543,11543.0,3851,4012.0
11544,11544.0,3851,1416.0
11545,11545.0,3852,3554.0
11546,11546.0,3852,4013.0
11547,11547.0,3852,4014.0
11548,11548.0,3853,4015.0
11549,11549.0,3853,4016.0
11550,11550.0,3853,937.0
11551,11551.0,3854,4017.0
11552,11552.0,3854,292.0
11553,11553.0,3854,1435.0
11554,11554.0,3855,873.0
11555,11555.0,3855,4018.0
11556,11556.0,3855,4019.0
11557,11557.0,3856,906.0
11558,11558.0,3856,4020.0
11559,11559.0,3856,4021.0
11560,11560.0,3857,1499.0
11561,11561.0,3857,1665.0
11562,11562.0,3857,145.0
11563,11563.0,3858,1622.0
11564,11564.0,3858,3425.0
11565,11565.0,3858,3035.0
11566,11566.0,3859,4022.0
11567,11567.0,3859,302.0
11568,11568.0,3859,4023.0
11569,11569.0,3860,2072.0
11570,11570.0,3860,2958.0
11571,11571.0,3860,2522.0
11572,11572.0,3861,416.0
11573,11573.0,3861,4024.0
11574,11574.0,3861,3129.0
11575,11575.0,3862,31.0
11576,11576.0,3862,333.0
11577,11577.0,3862,464.0
11578,11578.0,3863,4025.0
11579,11579.0,3863,4026.0
11580,11580.0,3863,4027.0
11581,11581.0,3864,268.0
11582,11582.0,3864,1159.0
11583,11583.0,3864,129.0
11584,11584.0,3865,431.0
11585,11585.0,3865,3304.0
11586,11586.0,3865,4028.0
11587,11587.0,3866,4029.0
11588,11588.0,3866,4030.0
11589,11589.0,3866,4031.0
11590,11590.0,3867,4032.0
11591,11591.0,3867,3134.0
11592,11592.0,3867,4033.0
11593,11593.0,3868,1941.0
11594,11594.0,3868,2324.0
11595,11595.0,3868,2069.0
11596,11596.0,3869,618.0
11597,11597.0,3869,1331.0
11598,11598.0,3869,904.0
11599,11599.0,3870,475.0
11600,11600.0,3870,4034.0
11601,11601.0,3870,4035.0
11602,11602.0,3871,4036.0
11603,11603.0,3871,4037.0
11604,11604.0,3871,4038.0
11605,11605.0,3872,4039.0
11606,11606.0,3872,3144.0
11607,11607.0,3872,4040.0
11608,11608.0,3873,4041.0
11609,11609.0,3873,4042.0
11610,11610.0,3873,4043.0
11611,11611.0,3874,1407.0
11612,11612.0,3874,4044.0
11613,11613.0,3874,4045.0
11614,11614.0,3875,4046.0
11615,11615.0,3875,14.0
11616,11616.0,3875,4047.0
11617,11617.0,3876,4048.0
11618,11618.0,3876,4049.0
11619,11619.0,3876,4050.0
11620,11620.0,3877,736.0
11621,11621.0,3877,2983.0
11622,11622.0,3877,4051.0
11623,11623.0,3878,3738.0
11624,11624.0,3878,4052.0
11625,11625.0,3878,2215.0
11626,11626.0,3879,1575.0
11627,11627.0,3879,904.0
11628,11628.0,3879,2242.0
11629,11629.0,3880,4053.0
11630,11630.0,3880,4054.0
11631,11631.0,3880,4055.0
11632,11632.0,3881,115.0
11633,11633.0,3881,152.0
11634,11634.0,3881,825.0
11635,11635.0,3882,4056.0
11636,11636.0,3882,4057.0
11637,11637.0,3882,4058.0
11638,11638.0,3883,1655.0
11639,11639.0,3883,3508.0
11640,11640.0,3883,4059.0
11641,11641.0,3884,761.0
11642,11642.0,3884,4060.0
11643,11643.0,3884,4061.0
11644,11644.0,3885,4062.0
11645,11645.0,3885,843.0
11646,11646.0,3885,1641.0
11647,11647.0,3886,4052.0
11648,11648.0,3886,4063.0
11649,11649.0,3886,4064.0
11650,11650.0,3887,115.0
11651,11651.0,3887,830.0
11652,11652.0,3887,1073.0
11653,11653.0,3888,2856.0
11654,11654.0,3888,3504.0
11655,11655.0,3888,1165.0
11656,11656.0,3889,3627.0
11657,11657.0,3889,4065.0
11658,11658.0,3889,4066.0
11659,11659.0,3890,4067.0
11660,11660.0,3890,246.0
11661,11661.0,3890,1851.0
11662,11662.0,3891,2234.0
11663,11663.0,3891,4068.0
11664,11664.0,3891,3209.0
11665,11665.0,3892,634.0
11666,11666.0,3892,4069.0
11667,11667.0,3892,4070.0
11668,11668.0,3893,1907.0
11669,11669.0,3893,4071.0
11670,11670.0,3893,4072.0
11671,11671.0,3894,2370.0
11672,11672.0,3894,272.0
11673,11673.0,3894,1186.0
11674,11674.0,3895,446.0
11675,11675.0,3895,1225.0
11676,11676.0,3895,4073.0
11677,11677.0,3896,1225.0
11678,11678.0,3896,4074.0
11679,11679.0,3896,1533.0
11680,11680.0,3897,363.0
11681,11681.0,3898,1299.0
11682,11682.0,3898,819.0
11683,11683.0,3898,4075.0
11684,11684.0,3899,4076.0
11685,11685.0,3899,4077.0
11686,11686.0,3899,4078.0
11687,11687.0,3900,1014.0
11688,11688.0,3900,4079.0
11689,11689.0,3900,206.0
11690,11690.0,3901,4080.0
11691,11691.0,3901,4081.0
11692,11692.0,3901,4082.0
11693,11693.0,3902,4083.0
11694,11694.0,3902,4084.0
11695,11695.0,3902,4085.0
11696,11696.0,3903,3544.0
11697,11697.0,3903,1848.0
11698,11698.0,3903,4086.0
11699,11699.0,3904,4087.0
11700,11700.0,3904,4088.0
11701,11701.0,3904,4089.0
11702,11702.0,3905,4090.0
11703,11703.0,3905,2876.0
11704,11704.0,3905,2960.0
11705,11705.0,3906,2116.0
11706,11706.0,3906,2001.0
11707,11707.0,3906,4091.0
11708,11708.0,3907,2725.0
11709,11709.0,3907,4092.0
11710,11710.0,3907,4093.0
11711,11711.0,3908,819.0
11712,11712.0,3908,1218.0
11713,11713.0,3908,4094.0
11714,11714.0,3909,1504.0
11715,11715.0,3909,4095.0
11716,11716.0,3909,2885.0
11717,11717.0,3910,110.0
11718,11718.0,3910,974.0
11719,11719.0,3910,2612.0
11720,11720.0,3911,3009.0
11721,11721.0,3911,4096.0
11722,11722.0,3911,4097.0
11723,11723.0,3912,3049.0
11724,11724.0,3912,2711.0
11725,11725.0,3912,4098.0
11726,11726.0,3913,3570.0
11727,11727.0,3913,3638.0
11728,11728.0,3913,4099.0
11729,11729.0,3914,3182.0
11730,11730.0,3914,3570.0
11731,11731.0,3914,4100.0
11732,11732.0,3915,4101.0
11733,11733.0,3915,3049.0
11734,11734.0,3915,4102.0
11735,11735.0,3916,3738.0
11736,11736.0,3916,3892.0
11737,11737.0,3916,4103.0
11738,11738.0,3917,1484.0
11739,11739.0,3917,4104.0
11740,11740.0,3917,4105.0
11741,11741.0,3918,1225.0
11742,11742.0,3918,4106.0
11743,11743.0,3918,4107.0
11744,11744.0,3919,242.0
11745,11745.0,3919,4108.0
11746,11746.0,3919,4109.0
11747,11747.0,3920,4110.0
11748,11748.0,3920,4111.0
11749,11749.0,3920,4112.0
11750,11750.0,3921,2130.0
11751,11751.0,3921,2131.0
11752,11752.0,3921,4113.0
11753,11753.0,3922,1855.0
11754,11754.0,3922,4114.0
11755,11755.0,3922,4115.0
11756,11756.0,3923,4116.0
11757,11757.0,3923,4117.0
11758,11758.0,3923,4118.0
11759,11759.0,3924,2083.0
11760,11760.0,3924,4119.0
11761,11761.0,3924,4120.0
11762,11762.0,3925,140.0
11763,11763.0,3925,1558.0
11764,11764.0,3925,4121.0
11765,11765.0,3926,4122.0
11766,11766.0,3926,4123.0
11767,11767.0,3926,4124.0
11768,11768.0,3927,345.0
11769,11769.0,3927,497.0
11770,11770.0,3927,140.0
11771,11771.0,3928,4125.0
11772,11772.0,3928,4126.0
11773,11773.0,3928,4127.0
11774,11774.0,3929,3410.0
11775,11775.0,3929,3215.0
11776,11776.0,3929,4128.0
11777,11777.0,3930,322.0
11778,11778.0,3930,1265.0
11779,11779.0,3930,2535.0
11780,11780.0,3931,784.0
11781,11781.0,3931,3042.0
11782,11782.0,3931,4129.0
11783,11783.0,3932,311.0
11784,11784.0,3932,2046.0
11785,11785.0,3932,218.0
11786,11786.0,3933,4130.0
11787,11787.0,3933,1598.0
11788,11788.0,3933,2703.0
11789,11789.0,3934,128.0
11790,11790.0,3934,4131.0
11791,11791.0,3934,1313.0
11792,11792.0,3935,4132.0
11793,11793.0,3935,4133.0
11794,11794.0,3935,2187.0
11795,11795.0,3936,4134.0
11796,11796.0,3936,4135.0
11797,11797.0,3936,4136.0
11798,11798.0,3937,4137.0
11799,11799.0,3937,2529.0
11800,11800.0,3937,283.0
11801,11801.0,3938,1939.0
11802,11802.0,3938,4138.0
11803,11803.0,3938,4139.0
11804,11804.0,3939,3903.0
11805,11805.0,3939,456.0
11806,11806.0,3939,590.0
11807,11807.0,3940,1335.0
11808,11808.0,3940,4140.0
11809,11809.0,3940,4141.0
11810,11810.0,3941,4142.0
11811,11811.0,3941,4143.0
11812,11812.0,3941,1972.0
11813,11813.0,3942,1827.0
11814,11814.0,3942,1361.0
11815,11815.0,3942,4144.0
11816,11816.0,3943,4145.0
11817,11817.0,3943,4146.0
11818,11818.0,3943,4147.0
11819,11819.0,3944,994.0
11820,11820.0,3944,155.0
11821,11821.0,3944,4148.0
11822,11822.0,3945,4149.0
11823,11823.0,3945,4150.0
11824,11824.0,3945,4151.0
11825,11825.0,3946,4152.0
11826,11826.0,3946,110.0
11827,11827.0,3946,4153.0
11828,11828.0,3947,4132.0
11829,11829.0,3947,4154.0
11830,11830.0,3947,4155.0
11831,11831.0,3948,563.0
11832,11832.0,3948,1995.0
11833,11833.0,3948,2748.0
11834,11834.0,3949,16.0
11835,11835.0,3949,349.0
11836,11836.0,3949,1319.0
11837,11837.0,3950,1132.0
11838,11838.0,3950,4156.0
11839,11839.0,3950,4157.0
11840,11840.0,3951,4158.0
11841,11841.0,3951,4159.0
11842,11842.0,3951,203.0
11843,11843.0,3952,4160.0
11844,11844.0,3952,4161.0
11845,11845.0,3952,2915.0
11846,11846.0,3953,4162.0
11847,11847.0,3953,4163.0
11848,11848.0,3953,4164.0
11849,11849.0,3954,4165.0
11850,11850.0,3954,467.0
11851,11851.0,3954,983.0
11852,11852.0,3955,2531.0
11853,11853.0,3955,4166.0
11854,11854.0,3955,4167.0
11855,11855.0,3956,3355.0
11856,11856.0,3956,841.0
11857,11857.0,3956,1785.0
11858,11858.0,3957,777.0
11859,11859.0,3957,1692.0
11860,11860.0,3957,2199.0
11861,11861.0,3958,771.0
11862,11862.0,3958,1928.0
11863,11863.0,3958,4168.0
11864,11864.0,3959,4169.0
11865,11865.0,3959,4170.0
11866,11866.0,3959,4171.0
11867,11867.0,3960,4172.0
11868,11868.0,3960,2867.0
11869,11869.0,3960,4173.0
11870,11870.0,3961,576.0
11871,11871.0,3961,4174.0
11872,11872.0,3961,1293.0
11873,11873.0,3962,2573.0
11874,11874.0,3962,1092.0
11875,11875.0,3962,3145.0
11876,11876.0,3963,356.0
11877,11877.0,3963,176.0
11878,11878.0,3963,572.0
11879,11879.0,3964,4175.0
11880,11880.0,3964,4176.0
11881,11881.0,3964,4177.0
11882,11882.0,3965,4178.0
11883,11883.0,3965,4179.0
11884,11884.0,3965,4180.0
11885,11885.0,3966,2193.0
11886,11886.0,3966,3474.0
11887,11887.0,3966,4181.0
11888,11888.0,3967,4182.0
11889,11889.0,3967,4183.0
11890,11890.0,3967,4184.0
11891,11891.0,3968,4185.0
11892,11892.0,3968,4165.0
11893,11893.0,3968,4186.0
11894,11894.0,3969,1359.0
11895,11895.0,3969,4187.0
11896,11896.0,3969,4188.0
11897,11897.0,3970,2246.0
11898,11898.0,3970,1844.0
11899,11899.0,3970,4189.0
11900,11900.0,3971,982.0
11901,11901.0,3971,4190.0
11902,11902.0,3971,1529.0
11903,11903.0,3972,4191.0
11904,11904.0,3972,4192.0
11905,11905.0,3972,4193.0
11906,11906.0,3973,1072.0
11907,11907.0,3973,1641.0
11908,11908.0,3973,1700.0
11909,11909.0,3974,3960.0
11910,11910.0,3974,4194.0
11911,11911.0,3974,4195.0
11912,11912.0,3975,4196.0
11913,11913.0,3975,4197.0
11914,11914.0,3975,4198.0
11915,11915.0,3976,3180.0
11916,11916.0,3976,1755.0
11917,11917.0,3976,4199.0
11918,11918.0,3977,3766.0
11919,11919.0,3977,4200.0
11920,11920.0,3977,4201.0
11921,11921.0,3978,32.0
11922,11922.0,3978,403.0
11923,11923.0,3978,4202.0
11924,11924.0,3979,4203.0
11925,11925.0,3979,4204.0
11926,11926.0,3979,4205.0
11927,11927.0,3980,459.0
11928,11928.0,3980,4206.0
11929,11929.0,3980,2492.0
11930,11930.0,3981,4207.0
11931,11931.0,3981,4208.0
11932,11932.0,3981,4209.0
11933,11933.0,3982,1739.0
11934,11934.0,3982,2423.0
11935,11935.0,3982,4210.0
11936,11936.0,3983,157.0
11937,11937.0,3983,964.0
11938,11938.0,3983,2847.0
11939,11939.0,3984,3891.0
11940,11940.0,3984,3874.0
11941,11941.0,3984,2116.0
11942,11942.0,3985,2725.0
11943,11943.0,3985,4211.0
11944,11944.0,3985,4212.0
11945,11945.0,3986,3963.0
11946,11946.0,3986,4213.0
11947,11947.0,3986,4214.0
11948,11948.0,3987,4125.0
11949,11949.0,3987,2959.0
11950,11950.0,3987,3838.0
11951,11951.0,3988,4215.0
11952,11952.0,3988,4216.0
11953,11953.0,3988,4217.0
11954,11954.0,3989,4218.0
11955,11955.0,3989,4219.0
11956,11956.0,3989,4220.0
11957,11957.0,3990,2335.0
11958,11958.0,3990,4221.0
11959,11959.0,3990,4222.0
11960,11960.0,3991,4223.0
11961,11961.0,3991,734.0
11962,11962.0,3991,2144.0
11963,11963.0,3992,
11964,11964.0,3993,4224.0
11965,11965.0,3993,4225.0
11966,11966.0,3993,4226.0
11967,11967.0,3994,3738.0
11968,11968.0,3994,4227.0
11969,11969.0,3994,2193.0
11970,11970.0,3995,4228.0
11971,11971.0,3995,4229.0
11972,11972.0,3995,4230.0
11973,11973.0,3996,3182.0
11974,11974.0,3996,4231.0
11975,11975.0,3996,1239.0
11976,11976.0,3997,4232.0
11977,11977.0,3997,4125.0
11978,11978.0,3997,4233.0
11979,11979.0,3998,4234.0
11980,11980.0,3998,4235.0
11981,11981.0,3998,3250.0
11982,11982.0,3999,4236.0
11983,11983.0,3999,4237.0
11984,11984.0,3999,4238.0
11985,11985.0,4000,4239.0
11986,11986.0,4000,947.0
11987,11987.0,4000,4046.0
11988,11988.0,4001,2785.0
11989,11989.0,4001,1332.0
11990,11990.0,4001,4240.0
11991,11991.0,4002,4241.0
11992,11992.0,4002,4242.0
11993,11993.0,4002,4243.0
11994,11994.0,4003,4244.0
11995,11995.0,4003,4245.0
11996,11996.0,4003,4246.0
11997,11997.0,4004,4247.0
11998,11998.0,4004,4248.0
11999,11999.0,4004,4249.0
12000,12000.0,4005,4250.0
12001,12001.0,4005,4251.0
12002,12002.0,4005,4252.0
12003,12003.0,4006,3964.0
12004,12004.0,4006,4253.0
12005,12005.0,4006,4254.0
12006,12006.0,4007,4255.0
12007,12007.0,4007,4256.0
12008,12008.0,4007,4257.0
12009,12009.0,4008,175.0
12010,12010.0,4008,1964.0
12011,12011.0,4008,3106.0
12012,12012.0,4009,
12013,12013.0,4010,2717.0
12014,12014.0,4010,4258.0
12015,12015.0,4010,99.0
12016,12016.0,4011,4259.0
12017,12017.0,4011,4260.0
12018,12018.0,4011,4261.0
12019,12019.0,4012,4262.0
12020,12020.0,4012,4077.0
12021,12021.0,4012,4263.0
12022,12022.0,4013,819.0
12023,12023.0,4013,4264.0
12024,12024.0,4013,4265.0
12025,12025.0,4014,760.0
12026,12026.0,4014,4266.0
12027,12027.0,4014,4267.0
12028,12028.0,4015,3285.0
12029,12029.0,4015,191.0
12030,12030.0,4015,4268.0
12031,12031.0,4016,940.0
12032,12032.0,4016,261.0
12033,12033.0,4016,248.0
12034,12034.0,4017,1225.0
12035,12035.0,4017,4106.0
12036,12036.0,4017,4269.0
12037,12037.0,4018,3305.0
12038,12038.0,4018,4270.0
12039,12039.0,4018,4271.0
12040,12040.0,4019,318.0
12041,12041.0,4019,574.0
12042,12042.0,4019,60.0
12043,12043.0,4020,4272.0
12044,12044.0,4020,1144.0
12045,12045.0,4020,4273.0
12046,12046.0,4021,4274.0
12047,12047.0,4021,4275.0
12048,12048.0,4021,4276.0
12049,12049.0,4022,566.0
12050,12050.0,4022,341.0
12051,12051.0,4022,624.0
12052,12052.0,4023,1761.0
12053,12053.0,4023,4277.0
12054,12054.0,4023,1287.0
12055,12055.0,4024,431.0
12056,12056.0,4024,441.0
12057,12057.0,4024,1293.0
12058,12058.0,4025,4278.0
12059,12059.0,4025,4279.0
12060,12060.0,4025,4280.0
12061,12061.0,4026,4281.0
12062,12062.0,4026,4282.0
12063,12063.0,4026,4283.0
12064,12064.0,4027,764.0
12065,12065.0,4027,4284.0
12066,12066.0,4027,4285.0
12067,12067.0,4028,3222.0
12068,12068.0,4028,4286.0
12069,12069.0,4028,4287.0
12070,12070.0,4029,4288.0
12071,12071.0,4029,4289.0
12072,12072.0,4029,4290.0
12073,12073.0,4030,4291.0
12074,12074.0,4030,4292.0
12075,12075.0,4030,654.0
12076,12076.0,4031,619.0
12077,12077.0,4031,1596.0
12078,12078.0,4031,4293.0
12079,12079.0,4032,4294.0
12080,12080.0,4032,1185.0
12081,12081.0,4032,4295.0
12082,12082.0,4033,2638.0
12083,12083.0,4033,221.0
12084,12084.0,4033,341.0
12085,12085.0,4034,2251.0
12086,12086.0,4034,4296.0
12087,12087.0,4034,4297.0
12088,12088.0,4035,4298.0
12089,12089.0,4035,4299.0
12090,12090.0,4035,2004.0
12091,12091.0,4036,2258.0
12092,12092.0,4036,3123.0
12093,12093.0,4036,4300.0
12094,12094.0,4037,374.0
12095,12095.0,4037,925.0
12096,12096.0,4037,1057.0
12097,12097.0,4038,2471.0
12098,12098.0,4038,4301.0
12099,12099.0,4038,2190.0
12100,12100.0,4039,1503.0
12101,12101.0,4039,1650.0
12102,12102.0,4039,914.0
12103,12103.0,4040,4302.0
12104,12104.0,4040,4303.0
12105,12105.0,4040,4304.0
12106,12106.0,4041,4305.0
12107,12107.0,4041,4306.0
12108,12108.0,4041,4307.0
12109,12109.0,4042,4308.0
12110,12110.0,4042,4309.0
12111,12111.0,4042,4310.0
12112,12112.0,4043,4311.0
12113,12113.0,4043,4312.0
12114,12114.0,4043,4313.0
12115,12115.0,4044,1660.0
12116,12116.0,4044,4314.0
12117,12117.0,4044,4315.0
12118,12118.0,4045,1122.0
12119,12119.0,4045,4316.0
12120,12120.0,4045,4317.0
12121,12121.0,4046,3956.0
12122,12122.0,4046,4318.0
12123,12123.0,4046,2478.0
12124,12124.0,4047,939.0
12125,12125.0,4047,4319.0
12126,12126.0,4047,4320.0
12127,12127.0,4048,548.0
12128,12128.0,4048,4321.0
12129,12129.0,4048,1617.0
12130,12130.0,4049,2529.0
12131,12131.0,4049,4322.0
12132,12132.0,4049,970.0
12133,12133.0,4050,4323.0
12134,12134.0,4050,4324.0
12135,12135.0,4050,4325.0
12136,12136.0,4051,4326.0
12137,12137.0,4051,4327.0
12138,12138.0,4051,4328.0
12139,12139.0,4052,4329.0
12140,12140.0,4052,4330.0
12141,12141.0,4052,4331.0
12142,12142.0,4053,4332.0
12143,12143.0,4053,4333.0
12144,12144.0,4053,4334.0
12145,12145.0,4054,2714.0
12146,12146.0,4054,1267.0
12147,12147.0,4054,1079.0
12148,12148.0,4055,1412.0
12149,12149.0,4055,1749.0
12150,12150.0,4055,1339.0
12151,12151.0,4056,4335.0
12152,12152.0,4056,4336.0
12153,12153.0,4056,2154.0
12154,12154.0,4057,4337.0
12155,12155.0,4057,1920.0
12156,12156.0,4057,4338.0
12157,12157.0,4058,4339.0
12158,12158.0,4058,4340.0
12159,12159.0,4058,852.0
12160,12160.0,4059,4341.0
12161,12161.0,4059,4342.0
12162,12162.0,4059,4343.0
12163,12163.0,4060,3400.0
12164,12164.0,4060,4344.0
12165,12165.0,4060,4345.0
12166,12166.0,4061,1907.0
12167,12167.0,4061,4346.0
12168,12168.0,4061,4347.0
12169,12169.0,4062,4348.0
12170,12170.0,4062,4349.0
12171,12171.0,4062,3806.0
12172,12172.0,4063,3091.0
12173,12173.0,4063,3356.0
12174,12174.0,4063,215.0
12175,12175.0,4064,4350.0
12176,12176.0,4064,4351.0
12177,12177.0,4064,4352.0
12178,12178.0,4065,4353.0
12179,12179.0,4065,4354.0
12180,12180.0,4065,4355.0
12181,12181.0,4066,3583.0
12182,12182.0,4066,3584.0
12183,12183.0,4066,4356.0
12184,12184.0,4067,4357.0
12185,12185.0,4067,2324.0
12186,12186.0,4067,4358.0
12187,12187.0,4068,
12188,12188.0,4069,4359.0
12189,12189.0,4069,4360.0
12190,12190.0,4069,4361.0
12191,12191.0,4070,3043.0
12192,12192.0,4070,4362.0
12193,12193.0,4070,1396.0
12194,12194.0,4071,761.0
12195,12195.0,4071,4363.0
12196,12196.0,4071,4364.0
12197,12197.0,4072,4365.0
12198,12198.0,4072,4366.0
12199,12199.0,4072,4367.0
12200,12200.0,4073,949.0
12201,12201.0,4073,470.0
12202,12202.0,4073,4368.0
12203,12203.0,4074,4369.0
12204,12204.0,4074,3321.0
12205,12205.0,4074,4370.0
12206,12206.0,4075,949.0
12207,12207.0,4075,4371.0
12208,12208.0,4075,4372.0
12209,12209.0,4076,1920.0
12210,12210.0,4076,4373.0
12211,12211.0,4076,4374.0
12212,12212.0,4077,320.0
12213,12213.0,4077,3023.0
12214,12214.0,4077,4375.0
12215,12215.0,4078,137.0
12216,12216.0,4078,3351.0
12217,12217.0,4078,4376.0
12218,12218.0,4079,651.0
12219,12219.0,4079,3123.0
12220,12220.0,4079,98.0
12221,12221.0,4080,4377.0
12222,12222.0,4080,2461.0
12223,12223.0,4080,4378.0
12224,12224.0,4081,2319.0
12225,12225.0,4081,2743.0
12226,12226.0,4081,562.0
12227,12227.0,4082,4379.0
12228,12228.0,4082,4380.0
12229,12229.0,4082,4381.0
12230,12230.0,4083,819.0
12231,12231.0,4083,4382.0
12232,12232.0,4083,4383.0
12233,12233.0,4084,3890.0
12234,12234.0,4084,3182.0
12235,12235.0,4084,4384.0
12236,12236.0,4085,4385.0
12237,12237.0,4085,4386.0
12238,12238.0,4085,4387.0
12239,12239.0,4086,423.0
12240,12240.0,4086,4388.0
12241,12241.0,4086,1043.0
12242,12242.0,4087,347.0
12243,12243.0,4087,1672.0
12244,12244.0,4087,4389.0
12245,12245.0,4088,1225.0
12246,12246.0,4088,4106.0
12247,12247.0,4088,4390.0
12248,12248.0,4089,1712.0
12249,12249.0,4089,4391.0
12250,12250.0,4089,4392.0
12251,12251.0,4090,985.0
12252,12252.0,4090,4165.0
12253,12253.0,4090,2276.0
12254,12254.0,4091,1920.0
12255,12255.0,4091,4393.0
12256,12256.0,4091,4394.0
12257,12257.0,4092,148.0
12258,12258.0,4092,4395.0
12259,12259.0,4092,4396.0
12260,12260.0,4093,4397.0
12261,12261.0,4093,4398.0
12262,12262.0,4093,4399.0
12263,12263.0,4094,4400.0
12264,12264.0,4094,4401.0
12265,12265.0,4094,4402.0
12266,12266.0,4095,4403.0
12267,12267.0,4095,4395.0
12268,12268.0,4095,4404.0
12269,12269.0,4096,353.0
12270,12270.0,4096,4405.0
12271,12271.0,4096,4406.0
12272,12272.0,4097,1291.0
12273,12273.0,4097,4407.0
12274,12274.0,4097,403.0
12275,12275.0,4098,728.0
12276,12276.0,4098,4408.0
12277,12277.0,4098,4409.0
12278,12278.0,4099,9.0
12279,12279.0,4099,4410.0
12280,12280.0,4099,995.0
12281,12281.0,4100,432.0
12282,12282.0,4100,742.0
12283,12283.0,4100,4411.0
12284,12284.0,4101,878.0
12285,12285.0,4101,4412.0
12286,12286.0,4101,497.0
12287,12287.0,4102,4413.0
12288,12288.0,4102,4414.0
12289,12289.0,4102,4415.0
12290,12290.0,4103,4416.0
12291,12291.0,4103,4417.0
12292,12292.0,4103,4418.0
12293,12293.0,4104,4419.0
12294,12294.0,4104,4420.0
12295,12295.0,4104,4421.0
12296,12296.0,4105,4422.0
12297,12297.0,4105,4423.0
12298,12298.0,4106,529.0
12299,12299.0,4106,4424.0
12300,12300.0,4106,4425.0
12301,12301.0,4107,4426.0
12302,12302.0,4107,297.0
12303,12303.0,4107,66.0
12304,12304.0,4108,4427.0
12305,12305.0,4108,4428.0
12306,12306.0,4108,4429.0
12307,12307.0,4109,2787.0
12308,12308.0,4109,723.0
12309,12309.0,4109,731.0
12310,12310.0,4110,1313.0
12311,12311.0,4110,4430.0
12312,12312.0,4110,469.0
12313,12313.0,4111,916.0
12314,12314.0,4111,4431.0
12315,12315.0,4111,4432.0
12316,12316.0,4112,1331.0
12317,12317.0,4112,2855.0
12318,12318.0,4112,918.0
12319,12319.0,4113,4433.0
12320,12320.0,4113,4434.0
12321,12321.0,4113,4435.0
12322,12322.0,4114,1422.0
12323,12323.0,4114,1890.0
12324,12324.0,4114,4436.0
12325,12325.0,4115,338.0
12326,12326.0,4115,878.0
12327,12327.0,4115,102.0
12328,12328.0,4116,4437.0
12329,12329.0,4116,4438.0
12330,12330.0,4116,4439.0
12331,12331.0,4117,4440.0
12332,12332.0,4117,4441.0
12333,12333.0,4117,4442.0
12334,12334.0,4118,
12335,12335.0,4119,4443.0
12336,12336.0,4119,4444.0
12337,12337.0,4119,4445.0
12338,12338.0,4120,81.0
12339,12339.0,4120,4446.0
12340,12340.0,4120,1883.0
12341,12341.0,4121,1289.0
12342,12342.0,4121,4447.0
12343,12343.0,4121,4448.0
12344,12344.0,4122,2415.0
12345,12345.0,4122,4449.0
12346,12346.0,4122,1104.0
12347,12347.0,4123,3370.0
12348,12348.0,4123,4450.0
12349,12349.0,4123,4451.0
12350,12350.0,4124,482.0
12351,12351.0,4124,482.0
12352,12352.0,4124,4191.0
12353,12353.0,4125,4452.0
12354,12354.0,4125,4453.0
12355,12355.0,4125,1638.0
12356,12356.0,4126,1693.0
12357,12357.0,4126,4454.0
12358,12358.0,4126,4455.0
12359,12359.0,4127,38.0
12360,12360.0,4127,1115.0
12361,12361.0,4127,4456.0
12362,12362.0,4128,4457.0
12363,12363.0,4128,4458.0
12364,12364.0,4128,4459.0
12365,12365.0,4129,42.0
12366,12366.0,4129,316.0
12367,12367.0,4129,1399.0
12368,12368.0,4130,899.0
12369,12369.0,4130,4460.0
12370,12370.0,4130,4461.0
12371,12371.0,4131,1598.0
12372,12372.0,4131,1261.0
12373,12373.0,4131,4462.0
12374,12374.0,4132,2934.0
12375,12375.0,4132,110.0
12376,12376.0,4132,4463.0
12377,12377.0,4133,744.0
12378,12378.0,4133,3922.0
12379,12379.0,4133,1005.0
12380,12380.0,4134,1117.0
12381,12381.0,4134,4464.0
12382,12382.0,4134,4465.0
12383,12383.0,4135,4466.0
12384,12384.0,4135,4467.0
12385,12385.0,4135,4468.0
12386,12386.0,4136,1330.0
12387,12387.0,4136,4469.0
12388,12388.0,4136,1682.0
12389,12389.0,4137,4470.0
12390,12390.0,4137,4471.0
12391,12391.0,4137,4472.0
12392,12392.0,4138,4473.0
12393,12393.0,4138,4474.0
12394,12394.0,4138,4475.0
12395,12395.0,4139,3300.0
12396,12396.0,4139,4476.0
12397,12397.0,4139,4477.0
12398,12398.0,4140,4478.0
12399,12399.0,4141,949.0
12400,12400.0,4141,4479.0
12401,12401.0,4141,4480.0
12402,12402.0,4142,2682.0
12403,12403.0,4142,4481.0
12404,12404.0,4142,4482.0
12405,12405.0,4143,3761.0
12406,12406.0,4143,4483.0
12407,12407.0,4143,4484.0
12408,12408.0,4144,4485.0
12409,12409.0,4144,2034.0
12410,12410.0,4144,4486.0
12411,12411.0,4145,4487.0
12412,12412.0,4145,4488.0
12413,12413.0,4145,4489.0
12414,12414.0,4146,117.0
12415,12415.0,4146,665.0
12416,12416.0,4146,1314.0
12417,12417.0,4147,4490.0
12418,12418.0,4147,4491.0
12419,12419.0,4147,482.0
12420,12420.0,4148,3723.0
12421,12421.0,4148,4492.0
12422,12422.0,4148,4493.0
12423,12423.0,4149,4494.0
12424,12424.0,4149,4495.0
12425,12425.0,4149,4496.0
12426,12426.0,4150,356.0
12427,12427.0,4150,347.0
12428,12428.0,4150,2371.0
12429,12429.0,4151,4497.0
12430,12430.0,4151,3394.0
12431,12431.0,4151,3174.0
12432,12432.0,4152,2745.0
12433,12433.0,4152,1095.0
12434,12434.0,4152,1503.0
12435,12435.0,4153,4498.0
12436,12436.0,4153,4499.0
12437,12437.0,4153,4500.0
12438,12438.0,4154,2234.0
12439,12439.0,4154,4501.0
12440,12440.0,4154,4502.0
12441,12441.0,4155,3054.0
12442,12442.0,4155,794.0
12443,12443.0,4155,1267.0
12444,12444.0,4156,4503.0
12445,12445.0,4156,4504.0
12446,12446.0,4156,4505.0
12447,12447.0,4157,4506.0
12448,12448.0,4157,1833.0
12449,12449.0,4157,4507.0
12450,12450.0,4158,491.0
12451,12451.0,4158,4508.0
12452,12452.0,4158,4509.0
12453,12453.0,4159,2269.0
12454,12454.0,4159,191.0
12455,12455.0,4159,4510.0
12456,12456.0,4160,595.0
12457,12457.0,4160,560.0
12458,12458.0,4160,640.0
12459,12459.0,4161,4511.0
12460,12460.0,4161,4512.0
12461,12461.0,4161,4513.0
12462,12462.0,4162,96.0
12463,12463.0,4162,4514.0
12464,12464.0,4162,4515.0
12465,12465.0,4163,4516.0
12466,12466.0,4163,2371.0
12467,12467.0,4163,2945.0
12468,12468.0,4164,2229.0
12469,12469.0,4164,4517.0
12470,12470.0,4164,4518.0
12471,12471.0,4165,4519.0
12472,12472.0,4165,4520.0
12473,12473.0,4165,4521.0
12474,12474.0,4166,4522.0
12475,12475.0,4166,4523.0
12476,12476.0,4166,4524.0
12477,12477.0,4167,4525.0
12478,12478.0,4167,4526.0
12479,12479.0,4167,4527.0
12480,12480.0,4168,906.0
12481,12481.0,4168,4528.0
12482,12482.0,4168,4529.0
12483,12483.0,4169,1857.0
12484,12484.0,4169,4530.0
12485,12485.0,4169,4531.0
12486,12486.0,4170,3881.0
12487,12487.0,4170,4532.0
12488,12488.0,4170,2473.0
12489,12489.0,4171,1187.0
12490,12490.0,4171,4533.0
12491,12491.0,4171,924.0
12492,12492.0,4172,3951.0
12493,12493.0,4172,866.0
12494,12494.0,4172,4077.0
12495,12495.0,4173,3640.0
12496,12496.0,4173,2851.0
12497,12497.0,4173,4534.0
12498,12498.0,4174,1712.0
12499,12499.0,4174,2201.0
12500,12500.0,4174,4535.0
12501,12501.0,4175,903.0
12502,12502.0,4175,4536.0
12503,12503.0,4175,4537.0
12504,12504.0,4176,4262.0
12505,12505.0,4176,4538.0
12506,12506.0,4176,4539.0
12507,12507.0,4177,2159.0
12508,12508.0,4177,4540.0
12509,12509.0,4177,4541.0
12510,12510.0,4178,625.0
12511,12511.0,4178,20.0
12512,12512.0,4178,4542.0
12513,12513.0,4179,4543.0
12514,12514.0,4179,4544.0
12515,12515.0,4179,4545.0
12516,12516.0,4180,4546.0
12517,12517.0,4180,4547.0
12518,12518.0,4180,4548.0
12519,12519.0,4181,4549.0
12520,12520.0,4181,4550.0
12521,12521.0,4181,81.0
12522,12522.0,4182,4551.0
12523,12523.0,4182,4552.0
12524,12524.0,4182,4553.0
12525,12525.0,4183,895.0
12526,12526.0,4183,4554.0
12527,12527.0,4183,4555.0
12528,12528.0,4184,4556.0
12529,12529.0,4184,4557.0
12530,12530.0,4184,4077.0
12531,12531.0,4185,4558.0
12532,12532.0,4185,4559.0
12533,12533.0,4185,4560.0
12534,12534.0,4186,4561.0
12535,12535.0,4186,4562.0
12536,12536.0,4186,4563.0
12537,12537.0,4187,4564.0
12538,12538.0,4187,4565.0
12539,12539.0,4187,4566.0
12540,12540.0,4188,2747.0
12541,12541.0,4188,4567.0
12542,12542.0,4188,4568.0
12543,12543.0,4189,619.0
12544,12544.0,4189,2320.0
12545,12545.0,4189,4569.0
12546,12546.0,4190,1404.0
12547,12547.0,4190,1479.0
12548,12548.0,4190,573.0
12549,12549.0,4191,1528.0
12550,12550.0,4191,4570.0
12551,12551.0,4191,4571.0
12552,12552.0,4192,4572.0
12553,12553.0,4192,711.0
12554,12554.0,4192,3634.0
12555,12555.0,4193,4262.0
12556,12556.0,4193,4573.0
12557,12557.0,4193,2263.0
12558,12558.0,4194,1066.0
12559,12559.0,4194,2564.0
12560,12560.0,4194,215.0
12561,12561.0,4195,4574.0
12562,12562.0,4195,4575.0
12563,12563.0,4195,4576.0
12564,12564.0,4196,327.0
12565,12565.0,4196,556.0
12566,12566.0,4196,754.0
12567,12567.0,4197,4577.0
12568,12568.0,4197,169.0
12569,12569.0,4197,2945.0
12570,12570.0,4198,70.0
12571,12571.0,4198,3839.0
12572,12572.0,4198,4578.0
12573,12573.0,4199,685.0
12574,12574.0,4199,2551.0
12575,12575.0,4199,555.0
12576,12576.0,4200,4579.0
12577,12577.0,4200,4064.0
12578,12578.0,4200,4052.0
12579,12579.0,4201,3570.0
12580,12580.0,4201,3892.0
12581,12581.0,4201,3273.0
12582,12582.0,4202,3738.0
12583,12583.0,4202,4103.0
12584,12584.0,4202,4580.0
12585,12585.0,4203,4581.0
12586,12586.0,4203,4582.0
12587,12587.0,4203,501.0
12588,12588.0,4204,1939.0
12589,12589.0,4204,3987.0
12590,12590.0,4204,4583.0
12591,12591.0,4205,4584.0
12592,12592.0,4205,1964.0
12593,12593.0,4205,4585.0
12594,12594.0,4206,4586.0
12595,12595.0,4206,4587.0
12596,12596.0,4206,4588.0
12597,12597.0,4207,354.0
12598,12598.0,4207,1287.0
12599,12599.0,4207,849.0
12600,12600.0,4208,4589.0
12601,12601.0,4208,4590.0
12602,12602.0,4208,4591.0
12603,12603.0,4209,628.0
12604,12604.0,4209,2575.0
12605,12605.0,4209,3252.0
12606,12606.0,4210,3849.0
12607,12607.0,4210,4592.0
12608,12608.0,4210,4593.0
12609,12609.0,4211,4594.0
12610,12610.0,4211,1406.0
12611,12611.0,4211,4595.0
12612,12612.0,4212,2613.0
12613,12613.0,4212,1700.0
12614,12614.0,4212,2728.0
12615,12615.0,4213,4596.0
12616,12616.0,4213,4597.0
12617,12617.0,4213,4598.0
12618,12618.0,4214,686.0
12619,12619.0,4214,1463.0
12620,12620.0,4214,4599.0
12621,12621.0,4215,1436.0
12622,12622.0,4215,4600.0
12623,12623.0,4215,4601.0
12624,12624.0,4216,4052.0
12625,12625.0,4216,4579.0
12626,12626.0,4216,4602.0
12627,12627.0,4217,4603.0
12628,12628.0,4217,524.0
12629,12629.0,4217,3123.0
12630,12630.0,4218,991.0
12631,12631.0,4218,943.0
12632,12632.0,4218,382.0
12633,12633.0,4219,4005.0
12634,12634.0,4219,4604.0
12635,12635.0,4219,4605.0
12636,12636.0,4220,4606.0
12637,12637.0,4220,217.0
12638,12638.0,4220,4509.0
12639,12639.0,4221,4607.0
12640,12640.0,4221,1920.0
12641,12641.0,4221,4608.0
12642,12642.0,4222,723.0
12643,12643.0,4222,1170.0
12644,12644.0,4222,642.0
12645,12645.0,4223,3122.0
12646,12646.0,4223,414.0
12647,12647.0,4223,530.0
12648,12648.0,4224,1072.0
12649,12649.0,4224,904.0
12650,12650.0,4224,3623.0
12651,12651.0,4225,4609.0
12652,12652.0,4225,2764.0
12653,12653.0,4225,4610.0
12654,12654.0,4226,3991.0
12655,12655.0,4226,4611.0
12656,12656.0,4226,4612.0
12657,12657.0,4227,4613.0
12658,12658.0,4227,4614.0
12659,12659.0,4227,4615.0
12660,12660.0,4228,531.0
12661,12661.0,4228,2573.0
12662,12662.0,4228,497.0
12663,12663.0,4229,4616.0
12664,12664.0,4229,2526.0
12665,12665.0,4229,572.0
12666,12666.0,4230,4162.0
12667,12667.0,4230,4106.0
12668,12668.0,4230,1986.0
12669,12669.0,4231,989.0
12670,12670.0,4231,4617.0
12671,12671.0,4231,4618.0
12672,12672.0,4232,239.0
12673,12673.0,4232,268.0
12674,12674.0,4232,1062.0
12675,12675.0,4233,4619.0
12676,12676.0,4233,4620.0
12677,12677.0,4233,4621.0
12678,12678.0,4234,2797.0
12679,12679.0,4234,1174.0
12680,12680.0,4234,4622.0
12681,12681.0,4235,135.0
12682,12682.0,4235,204.0
12683,12683.0,4235,820.0
12684,12684.0,4236,1354.0
12685,12685.0,4236,321.0
12686,12686.0,4236,2467.0
12687,12687.0,4237,1989.0
12688,12688.0,4237,4623.0
12689,12689.0,4237,4101.0
12690,12690.0,4238,4624.0
12691,12691.0,4238,4625.0
12692,12692.0,4238,4626.0
12693,12693.0,4239,1692.0
12694,12694.0,4239,820.0
12695,12695.0,4239,501.0
12696,12696.0,4240,2972.0
12697,12697.0,4240,4627.0
12698,12698.0,4240,4628.0
12699,12699.0,4241,4629.0
12700,12700.0,4241,4630.0
12701,12701.0,4241,4631.0
12702,12702.0,4242,4632.0
12703,12703.0,4242,4633.0
12704,12704.0,4242,654.0
12705,12705.0,4243,4634.0
12706,12706.0,4243,301.0
12707,12707.0,4243,4635.0
12708,12708.0,4244,613.0
12709,12709.0,4244,2765.0
12710,12710.0,4244,2588.0
12711,12711.0,4245,4636.0
12712,12712.0,4245,4637.0
12713,12713.0,4245,4638.0
12714,12714.0,4246,588.0
12715,12715.0,4246,1463.0
12716,12716.0,4246,1100.0
12717,12717.0,4247,
12718,12718.0,4248,2585.0
12719,12719.0,4248,2778.0
12720,12720.0,4248,4639.0
12721,12721.0,4249,4640.0
12722,12722.0,4249,4641.0
12723,12723.0,4249,4642.0
12724,12724.0,4250,4643.0
12725,12725.0,4250,4644.0
12726,12726.0,4250,4645.0
12727,12727.0,4251,211.0
12728,12728.0,4251,4646.0
12729,12729.0,4251,4647.0
12730,12730.0,4252,1595.0
12731,12731.0,4252,1175.0
12732,12732.0,4252,666.0
12733,12733.0,4253,625.0
12734,12734.0,4253,875.0
12735,12735.0,4253,2708.0
12736,12736.0,4254,4648.0
12737,12737.0,4254,4649.0
12738,12738.0,4254,4650.0
12739,12739.0,4255,4651.0
12740,12740.0,4255,4652.0
12741,12741.0,4255,583.0
12742,12742.0,4256,321.0
12743,12743.0,4256,1749.0
12744,12744.0,4256,2670.0
12745,12745.0,4257,2847.0
12746,12746.0,4257,2258.0
12747,12747.0,4257,3123.0
12748,12748.0,4258,4653.0
12749,12749.0,4258,4654.0
12750,12750.0,4258,4655.0
12751,12751.0,4259,4656.0
12752,12752.0,4259,4657.0
12753,12753.0,4259,4658.0
12754,12754.0,4260,4659.0
12755,12755.0,4260,4660.0
12756,12756.0,4260,4661.0
12757,12757.0,4261,761.0
12758,12758.0,4261,4662.0
12759,12759.0,4261,4086.0
12760,12760.0,4262,4663.0
12761,12761.0,4262,4664.0
12762,12762.0,4262,4665.0
12763,12763.0,4263,4666.0
12764,12764.0,4263,1739.0
12765,12765.0,4263,909.0
12766,12766.0,4264,4667.0
12767,12767.0,4264,4668.0
12768,12768.0,4264,4669.0
12769,12769.0,4265,34.0
12770,12770.0,4265,4670.0
12771,12771.0,4265,4671.0
12772,12772.0,4266,4672.0
12773,12773.0,4266,4673.0
12774,12774.0,4266,4674.0
12775,12775.0,4267,4675.0
12776,12776.0,4267,4676.0
12777,12777.0,4267,4677.0
12778,12778.0,4268,1482.0
12779,12779.0,4268,4678.0
12780,12780.0,4268,4679.0
12781,12781.0,4269,2182.0
12782,12782.0,4269,4680.0
12783,12783.0,4269,3526.0
12784,12784.0,4270,4681.0
12785,12785.0,4270,4682.0
12786,12786.0,4270,4035.0
12787,12787.0,4271,81.0
12788,12788.0,4271,3123.0
12789,12789.0,4271,4683.0
12790,12790.0,4272,4684.0
12791,12791.0,4272,4685.0
12792,12792.0,4272,4686.0
12793,12793.0,4273,1606.0
12794,12794.0,4273,1646.0
12795,12795.0,4273,4687.0
12796,12796.0,4274,3236.0
12797,12797.0,4274,4688.0
12798,12798.0,4274,4638.0
12799,12799.0,4275,4689.0
12800,12800.0,4275,4690.0
12801,12801.0,4275,4691.0
12802,12802.0,4276,4692.0
12803,12803.0,4276,1401.0
12804,12804.0,4276,4693.0
12805,12805.0,4277,2424.0
12806,12806.0,4277,1700.0
12807,12807.0,4277,1207.0
12808,12808.0,4278,4694.0
12809,12809.0,4278,4695.0
12810,12810.0,4278,3621.0
12811,12811.0,4279,4696.0
12812,12812.0,4279,4697.0
12813,12813.0,4279,4489.0
12814,12814.0,4280,3222.0
12815,12815.0,4280,4698.0
12816,12816.0,4280,4699.0
12817,12817.0,4281,1211.0
12818,12818.0,4281,4700.0
12819,12819.0,4281,3690.0
12820,12820.0,4282,4701.0
12821,12821.0,4282,4702.0
12822,12822.0,4282,4703.0
12823,12823.0,4283,4704.0
12824,12824.0,4283,4705.0
12825,12825.0,4283,4706.0
12826,12826.0,4284,799.0
12827,12827.0,4284,2557.0
12828,12828.0,4284,4707.0
12829,12829.0,4285,4708.0
12830,12830.0,4285,4709.0
12831,12831.0,4285,4710.0
12832,12832.0,4286,4711.0
12833,12833.0,4286,3513.0
12834,12834.0,4286,1529.0
12835,12835.0,4287,3891.0
12836,12836.0,4287,1958.0
12837,12837.0,4287,4712.0
12838,12838.0,4288,4713.0
12839,12839.0,4288,4714.0
12840,12840.0,4288,4262.0
12841,12841.0,4289,4715.0
12842,12842.0,4289,4716.0
12843,12843.0,4289,4717.0
12844,12844.0,4290,917.0
12845,12845.0,4290,2242.0
12846,12846.0,4290,838.0
12847,12847.0,4291,616.0
12848,12848.0,4291,321.0
12849,12849.0,4291,1806.0
12850,12850.0,4292,2451.0
12851,12851.0,4292,2452.0
12852,12852.0,4292,3281.0
12853,12853.0,4293,4718.0
12854,12854.0,4293,4719.0
12855,12855.0,4293,4720.0
12856,12856.0,4294,4721.0
12857,12857.0,4294,4722.0
12858,12858.0,4294,4723.0
12859,12859.0,4295,3116.0
12860,12860.0,4295,4724.0
12861,12861.0,4295,4725.0
12862,12862.0,4296,943.0
12863,12863.0,4296,23.0
12864,12864.0,4296,535.0
12865,12865.0,4297,4726.0
12866,12866.0,4297,1647.0
12867,12867.0,4297,2001.0
12868,12868.0,4298,2258.0
12869,12869.0,4298,4727.0
12870,12870.0,4298,4728.0
12871,12871.0,4299,4729.0
12872,12872.0,4299,4730.0
12873,12873.0,4299,4731.0
12874,12874.0,4300,715.0
12875,12875.0,4300,342.0
12876,12876.0,4300,1529.0
12877,12877.0,4301,4732.0
12878,12878.0,4301,4733.0
12879,12879.0,4301,4734.0
12880,12880.0,4302,4735.0
12881,12881.0,4302,895.0
12882,12882.0,4302,3512.0
12883,12883.0,4303,4736.0
12884,12884.0,4303,4737.0
12885,12885.0,4303,4738.0
12886,12886.0,4304,4739.0
12887,12887.0,4304,4740.0
12888,12888.0,4304,4741.0
12889,12889.0,4305,
12890,12890.0,4306,4742.0
12891,12891.0,4306,4743.0
12892,12892.0,4306,4744.0
12893,12893.0,4307,4745.0
12894,12894.0,4307,338.0
12895,12895.0,4307,204.0
12896,12896.0,4308,4746.0
12897,12897.0,4308,4747.0
12898,12898.0,4308,4748.0
12899,12899.0,4309,4749.0
12900,12900.0,4309,4750.0
12901,12901.0,4309,4751.0
12902,12902.0,4310,1040.0
12903,12903.0,4310,663.0
12904,12904.0,4310,1017.0
12905,12905.0,4311,4752.0
12906,12906.0,4311,4753.0
12907,12907.0,4311,4585.0
12908,12908.0,4312,4754.0
12909,12909.0,4312,3952.0
12910,12910.0,4312,4755.0
12911,12911.0,4313,2537.0
12912,12912.0,4313,4756.0
12913,12913.0,4313,4757.0
12914,12914.0,4314,
12915,12915.0,4315,4758.0
12916,12916.0,4315,286.0
12917,12917.0,4315,4759.0
12918,12918.0,4316,4760.0
12919,12919.0,4316,4761.0
12920,12920.0,4316,4762.0
12921,12921.0,4317,495.0
12922,12922.0,4317,4763.0
12923,12923.0,4317,4764.0
12924,12924.0,4318,2357.0
12925,12925.0,4318,2375.0
12926,12926.0,4318,4765.0
12927,12927.0,4319,96.0
12928,12928.0,4319,573.0
12929,12929.0,4319,456.0
12930,12930.0,4320,2945.0
12931,12931.0,4320,4766.0
12932,12932.0,4320,579.0
12933,12933.0,4321,2054.0
12934,12934.0,4321,3489.0
12935,12935.0,4321,4767.0
12936,12936.0,4322,
12937,12937.0,4323,4768.0
12938,12938.0,4323,4769.0
12939,12939.0,4323,4770.0
12940,12940.0,4324,4771.0
12941,12941.0,4324,4772.0
12942,12942.0,4324,4773.0
12943,12943.0,4325,4774.0
12944,12944.0,4325,4775.0
12945,12945.0,4325,4776.0
12946,12946.0,4326,4777.0
12947,12947.0,4326,4778.0
12948,12948.0,4326,4779.0
12949,12949.0,4327,2246.0
12950,12950.0,4327,4780.0
12951,12951.0,4327,4781.0
12952,12952.0,4328,4782.0
12953,12953.0,4329,4556.0
12954,12954.0,4329,4607.0
12955,12955.0,4329,4783.0
12956,12956.0,4330,4784.0
12957,12957.0,4330,4785.0
12958,12958.0,4330,4786.0
12959,12959.0,4331,3270.0
12960,12960.0,4331,4787.0
12961,12961.0,4331,4788.0
12962,12962.0,4332,2876.0
12963,12963.0,4332,4789.0
12964,12964.0,4332,1008.0
12965,12965.0,4333,489.0
12966,12966.0,4333,2867.0
12967,12967.0,4333,2036.0
12968,12968.0,4334,4790.0
12969,12969.0,4334,1078.0
12970,12970.0,4334,4791.0
12971,12971.0,4335,837.0
12972,12972.0,4335,4792.0
12973,12973.0,4335,4793.0
12974,12974.0,4336,4794.0
12975,12975.0,4336,4795.0
12976,12976.0,4336,4796.0
12977,12977.0,4337,481.0
12978,12978.0,4337,4797.0
12979,12979.0,4337,715.0
12980,12980.0,4338,4798.0
12981,12981.0,4338,4799.0
12982,12982.0,4338,4800.0
12983,12983.0,4339,761.0
12984,12984.0,4339,4801.0
12985,12985.0,4339,4802.0
12986,12986.0,4340,4803.0
12987,12987.0,4340,4804.0
12988,12988.0,4340,2798.0
12989,12989.0,4341,4805.0
12990,12990.0,4341,4806.0
12991,12991.0,4341,4807.0
12992,12992.0,4342,4808.0
12993,12993.0,4342,3300.0
12994,12994.0,4342,4291.0
12995,12995.0,4343,4809.0
12996,12996.0,4343,4810.0
12997,12997.0,4343,4811.0
12998,12998.0,4344,4812.0
12999,12999.0,4344,4813.0
13000,13000.0,4344,4814.0
13001,13001.0,4345,989.0
13002,13002.0,4345,2787.0
13003,13003.0,4345,1775.0
13004,13004.0,4346,2218.0
13005,13005.0,4346,1014.0
13006,13006.0,4346,3471.0
13007,13007.0,4347,4815.0
13008,13008.0,4347,4816.0
13009,13009.0,4347,4817.0
13010,13010.0,4348,4818.0
13011,13011.0,4348,4819.0
13012,13012.0,4348,4820.0
13013,13013.0,4349,4821.0
13014,13014.0,4349,4822.0
13015,13015.0,4349,4823.0
13016,13016.0,4350,4824.0
13017,13017.0,4350,693.0
13018,13018.0,4350,4825.0
13019,13019.0,4351,3738.0
13020,13020.0,4351,4580.0
13021,13021.0,4351,4826.0
13022,13022.0,4352,4827.0
13023,13023.0,4352,4828.0
13024,13024.0,4352,4829.0
13025,13025.0,4353,4830.0
13026,13026.0,4353,4831.0
13027,13027.0,4353,4832.0
13028,13028.0,4354,3322.0
13029,13029.0,4354,4833.0
13030,13030.0,4354,4834.0
13031,13031.0,4355,4395.0
13032,13032.0,4355,614.0
13033,13033.0,4355,556.0
13034,13034.0,4356,4835.0
13035,13035.0,4356,4836.0
13036,13036.0,4356,4837.0
13037,13037.0,4357,4838.0
13038,13038.0,4357,4839.0
13039,13039.0,4357,4840.0
13040,13040.0,4358,1672.0
13041,13041.0,4358,283.0
13042,13042.0,4358,4841.0
13043,13043.0,4359,297.0
13044,13044.0,4359,572.0
13045,13045.0,4359,1503.0
13046,13046.0,4360,4377.0
13047,13047.0,4360,1575.0
13048,13048.0,4360,4395.0
13049,13049.0,4361,683.0
13050,13050.0,4361,4842.0
13051,13051.0,4361,608.0
13052,13052.0,4362,2314.0
13053,13053.0,4362,4843.0
13054,13054.0,4362,4844.0
13055,13055.0,4363,536.0
13056,13056.0,4363,4827.0
13057,13057.0,4363,4845.0
13058,13058.0,4364,21.0
13059,13059.0,4364,4846.0
13060,13060.0,4364,1059.0
13061,13061.0,4365,497.0
13062,13062.0,4365,607.0
13063,13063.0,4365,254.0
13064,13064.0,4366,1363.0
13065,13065.0,4366,320.0
13066,13066.0,4366,99.0
13067,13067.0,4367,4847.0
13068,13068.0,4367,457.0
13069,13069.0,4367,4848.0
13070,13070.0,4368,2972.0
13071,13071.0,4368,374.0
13072,13072.0,4368,4849.0
13073,13073.0,4369,4850.0
13074,13074.0,4369,4851.0
13075,13075.0,4369,4852.0
13076,13076.0,4370,4853.0
13077,13077.0,4370,4854.0
13078,13078.0,4370,1487.0
13079,13079.0,4371,3115.0
13080,13080.0,4371,4855.0
13081,13081.0,4371,4856.0
13082,13082.0,4372,2123.0
13083,13083.0,4372,4857.0
13084,13084.0,4372,2124.0
13085,13085.0,4373,2819.0
13086,13086.0,4373,534.0
13087,13087.0,4373,514.0
13088,13088.0,4374,1343.0
13089,13089.0,4374,4858.0
13090,13090.0,4374,2869.0
13091,13091.0,4375,609.0
13092,13092.0,4375,2647.0
13093,13093.0,4375,355.0
13094,13094.0,4376,772.0
13095,13095.0,4376,4859.0
13096,13096.0,4376,2865.0
13097,13097.0,4377,4860.0
13098,13098.0,4377,4861.0
13099,13099.0,4377,4862.0
13100,13100.0,4378,4863.0
13101,13101.0,4378,1329.0
13102,13102.0,4378,4864.0
13103,13103.0,4379,2650.0
13104,13104.0,4379,3482.0
13105,13105.0,4379,4865.0
13106,13106.0,4380,82.0
13107,13107.0,4380,4866.0
13108,13108.0,4380,1561.0
13109,13109.0,4381,4867.0
13110,13110.0,4381,4868.0
13111,13111.0,4381,4869.0
13112,13112.0,4382,4870.0
13113,13113.0,4382,4871.0
13114,13114.0,4382,4872.0
13115,13115.0,4383,4873.0
13116,13116.0,4383,4874.0
13117,13117.0,4383,4875.0
13118,13118.0,4384,4876.0
13119,13119.0,4384,4877.0
13120,13120.0,4384,4878.0
13121,13121.0,4385,4879.0
13122,13122.0,4385,4880.0
13123,13123.0,4385,4881.0
13124,13124.0,4386,4882.0
13125,13125.0,4386,4883.0
13126,13126.0,4386,4884.0
13127,13127.0,4387,242.0
13128,13128.0,4387,4885.0
13129,13129.0,4388,4886.0
13130,13130.0,4388,4887.0
13131,13131.0,4388,2039.0
13132,13132.0,4389,2690.0
13133,13133.0,4389,4888.0
13134,13134.0,4389,4219.0
13135,13135.0,4390,4889.0
13136,13136.0,4390,4890.0
13137,13137.0,4390,4132.0
13138,13138.0,4391,512.0
13139,13139.0,4391,4891.0
13140,13140.0,4391,594.0
13141,13141.0,4392,268.0
13142,13142.0,4392,327.0
13143,13143.0,4392,347.0
13144,13144.0,4393,1096.0
13145,13145.0,4393,4892.0
13146,13146.0,4393,748.0
13147,13147.0,4394,4893.0
13148,13148.0,4394,23.0
13149,13149.0,4394,4894.0
13150,13150.0,4395,4895.0
13151,13151.0,4395,2147.0
13152,13152.0,4395,518.0
13153,13153.0,4396,4896.0
13154,13154.0,4396,4618.0
13155,13155.0,4396,2481.0
13156,13156.0,4397,1567.0
13157,13157.0,4397,2201.0
13158,13158.0,4397,4897.0
13159,13159.0,4398,4898.0
13160,13160.0,4398,4899.0
13161,13161.0,4398,4900.0
13162,13162.0,4399,666.0
13163,13163.0,4399,1396.0
13164,13164.0,4399,4901.0
13165,13165.0,4400,4902.0
13166,13166.0,4400,3195.0
13167,13167.0,4400,655.0
13168,13168.0,4401,
13169,13169.0,4402,4903.0
13170,13170.0,4402,2611.0
13171,13171.0,4402,4904.0
13172,13172.0,4403,4905.0
13173,13173.0,4403,319.0
13174,13174.0,4403,1225.0
13175,13175.0,4404,4906.0
13176,13176.0,4404,4907.0
13177,13177.0,4404,4908.0
13178,13178.0,4405,4909.0
13179,13179.0,4405,4910.0
13180,13180.0,4405,4911.0
13181,13181.0,4406,4912.0
13182,13182.0,4406,4913.0
13183,13183.0,4406,4914.0
13184,13184.0,4407,4915.0
13185,13185.0,4407,1136.0
13186,13186.0,4407,4916.0
13187,13187.0,4408,2537.0
13188,13188.0,4408,4917.0
13189,13189.0,4408,2688.0
13190,13190.0,4409,4886.0
13191,13191.0,4409,4918.0
13192,13192.0,4409,4919.0
13193,13193.0,4410,1609.0
13194,13194.0,4410,4920.0
13195,13195.0,4410,4921.0
13196,13196.0,4411,4922.0
13197,13197.0,4411,4923.0
13198,13198.0,4411,4924.0
13199,13199.0,4412,148.0
13200,13200.0,4412,665.0
13201,13201.0,4412,4189.0
13202,13202.0,4413,3412.0
13203,13203.0,4413,1171.0
13204,13204.0,4413,2104.0
13205,13205.0,4414,4925.0
13206,13206.0,4414,4926.0
13207,13207.0,4414,4927.0
13208,13208.0,4415,3203.0
13209,13209.0,4415,4928.0
13210,13210.0,4415,4044.0
13211,13211.0,4416,4929.0
13212,13212.0,4416,4930.0
13213,13213.0,4416,4931.0
13214,13214.0,4417,4932.0
13215,13215.0,4417,4933.0
13216,13216.0,4417,4934.0
13217,13217.0,4418,4568.0
13218,13218.0,4418,4935.0
13219,13219.0,4418,964.0
13220,13220.0,4419,1089.0
13221,13221.0,4419,4936.0
13222,13222.0,4419,4044.0
13223,13223.0,4420,32.0
13224,13224.0,4420,1942.0
13225,13225.0,4420,4937.0
13226,13226.0,4421,4938.0
13227,13227.0,4421,4939.0
13228,13228.0,4421,4940.0
13229,13229.0,4422,4941.0
13230,13230.0,4422,4942.0
13231,13231.0,4422,4943.0
13232,13232.0,4423,2480.0
13233,13233.0,4423,424.0
13234,13234.0,4423,1766.0
13235,13235.0,4424,4186.0
13236,13236.0,4424,1907.0
13237,13237.0,4424,4944.0
13238,13238.0,4425,4945.0
13239,13239.0,4425,2268.0
13240,13240.0,4425,4946.0
13241,13241.0,4426,3163.0
13242,13242.0,4426,4947.0
13243,13243.0,4426,4294.0
13244,13244.0,4427,3104.0
13245,13245.0,4427,4948.0
13246,13246.0,4427,3386.0
13247,13247.0,4428,4949.0
13248,13248.0,4428,4950.0
13249,13249.0,4428,4951.0
13250,13250.0,4429,197.0
13251,13251.0,4429,857.0
13252,13252.0,4429,456.0
13253,13253.0,4430,4952.0
13254,13254.0,4430,4953.0
13255,13255.0,4430,4954.0
13256,13256.0,4431,
13257,13257.0,4432,866.0
13258,13258.0,4432,2534.0
13259,13259.0,4432,4955.0
13260,13260.0,4433,2547.0
13261,13261.0,4433,32.0
13262,13262.0,4433,4956.0
13263,13263.0,4434,4957.0
13264,13264.0,4434,4958.0
13265,13265.0,4434,4959.0
13266,13266.0,4435,4960.0
13267,13267.0,4435,4961.0
13268,13268.0,4435,4962.0
13269,13269.0,4436,1072.0
13270,13270.0,4436,221.0
13271,13271.0,4436,2368.0
13272,13272.0,4437,1556.0
13273,13273.0,4437,2573.0
13274,13274.0,4437,4963.0
13275,13275.0,4438,4964.0
13276,13276.0,4438,4965.0
13277,13277.0,4438,4966.0
13278,13278.0,4439,433.0
13279,13279.0,4439,1904.0
13280,13280.0,4439,4967.0
13281,13281.0,4440,4491.0
13282,13282.0,4440,1062.0
13283,13283.0,4440,1853.0
13284,13284.0,4441,4968.0
13285,13285.0,4441,4969.0
13286,13286.0,4441,4970.0
13287,13287.0,4442,4632.0
13288,13288.0,4442,4971.0
13289,13289.0,4442,4972.0
13290,13290.0,4443,4973.0
13291,13291.0,4443,4974.0
13292,13292.0,4443,1212.0
13293,13293.0,4444,4975.0
13294,13294.0,4444,4976.0
13295,13295.0,4444,4977.0
13296,13296.0,4445,4189.0
13297,13297.0,4445,1432.0
13298,13298.0,4445,1278.0
13299,13299.0,4446,4978.0
13300,13300.0,4446,4979.0
13301,13301.0,4446,4980.0
13302,13302.0,4447,1353.0
13303,13303.0,4447,705.0
13304,13304.0,4447,337.0
13305,13305.0,4448,4981.0
13306,13306.0,4448,4982.0
13307,13307.0,4448,4983.0
13308,13308.0,4449,4984.0
13309,13309.0,4449,4985.0
13310,13310.0,4449,4986.0
13311,13311.0,4450,1229.0
13312,13312.0,4450,1939.0
13313,13313.0,4450,4987.0
13314,13314.0,4451,1832.0
13315,13315.0,4451,4988.0
13316,13316.0,4451,4989.0
13317,13317.0,4452,4990.0
13318,13318.0,4452,4991.0
13319,13319.0,4452,4992.0
13320,13320.0,4453,4993.0
13321,13321.0,4453,4994.0
13322,13322.0,4453,4995.0
13323,13323.0,4454,1684.0
13324,13324.0,4454,4996.0
13325,13325.0,4454,4997.0
13326,13326.0,4455,1303.0
13327,13327.0,4455,4998.0
13328,13328.0,4455,4999.0
13329,13329.0,4456,1993.0
13330,13330.0,4456,5000.0
13331,13331.0,4456,4967.0
13332,13332.0,4457,5001.0
13333,13333.0,4457,5002.0
13334,13334.0,4457,5003.0
13335,13335.0,4458,
13336,13336.0,4459,5004.0
13337,13337.0,4459,5005.0
13338,13338.0,4459,5006.0
13339,13339.0,4460,501.0
13340,13340.0,4460,1245.0
13341,13341.0,4460,5007.0
13342,13342.0,4461,413.0
13343,13343.0,4461,5008.0
13344,13344.0,4461,958.0
13345,13345.0,4462,5009.0
13346,13346.0,4462,5010.0
13347,13347.0,4462,5011.0
13348,13348.0,4463,5012.0
13349,13349.0,4463,5013.0
13350,13350.0,4463,5014.0
13351,13351.0,4464,5015.0
13352,13352.0,4464,5016.0
13353,13353.0,4464,5017.0
13354,13354.0,4465,5018.0
13355,13355.0,4465,5019.0
13356,13356.0,4465,4422.0
13357,13357.0,4466,5020.0
13358,13358.0,4466,5021.0
13359,13359.0,4466,5022.0
13360,13360.0,4467,231.0
13361,13361.0,4467,5023.0
13362,13362.0,4467,5024.0
13363,13363.0,4468,5025.0
13364,13364.0,4469,5026.0
13365,13365.0,4469,5027.0
13366,13366.0,4469,5028.0
13367,13367.0,4470,4616.0
13368,13368.0,4470,3648.0
13369,13369.0,4470,2448.0
13370,13370.0,4471,760.0
13371,13371.0,4471,5029.0
13372,13372.0,4472,4445.0
13373,13373.0,4472,5030.0
13374,13374.0,4472,5031.0
13375,13375.0,4473,1579.0
13376,13376.0,4473,5032.0
13377,13377.0,4473,1413.0
13378,13378.0,4474,3177.0
13379,13379.0,4474,5033.0
13380,13380.0,4474,5034.0
13381,13381.0,4475,5035.0
13382,13382.0,4475,5036.0
13383,13383.0,4475,5037.0
13384,13384.0,4476,5038.0
13385,13385.0,4476,5039.0
13386,13386.0,4476,5040.0
13387,13387.0,4477,1179.0
13388,13388.0,4477,5041.0
13389,13389.0,4477,3872.0
13390,13390.0,4478,5042.0
13391,13391.0,4478,5043.0
13392,13392.0,4478,5044.0
13393,13393.0,4479,3695.0
13394,13394.0,4479,5045.0
13395,13395.0,4479,5046.0
13396,13396.0,4480,5047.0
13397,13397.0,4480,5048.0
13398,13398.0,4480,5049.0
13399,13399.0,4481,5050.0
13400,13400.0,4481,5051.0
13401,13401.0,4481,5052.0
13402,13402.0,4482,1224.0
13403,13403.0,4482,5053.0
13404,13404.0,4482,620.0
13405,13405.0,4483,5054.0
13406,13406.0,4483,237.0
13407,13407.0,4483,3745.0
13408,13408.0,4484,5055.0
13409,13409.0,4484,5056.0
13410,13410.0,4484,4568.0
13411,13411.0,4485,989.0
13412,13412.0,4485,5057.0
13413,13413.0,4485,5058.0
13414,13414.0,4486,5059.0
13415,13415.0,4486,5060.0
13416,13416.0,4486,1043.0
13417,13417.0,4487,5061.0
13418,13418.0,4487,5062.0
13419,13419.0,4487,5063.0
13420,13420.0,4488,2134.0
13421,13421.0,4488,5064.0
13422,13422.0,4488,5065.0
13423,13423.0,4489,5066.0
13424,13424.0,4489,5067.0
13425,13425.0,4489,5068.0
13426,13426.0,4490,5069.0
13427,13427.0,4490,5070.0
13428,13428.0,4490,5071.0
13429,13429.0,4491,
13430,13430.0,4492,2208.0
13431,13431.0,4492,5072.0
13432,13432.0,4492,5073.0
13433,13433.0,4493,5074.0
13434,13434.0,4493,841.0
13435,13435.0,4493,4574.0
13436,13436.0,4494,5075.0
13437,13437.0,4494,5076.0
13438,13438.0,4494,1132.0
13439,13439.0,4495,5077.0
13440,13440.0,4495,5078.0
13441,13441.0,4495,5079.0
13442,13442.0,4496,5080.0
13443,13443.0,4496,5081.0
13444,13444.0,4496,5082.0
13445,13445.0,4497,5083.0
13446,13446.0,4497,5084.0
13447,13447.0,4497,5085.0
13448,13448.0,4498,5086.0
13449,13449.0,4498,5087.0
13450,13450.0,4498,5088.0
13451,13451.0,4499,4044.0
13452,13452.0,4499,5089.0
13453,13453.0,4499,5090.0
13454,13454.0,4500,5091.0
13455,13455.0,4500,5092.0
13456,13456.0,4500,5093.0
13457,13457.0,4501,4998.0
13458,13458.0,4501,2136.0
13459,13459.0,4501,5094.0
13460,13460.0,4502,988.0
13461,13461.0,4502,3761.0
13462,13462.0,4502,1687.0
13463,13463.0,4503,5095.0
13464,13464.0,4503,5096.0
13465,13465.0,4503,5097.0
13466,13466.0,4504,
13467,13467.0,4505,2025.0
13468,13468.0,4505,5098.0
13469,13469.0,4505,5099.0
13470,13470.0,4506,1885.0
13471,13471.0,4506,713.0
13472,13472.0,4506,5100.0
13473,13473.0,4507,5101.0
13474,13474.0,4507,5102.0
13475,13475.0,4507,5103.0
13476,13476.0,4508,
13477,13477.0,4509,478.0
13478,13478.0,4509,5104.0
13479,13479.0,4509,2393.0
13480,13480.0,4510,5105.0
13481,13481.0,4510,5106.0
13482,13482.0,4510,5107.0
13483,13483.0,4511,5108.0
13484,13484.0,4511,5109.0
13485,13485.0,4511,4380.0
13486,13486.0,4512,5110.0
13487,13487.0,4512,5111.0
13488,13488.0,4512,5112.0
13489,13489.0,4513,5113.0
13490,13490.0,4513,5114.0
13491,13491.0,4513,5115.0
13492,13492.0,4514,5116.0
13493,13493.0,4514,5117.0
13494,13494.0,4514,5118.0
13495,13495.0,4515,5119.0
13496,13496.0,4515,1319.0
13497,13497.0,4515,5120.0
13498,13498.0,4516,1523.0
13499,13499.0,4516,5121.0
13500,13500.0,4516,5122.0
13501,13501.0,4517,
13502,13502.0,4518,589.0
13503,13503.0,4518,1535.0
13504,13504.0,4518,5123.0
13505,13505.0,4519,4886.0
13506,13506.0,4519,5124.0
13507,13507.0,4519,5125.0
13508,13508.0,4520,5126.0
13509,13509.0,4520,5127.0
13510,13510.0,4520,5128.0
13511,13511.0,4521,5129.0
13512,13512.0,4521,5130.0
13513,13513.0,4521,5131.0
13514,13514.0,4522,5132.0
13515,13515.0,4522,5133.0
13516,13516.0,4522,5134.0
13517,13517.0,4523,5135.0
13518,13518.0,4523,5136.0
13519,13519.0,4523,5137.0
13520,13520.0,4524,5138.0
13521,13521.0,4524,5139.0
13522,13522.0,4524,5140.0
13523,13523.0,4525,5141.0
13524,13524.0,4525,5142.0
13525,13525.0,4525,5143.0
13526,13526.0,4526,4422.0
13527,13527.0,4527,5144.0
13528,13528.0,4527,5145.0
13529,13529.0,4527,5146.0
13530,13530.0,4528,818.0
13531,13531.0,4528,1973.0
13532,13532.0,4528,5147.0
13533,13533.0,4529,3741.0
13534,13534.0,4529,5148.0
13535,13535.0,4529,5149.0
13536,13536.0,4530,393.0
13537,13537.0,4530,5150.0
13538,13538.0,4530,5151.0
13539,13539.0,4531,3665.0
13540,13540.0,4531,3888.0
13541,13541.0,4531,4631.0
13542,13542.0,4532,627.0
13543,13543.0,4532,5152.0
13544,13544.0,4532,341.0
13545,13545.0,4533,93.0
13546,13546.0,4533,2448.0
13547,13547.0,4533,1693.0
13548,13548.0,4534,5153.0
13549,13549.0,4534,5154.0
13550,13550.0,4534,5155.0
13551,13551.0,4535,5156.0
13552,13552.0,4535,5157.0
13553,13553.0,4535,5158.0
13554,13554.0,4536,5159.0
13555,13555.0,4536,5160.0
13556,13556.0,4536,5161.0
13557,13557.0,4537,106.0
13558,13558.0,4537,5162.0
13559,13559.0,4537,497.0
13560,13560.0,4538,5163.0
13561,13561.0,4538,638.0
13562,13562.0,4538,5164.0
13563,13563.0,4539,5165.0
13564,13564.0,4539,5166.0
13565,13565.0,4539,5167.0
13566,13566.0,4540,5168.0
13567,13567.0,4540,5169.0
13568,13568.0,4541,989.0
13569,13569.0,4541,912.0
13570,13570.0,4541,2046.0
13571,13571.0,4542,5170.0
13572,13572.0,4542,1123.0
13573,13573.0,4542,5171.0
13574,13574.0,4543,5172.0
13575,13575.0,4543,2870.0
13576,13576.0,4543,432.0
13577,13577.0,4544,382.0
13578,13578.0,4544,5173.0
13579,13579.0,4544,5174.0
13580,13580.0,4545,5175.0
13581,13581.0,4545,5176.0
13582,13582.0,4545,5177.0
13583,13583.0,4546,4070.0
13584,13584.0,4546,5178.0
13585,13585.0,4546,5179.0
13586,13586.0,4547,5180.0
13587,13587.0,4547,5181.0
13588,13588.0,4547,4131.0
13589,13589.0,4548,722.0
13590,13590.0,4548,5182.0
13591,13591.0,4548,5183.0
13592,13592.0,4549,1225.0
13593,13593.0,4549,1365.0
13594,13594.0,4549,452.0
13595,13595.0,4550,
13596,13596.0,4551,361.0
13597,13597.0,4551,2415.0
13598,13598.0,4551,953.0
13599,13599.0,4552,5184.0
13600,13600.0,4552,5185.0
13601,13601.0,4552,5186.0
13602,13602.0,4553,
13603,13603.0,4554,5187.0
13604,13604.0,4554,5188.0
13605,13605.0,4554,5189.0
13606,13606.0,4555,5190.0
13607,13607.0,4555,1622.0
13608,13608.0,4555,1579.0
13609,13609.0,4556,5191.0
13610,13610.0,4556,5192.0
13611,13611.0,4556,5193.0
13612,13612.0,4557,5194.0
13613,13613.0,4557,5195.0
13614,13614.0,4557,5196.0
13615,13615.0,4558,5197.0
13616,13616.0,4558,1595.0
13617,13617.0,4558,5198.0
13618,13618.0,4559,5199.0
13619,13619.0,4559,5200.0
13620,13620.0,4559,5201.0
13621,13621.0,4560,5202.0
13622,13622.0,4560,5203.0
13623,13623.0,4560,5204.0
13624,13624.0,4561,5205.0
13625,13625.0,4561,5206.0
13626,13626.0,4561,5207.0
13627,13627.0,4562,
13628,13628.0,4563,5208.0
13629,13629.0,4563,5209.0
13630,13630.0,4563,5210.0
13631,13631.0,4564,
13632,13632.0,4565,3554.0
13633,13633.0,4565,5211.0
13634,13634.0,4565,5212.0
13635,13635.0,4566,
13636,13636.0,4567,272.0
13637,13637.0,4567,150.0
13638,13638.0,4567,5213.0
13639,13639.0,4568,5214.0
13640,13640.0,4568,5215.0
13641,13641.0,4568,5216.0
13642,13642.0,4569,5217.0
13643,13643.0,4569,5218.0
13644,13644.0,4569,5219.0
13645,13645.0,4570,5220.0
13646,13646.0,4570,5221.0
13647,13647.0,4570,5222.0
13648,13648.0,4571,
13649,13649.0,4572,5223.0
13650,13650.0,4572,5224.0
13651,13651.0,4572,5225.0
13652,13652.0,4573,5226.0
13653,13653.0,4573,5227.0
13654,13654.0,4573,5228.0
13655,13655.0,4574,5229.0
13656,13656.0,4574,5230.0
13657,13657.0,4575,934.0
13658,13658.0,4575,5231.0
13659,13659.0,4575,5232.0
13660,13660.0,4576,5233.0
13661,13661.0,4576,5234.0
13662,13662.0,4576,5235.0
13663,13663.0,4577,3627.0
13664,13664.0,4577,5236.0
13665,13665.0,4577,5237.0
13666,13666.0,4578,597.0
13667,13667.0,4578,5238.0
13668,13668.0,4578,4057.0
13669,13669.0,4579,5239.0
13670,13670.0,4579,678.0
13671,13671.0,4579,5240.0
13672,13672.0,4580,5241.0
13673,13673.0,4580,5242.0
13674,13674.0,4580,5243.0
13675,13675.0,4581,
13676,13676.0,4582,5244.0
13677,13677.0,4582,5245.0
13678,13678.0,4582,5246.0
13679,13679.0,4583,
13680,13680.0,4584,2725.0
13681,13681.0,4584,5247.0
13682,13682.0,4584,5248.0
13683,13683.0,4585,5249.0
13684,13684.0,4585,5250.0
13685,13685.0,4585,5251.0
13686,13686.0,4586,630.0
13687,13687.0,4586,196.0
13688,13688.0,4586,1942.0
13689,13689.0,4587,5252.0
13690,13690.0,4587,5253.0
13691,13691.0,4587,5254.0
13692,13692.0,4588,5255.0
13693,13693.0,4588,531.0
13694,13694.0,4588,5256.0
13695,13695.0,4589,
13696,13696.0,4590,1460.0
13697,13697.0,4590,5257.0
13698,13698.0,4590,5258.0
13699,13699.0,4591,5259.0
13700,13700.0,4591,5260.0
13701,13701.0,4591,5261.0
13702,13702.0,4592,5262.0
13703,13703.0,4592,5263.0
13704,13704.0,4592,5264.0
13705,13705.0,4593,2941.0
13706,13706.0,4593,5265.0
13707,13707.0,4593,5266.0
13708,13708.0,4594,5267.0
13709,13709.0,4594,5268.0
13710,13710.0,4594,5269.0
13711,13711.0,4595,2972.0
13712,13712.0,4595,5270.0
13713,13713.0,4595,5271.0
13714,13714.0,4596,337.0
13715,13715.0,4596,5272.0
13716,13716.0,4596,5273.0
13717,13717.0,4597,5274.0
13718,13718.0,4598,5275.0
13719,13719.0,4598,5276.0
13720,13720.0,4598,5277.0
13721,13721.0,4599,3772.0
13722,13722.0,4599,5049.0
13723,13723.0,4599,5278.0
13724,13724.0,4600,5279.0
13725,13725.0,4600,5280.0
13726,13726.0,4600,5281.0
13727,13727.0,4601,5282.0
13728,13728.0,4601,5283.0
13729,13729.0,4601,5284.0
13730,13730.0,4602,1238.0
13731,13731.0,4602,1956.0
13732,13732.0,4602,2223.0
13733,13733.0,4603,152.0
13734,13734.0,4603,3990.0
13735,13735.0,4603,2903.0
13736,13736.0,4604,3890.0
13737,13737.0,4604,4384.0
13738,13738.0,4604,5285.0
13739,13739.0,4605,5286.0
13740,13740.0,4605,5287.0
13741,13741.0,4605,5288.0
13742,13742.0,4606,2710.0
13743,13743.0,4607,2159.0
13744,13744.0,4607,5289.0
13745,13745.0,4607,5290.0
13746,13746.0,4608,659.0
13747,13747.0,4608,642.0
13748,13748.0,4608,1132.0
13749,13749.0,4609,5291.0
13750,13750.0,4609,3797.0
13751,13751.0,4609,5292.0
13752,13752.0,4610,751.0
13753,13753.0,4610,1271.0
13754,13754.0,4610,1535.0
13755,13755.0,4611,5293.0
13756,13756.0,4611,5294.0
13757,13757.0,4611,5295.0
13758,13758.0,4612,5296.0
13759,13759.0,4612,5297.0
13760,13760.0,4612,5298.0
13761,13761.0,4613,2787.0
13762,13762.0,4613,731.0
13763,13763.0,4613,5297.0
13764,13764.0,4614,4963.0
13765,13765.0,4614,606.0
13766,13766.0,4614,642.0
13767,13767.0,4615,4594.0
13768,13768.0,4615,5299.0
13769,13769.0,4615,5300.0
13770,13770.0,4616,
13771,13771.0,4617,
13772,13772.0,4618,5301.0
13773,13773.0,4618,5302.0
13774,13774.0,4618,5303.0
13775,13775.0,4619,472.0
13776,13776.0,4619,4846.0
13777,13777.0,4619,1029.0
13778,13778.0,4620,5304.0
13779,13779.0,4620,5305.0
13780,13780.0,4620,5306.0
13781,13781.0,4621,1333.0
13782,13782.0,4621,4044.0
13783,13783.0,4621,5307.0
13784,13784.0,4622,5308.0
13785,13785.0,4622,5309.0
13786,13786.0,4622,5309.0
13787,13787.0,4623,1060.0
13788,13788.0,4623,5310.0
13789,13789.0,4623,489.0
13790,13790.0,4624,2996.0
13791,13791.0,4624,5232.0
13792,13792.0,4624,5311.0
13793,13793.0,4625,5312.0
13794,13794.0,4625,5313.0
13795,13795.0,4625,5314.0
13796,13796.0,4626,5315.0
13797,13797.0,4626,5316.0
13798,13798.0,4626,2190.0
13799,13799.0,4627,5317.0
13800,13800.0,4627,5318.0
13801,13801.0,4627,5319.0
13802,13802.0,4628,5320.0
13803,13803.0,4628,5321.0
13804,13804.0,4628,5322.0
13805,13805.0,4629,5152.0
13806,13806.0,4629,2407.0
13807,13807.0,4629,2960.0
13808,13808.0,4630,5323.0
13809,13809.0,4630,5324.0
13810,13810.0,4630,5032.0
13811,13811.0,4631,27.0
13812,13812.0,4631,1100.0
13813,13813.0,4631,583.0
13814,13814.0,4632,497.0
13815,13815.0,4632,3530.0
13816,13816.0,4632,898.0
13817,13817.0,4633,
13818,13818.0,4634,5325.0
13819,13819.0,4634,5326.0
13820,13820.0,4634,638.0
13821,13821.0,4635,5327.0
13822,13822.0,4635,5328.0
13823,13823.0,4635,5329.0
13824,13824.0,4636,2153.0
13825,13825.0,4636,5330.0
13826,13826.0,4636,4114.0
13827,13827.0,4637,2174.0
13828,13828.0,4637,5331.0
13829,13829.0,4637,5332.0
13830,13830.0,4638,
13831,13831.0,4639,5333.0
13832,13832.0,4639,5334.0
13833,13833.0,4639,3928.0
13834,13834.0,4640,5335.0
13835,13835.0,4640,5336.0
13836,13836.0,4640,5337.0
13837,13837.0,4641,5338.0
13838,13838.0,4641,5339.0
13839,13839.0,4641,5340.0
13840,13840.0,4642,933.0
13841,13841.0,4642,4110.0
13842,13842.0,4642,850.0
13843,13843.0,4643,102.0
13844,13844.0,4643,2306.0
13845,13845.0,4643,148.0
13846,13846.0,4644,3975.0
13847,13847.0,4644,5341.0
13848,13848.0,4644,5342.0
13849,13849.0,4645,5343.0
13850,13850.0,4645,5313.0
13851,13851.0,4645,5344.0
13852,13852.0,4646,5345.0
13853,13853.0,4646,638.0
13854,13854.0,4646,5346.0
13855,13855.0,4647,1127.0
13856,13856.0,4647,5347.0
13857,13857.0,4647,5348.0
13858,13858.0,4648,5000.0
13859,13859.0,4648,5349.0
13860,13860.0,4648,5350.0
13861,13861.0,4649,38.0
13862,13862.0,4649,5351.0
13863,13863.0,4649,5352.0
13864,13864.0,4650,1743.0
13865,13865.0,4650,5353.0
13866,13866.0,4650,5354.0
13867,13867.0,4651,5355.0
13868,13868.0,4651,5356.0
13869,13869.0,4651,5357.0
13870,13870.0,4652,5358.0
13871,13871.0,4652,5359.0
13872,13872.0,4652,5360.0
13873,13873.0,4653,2955.0
13874,13874.0,4653,5361.0
13875,13875.0,4653,5362.0
13876,13876.0,4654,5363.0
13877,13877.0,4654,5364.0
13878,13878.0,4654,5365.0
13879,13879.0,4655,5203.0
13880,13880.0,4655,5366.0
13881,13881.0,4655,5367.0
13882,13882.0,4656,1161.0
13883,13883.0,4656,5368.0
13884,13884.0,4656,2034.0
13885,13885.0,4657,
13886,13886.0,4658,5369.0
13887,13887.0,4658,5370.0
13888,13888.0,4659,5371.0
13889,13889.0,4659,5372.0
13890,13890.0,4659,5373.0
13891,13891.0,4660,5374.0
13892,13892.0,4660,1310.0
13893,13893.0,4660,5375.0
13894,13894.0,4661,5376.0
13895,13895.0,4661,5377.0
13896,13896.0,4661,5378.0
13897,13897.0,4662,3402.0
13898,13898.0,4662,5379.0
13899,13899.0,4662,5380.0
13900,13900.0,4663,1529.0
13901,13901.0,4663,5381.0
13902,13902.0,4663,5382.0
13903,13903.0,4664,263.0
13904,13904.0,4664,5383.0
13905,13905.0,4664,5384.0
13906,13906.0,4665,5385.0
13907,13907.0,4665,5386.0
13908,13908.0,4665,5387.0
13909,13909.0,4666,5388.0
13910,13910.0,4666,5389.0
13911,13911.0,4666,5390.0
13912,13912.0,4667,2631.0
13913,13913.0,4667,5391.0
13914,13914.0,4667,5392.0
13915,13915.0,4668,5393.0
13916,13916.0,4668,5394.0
13917,13917.0,4668,5395.0
13918,13918.0,4669,5396.0
13919,13919.0,4669,5397.0
13920,13920.0,4669,5398.0
13921,13921.0,4670,320.0
13922,13922.0,4670,5399.0
13923,13923.0,4670,5400.0
13924,13924.0,4671,1525.0
13925,13925.0,4671,440.0
13926,13926.0,4671,1376.0
13927,13927.0,4672,895.0
13928,13928.0,4672,5401.0
13929,13929.0,4672,5402.0
13930,13930.0,4673,5403.0
13931,13931.0,4673,5404.0
13932,13932.0,4673,5405.0
13933,13933.0,4674,
13934,13934.0,4675,5406.0
13935,13935.0,4675,5407.0
13936,13936.0,4675,5408.0
13937,13937.0,4676,742.0
13938,13938.0,4676,5409.0
13939,13939.0,4676,5410.0
13940,13940.0,4677,5411.0
13941,13941.0,4677,5412.0
13942,13942.0,4677,5413.0
13943,13943.0,4678,4388.0
13944,13944.0,4678,5414.0
13945,13945.0,4678,5415.0
13946,13946.0,4679,
13947,13947.0,4680,5416.0
13948,13948.0,4680,5417.0
13949,13949.0,4680,5418.0
13950,13950.0,4681,5419.0
13951,13951.0,4681,5420.0
13952,13952.0,4681,5421.0
13953,13953.0,4682,5422.0
13954,13954.0,4682,1143.0
13955,13955.0,4682,5423.0
13956,13956.0,4683,5424.0
13957,13957.0,4683,5425.0
13958,13958.0,4683,4132.0
13959,13959.0,4684,5426.0
13960,13960.0,4684,5427.0
13961,13961.0,4684,5428.0
13962,13962.0,4685,
13963,13963.0,4686,5429.0
13964,13964.0,4686,5430.0
13965,13965.0,4686,5431.0
13966,13966.0,4687,5432.0
13967,13967.0,4687,1909.0
13968,13968.0,4687,5433.0
13969,13969.0,4688,5434.0
13970,13970.0,4688,4765.0
13971,13971.0,4688,3573.0
13972,13972.0,4689,
13973,13973.0,4690,736.0
13974,13974.0,4690,1124.0
13975,13975.0,4690,5435.0
13976,13976.0,4691,5436.0
13977,13977.0,4691,5437.0
13978,13978.0,4691,5438.0
13979,13979.0,4692,5439.0
13980,13980.0,4692,5440.0
13981,13981.0,4692,5441.0
13982,13982.0,4693,5442.0
13983,13983.0,4693,5443.0
13984,13984.0,4693,5444.0
13985,13985.0,4694,1016.0
13986,13986.0,4694,5445.0
13987,13987.0,4694,5446.0
13988,13988.0,4695,5447.0
13989,13989.0,4695,5448.0
13990,13990.0,4695,5449.0
13991,13991.0,4696,3954.0
13992,13992.0,4696,5450.0
13993,13993.0,4696,5451.0
13994,13994.0,4697,5452.0
13995,13995.0,4697,5453.0
13996,13996.0,4697,5454.0
13997,13997.0,4698,
13998,13998.0,4699,5455.0
13999,13999.0,4699,5456.0
14000,14000.0,4699,5457.0
14001,14001.0,4700,5458.0
14002,14002.0,4700,3482.0
14003,14003.0,4700,5459.0
14004,14004.0,4701,5460.0
14005,14005.0,4701,5461.0
14006,14006.0,4701,5462.0
14007,14007.0,4702,5463.0
14008,14008.0,4702,5464.0
14009,14009.0,4702,5465.0
14010,14010.0,4703,2462.0
14011,14011.0,4703,432.0
14012,14012.0,4703,5466.0
14013,14013.0,4704,5467.0
14014,14014.0,4704,5468.0
14015,14015.0,4704,5469.0
14016,14016.0,4705,1275.0
14017,14017.0,4705,5470.0
14018,14018.0,4705,5471.0
14019,14019.0,4706,5472.0
14020,14020.0,4706,5473.0
14021,14021.0,4706,5474.0
14022,14022.0,4707,3679.0
14023,14023.0,4707,4307.0
14024,14024.0,4707,5475.0
14025,14025.0,4708,5476.0
14026,14026.0,4708,5477.0
14027,14027.0,4708,5478.0
14028,14028.0,4709,5479.0
14029,14029.0,4709,5480.0
14030,14030.0,4709,5481.0
14031,14031.0,4710,
14032,14032.0,4711,5482.0
14033,14033.0,4711,5483.0
14034,14034.0,4711,5484.0
14035,14035.0,4712,
14036,14036.0,4713,2234.0
14037,14037.0,4713,5485.0
14038,14038.0,4713,5486.0
14039,14039.0,4714,5487.0
14040,14040.0,4714,5488.0
14041,14041.0,4714,5489.0
14042,14042.0,4715,3482.0
14043,14043.0,4715,5490.0
14044,14044.0,4715,5491.0
14045,14045.0,4716,
14046,14046.0,4717,3648.0
14047,14047.0,4717,169.0
14048,14048.0,4717,2886.0
14049,14049.0,4718,3928.0
14050,14050.0,4718,5492.0
14051,14051.0,4718,5493.0
14052,14052.0,4719,5494.0
14053,14053.0,4719,5495.0
14054,14054.0,4719,5496.0
14055,14055.0,4720,2594.0
14056,14056.0,4720,35.0
14057,14057.0,4720,5497.0
14058,14058.0,4721,4422.0
14059,14059.0,4721,5498.0
14060,14060.0,4721,5499.0
14061,14061.0,4722,5500.0
14062,14062.0,4722,4379.0
14063,14063.0,4722,5501.0
14064,14064.0,4723,5502.0
14065,14065.0,4723,5503.0
14066,14066.0,4723,5504.0
14067,14067.0,4724,5505.0
14068,14068.0,4724,5506.0
14069,14069.0,4724,5507.0
14070,14070.0,4725,5508.0
14071,14071.0,4725,5509.0
14072,14072.0,4725,5510.0
14073,14073.0,4726,387.0
14074,14074.0,4726,4866.0
14075,14075.0,4726,650.0
14076,14076.0,4727,5511.0
14077,14077.0,4727,5512.0
14078,14078.0,4727,5513.0
14079,14079.0,4728,5514.0
14080,14080.0,4728,5515.0
14081,14081.0,4728,5516.0
14082,14082.0,4729,5517.0
14083,14083.0,4729,5518.0
14084,14084.0,4729,5519.0
14085,14085.0,4730,5032.0
14086,14086.0,4730,2472.0
14087,14087.0,4730,1579.0
14088,14088.0,4731,5520.0
14089,14089.0,4731,5521.0
14090,14090.0,4731,5522.0
14091,14091.0,4732,879.0
14092,14092.0,4732,3134.0
14093,14093.0,4732,5523.0
14094,14094.0,4733,5524.0
14095,14095.0,4733,5525.0
14096,14096.0,4733,5526.0
14097,14097.0,4734,5527.0
14098,14098.0,4734,5528.0
14099,14099.0,4734,5529.0
14100,14100.0,4735,56.0
14101,14101.0,4735,5530.0
14102,14102.0,4735,5531.0
14103,14103.0,4736,5532.0
14104,14104.0,4736,5533.0
14105,14105.0,4736,5534.0
14106,14106.0,4737,
14107,14107.0,4738,5535.0
14108,14108.0,4738,5536.0
14109,14109.0,4738,5537.0
14110,14110.0,4739,5538.0
14111,14111.0,4739,5539.0
14112,14112.0,4739,5540.0
14113,14113.0,4740,5541.0
14114,14114.0,4740,677.0
14115,14115.0,4740,5542.0
14116,14116.0,4741,5543.0
14117,14117.0,4741,5544.0
14118,14118.0,4741,5545.0
14119,14119.0,4742,4546.0
14120,14120.0,4742,5546.0
14121,14121.0,4742,5547.0
14122,14122.0,4743,5548.0
14123,14123.0,4743,5549.0
14124,14124.0,4743,5550.0
14125,14125.0,4744,1693.0
14126,14126.0,4744,3720.0
14127,14127.0,4744,4980.0
14128,14128.0,4745,5551.0
14129,14129.0,4745,5552.0
14130,14130.0,4745,5553.0
14131,14131.0,4746,5554.0
14132,14132.0,4746,5555.0
14133,14133.0,4746,5556.0
14134,14134.0,4747,5557.0
14135,14135.0,4747,5558.0
14136,14136.0,4747,5559.0
14137,14137.0,4748,5560.0
14138,14138.0,4748,5561.0
14139,14139.0,4748,5562.0
14140,14140.0,4749,5563.0
14141,14141.0,4749,5564.0
14142,14142.0,4749,5565.0
14143,14143.0,4750,5566.0
14144,14144.0,4750,5567.0
14145,14145.0,4750,5568.0
14146,14146.0,4751,5569.0
14147,14147.0,4751,5570.0
14148,14148.0,4751,5571.0
14149,14149.0,4752,5572.0
14150,14150.0,4752,5573.0
14151,14151.0,4752,5574.0
14152,14152.0,4753,5575.0
14153,14153.0,4753,5576.0
14154,14154.0,4753,5577.0
14155,14155.0,4754,5578.0
14156,14156.0,4754,5579.0
14157,14157.0,4754,5580.0
14158,14158.0,4755,
14159,14159.0,4756,5581.0
14160,14160.0,4756,5582.0
14161,14161.0,4756,5583.0
14162,14162.0,4757,
14163,14163.0,4758,314.0
14164,14164.0,4758,3630.0
14165,14165.0,4758,5584.0
14166,14166.0,4759,5585.0
14167,14167.0,4759,5586.0
14168,14168.0,4759,5587.0
14169,14169.0,4760,5588.0
14170,14170.0,4760,5589.0
14171,14171.0,4760,5590.0
14172,14172.0,4761,3167.0
14173,14173.0,4761,5232.0
14174,14174.0,4761,5591.0
14175,14175.0,4762,5592.0
14176,14176.0,4762,5593.0
14177,14177.0,4762,5594.0
14178,14178.0,4763,5595.0
14179,14179.0,4763,5596.0
14180,14180.0,4763,5597.0
14181,14181.0,4764,3316.0
14182,14182.0,4764,5598.0
14183,14183.0,4764,5599.0
14184,14184.0,4765,5600.0
14185,14185.0,4765,5601.0
14186,14186.0,4765,5602.0
14187,14187.0,4766,5603.0
14188,14188.0,4766,5604.0
14189,14189.0,4766,2565.0
14190,14190.0,4767,5605.0
14191,14191.0,4767,5606.0
14192,14192.0,4767,5607.0
14193,14193.0,4768,5608.0
14194,14194.0,4768,5609.0
14195,14195.0,4768,5610.0
14196,14196.0,4769,5611.0
14197,14197.0,4769,5612.0
14198,14198.0,4769,5613.0
14199,14199.0,4770,5614.0
14200,14200.0,4770,5615.0
14201,14201.0,4770,5616.0
14202,14202.0,4771,5617.0
14203,14203.0,4771,5618.0
14204,14204.0,4771,5619.0
14205,14205.0,4772,5620.0
14206,14206.0,4772,5621.0
14207,14207.0,4772,5622.0
14208,14208.0,4773,3651.0
14209,14209.0,4773,3652.0
14210,14210.0,4773,2095.0
14211,14211.0,4774,5623.0
14212,14212.0,4774,5624.0
14213,14213.0,4774,5625.0
14214,14214.0,4775,5626.0
14215,14215.0,4775,5627.0
14216,14216.0,4775,5628.0
14217,14217.0,4776,150.0
14218,14218.0,4776,5629.0
14219,14219.0,4776,5630.0
14220,14220.0,4777,5631.0
14221,14221.0,4777,5632.0
14222,14222.0,4777,5633.0
14223,14223.0,4778,5634.0
14224,14224.0,4778,5635.0
14225,14225.0,4778,5636.0
14226,14226.0,4779,5637.0
14227,14227.0,4779,5638.0
14228,14228.0,4780,5639.0
14229,14229.0,4780,5640.0
14230,14230.0,4780,5641.0
14231,14231.0,4781,5642.0
14232,14232.0,4781,5643.0
14233,14233.0,4781,5644.0
14234,14234.0,4782,4379.0
14235,14235.0,4783,1074.0
14236,14236.0,4783,5645.0
14237,14237.0,4783,5646.0
14238,14238.0,4784,3648.0
14239,14239.0,4784,5647.0
14240,14240.0,4784,5648.0
14241,14241.0,4785,5649.0
14242,14242.0,4785,5650.0
14243,14243.0,4785,5651.0
14244,14244.0,4786,5652.0
14245,14245.0,4786,5653.0
14246,14246.0,4786,5654.0
14247,14247.0,4787,5548.0
14248,14248.0,4787,1833.0
14249,14249.0,4787,1739.0
14250,14250.0,4788,5655.0
14251,14251.0,4788,5656.0
14252,14252.0,4788,5657.0
14253,14253.0,4789,1316.0
14254,14254.0,4789,560.0
14255,14255.0,4789,5658.0
14256,14256.0,4790,5659.0
14257,14257.0,4790,5660.0
14258,14258.0,4790,5661.0
14259,14259.0,4791,5662.0
14260,14260.0,4791,5663.0
14261,14261.0,4791,5664.0
14262,14262.0,4792,5665.0
14263,14263.0,4792,5666.0
14264,14264.0,4792,5667.0
14265,14265.0,4793,5668.0
14266,14266.0,4793,5669.0
14267,14267.0,4793,5670.0
14268,14268.0,4794,5671.0
14269,14269.0,4794,5672.0
14270,14270.0,4794,5673.0
14271,14271.0,4795,5674.0
14272,14272.0,4795,5675.0
14273,14273.0,4795,5676.0
14274,14274.0,4796,5677.0
14275,14275.0,4796,5678.0
14276,14276.0,4796,5679.0
14277,14277.0,4797,
14278,14278.0,4798,5680.0
14279,14279.0,4798,5681.0
14280,14280.0,4798,5682.0
14281,14281.0,4799,1312.0
14282,14282.0,4799,5683.0
14283,14283.0,4799,5684.0
14284,14284.0,4800,1539.0
14285,14285.0,4800,4757.0
14286,14286.0,4800,5685.0
14287,14287.0,4801,202.0
14288,14288.0,4801,5686.0
14289,14289.0,4801,615.0
14290,14290.0,4802,405.0
14291,14291.0,4802,5687.0
14292,14292.0,4802,3250.0
14293,0.0,4804,5689.0
0,,0,9.0
