,movie_id,genre_id
0,0,0.0
1,0,1.0
2,0,2.0
3,1,1.0
4,1,2.0
5,1,0.0
6,2,0.0
7,2,1.0
8,2,3.0
9,3,0.0
10,3,3.0
11,3,4.0
12,4,0.0
13,4,1.0
14,4,5.0
15,5,2.0
16,5,0.0
17,5,1.0
18,6,6.0
19,6,7.0
20,7,0.0
21,7,1.0
22,7,5.0
23,8,1.0
24,8,2.0
25,8,7.0
26,9,0.0
27,9,1.0
28,9,2.0
29,10,1.0
30,10,2.0
31,10,0.0
32,11,1.0
33,11,0.0
34,11,8.0
35,12,1.0
36,12,2.0
37,12,0.0
38,13,0.0
39,13,1.0
40,13,9.0
41,14,0.0
42,14,1.0
43,14,2.0
44,15,1.0
45,15,7.0
46,15,2.0
47,16,5.0
48,16,0.0
49,16,1.0
50,17,1.0
51,17,0.0
52,17,2.0
53,18,0.0
54,18,10.0
55,18,5.0
56,19,0.0
57,19,1.0
58,19,2.0
59,20,0.0
60,20,1.0
61,20,2.0
62,21,0.0
63,21,1.0
64,22,1.0
65,22,2.0
66,23,1.0
67,23,2.0
68,24,1.0
69,24,4.0
70,24,0.0
71,25,4.0
72,25,11.0
73,25,8.0
74,26,1.0
75,26,0.0
76,26,5.0
77,27,8.0
78,27,0.0
79,27,1.0
80,28,0.0
81,28,1.0
82,28,5.0
83,29,0.0
84,29,1.0
85,29,8.0
86,30,0.0
87,30,1.0
88,30,2.0
89,31,0.0
90,31,1.0
91,31,5.0
92,32,7.0
93,32,2.0
94,32,1.0
95,33,1.0
96,33,0.0
97,33,5.0
98,34,6.0
99,34,7.0
100,35,5.0
101,35,0.0
102,35,1.0
103,36,5.0
104,36,0.0
105,36,1.0
106,37,2.0
107,37,1.0
108,37,7.0
109,38,0.0
110,38,1.0
111,38,2.0
112,39,1.0
113,39,0.0
114,39,5.0
115,40,6.0
116,40,7.0
117,40,1.0
118,41,1.0
119,41,0.0
120,41,8.0
121,42,6.0
122,42,7.0
123,42,10.0
124,43,0.0
125,43,5.0
126,43,8.0
127,44,0.0
128,45,0.0
129,45,4.0
130,45,12.0
131,46,0.0
132,46,1.0
133,46,2.0
134,47,0.0
135,47,1.0
136,47,5.0
137,48,0.0
138,48,7.0
139,48,2.0
140,49,4.0
141,49,11.0
142,50,1.0
143,50,2.0
144,50,0.0
145,51,0.0
146,51,5.0
147,51,1.0
148,52,0.0
149,52,5.0
150,52,1.0
151,53,1.0
152,53,0.0
153,54,1.0
154,54,6.0
155,54,7.0
156,55,6.0
157,55,1.0
158,55,10.0
159,56,0.0
160,56,1.0
161,56,5.0
162,57,6.0
163,57,7.0
164,58,0.0
165,58,10.0
166,58,3.0
167,59,0.0
168,59,1.0
169,59,5.0
170,60,6.0
171,60,4.0
172,61,5.0
173,61,2.0
174,61,0.0
175,62,0.0
176,62,1.0
177,63,1.0
178,63,7.0
179,63,2.0
180,64,5.0
181,65,4.0
182,65,0.0
183,65,3.0
184,66,6.0
185,66,10.0
186,66,7.0
187,67,6.0
188,67,7.0
189,67,1.0
190,68,0.0
191,68,5.0
192,68,1.0
193,69,1.0
194,69,4.0
195,69,7.0
196,70,0.0
197,70,1.0
198,70,10.0
199,71,1.0
200,71,0.0
201,71,2.0
202,72,0.0
203,72,1.0
204,72,3.0
205,73,2.0
206,73,10.0
207,73,7.0
208,74,0.0
209,74,5.0
210,75,1.0
211,75,0.0
212,76,1.0
213,76,0.0
214,76,8.0
215,77,4.0
216,77,10.0
217,77,6.0
218,78,7.0
219,78,1.0
220,78,4.0
221,79,1.0
222,79,0.0
223,79,5.0
224,80,1.0
225,80,2.0
226,80,4.0
227,81,2.0
228,81,1.0
229,81,0.0
230,82,5.0
231,82,0.0
232,82,4.0
233,83,0.0
234,83,1.0
235,83,5.0
236,84,4.0
237,84,0.0
238,84,1.0
239,85,0.0
240,85,1.0
241,85,5.0
242,86,10.0
243,86,1.0
244,86,2.0
245,87,1.0
246,87,7.0
247,87,13.0
248,88,1.0
249,88,7.0
250,88,6.0
251,89,7.0
252,89,6.0
253,89,10.0
254,90,1.0
255,90,6.0
256,90,7.0
257,91,0.0
258,91,1.0
259,91,5.0
260,92,2.0
261,92,1.0
262,92,6.0
263,93,0.0
264,93,8.0
265,93,5.0
266,94,0.0
267,94,5.0
268,94,1.0
269,95,1.0
270,95,4.0
271,95,5.0
272,96,0.0
273,96,8.0
274,96,5.0
275,97,0.0
276,97,1.0
277,97,4.0
278,98,1.0
279,98,2.0
280,98,0.0
281,99,0.0
282,99,3.0
283,99,8.0
284,100,2.0
285,100,4.0
286,100,8.0
287,101,0.0
288,101,5.0
289,101,1.0
290,102,0.0
291,102,1.0
292,102,5.0
293,103,2.0
294,103,1.0
295,103,0.0
296,104,1.0
297,104,0.0
298,104,4.0
299,105,2.0
300,106,2.0
301,106,1.0
302,106,6.0
303,107,0.0
304,107,1.0
305,107,2.0
306,108,5.0
307,108,0.0
308,108,8.0
309,109,1.0
310,109,7.0
311,109,2.0
312,110,14.0
313,110,11.0
314,110,15.0
315,111,1.0
316,111,5.0
317,111,0.0
318,112,15.0
319,112,14.0
320,112,0.0
321,113,1.0
322,113,2.0
323,113,7.0
324,114,1.0
325,114,2.0
326,114,7.0
327,115,2.0
328,115,0.0
329,116,4.0
330,116,12.0
331,116,0.0
332,117,1.0
333,117,10.0
334,117,7.0
335,118,6.0
336,118,10.0
337,118,7.0
338,119,0.0
339,119,3.0
340,119,4.0
341,120,7.0
342,120,6.0
343,121,1.0
344,121,2.0
345,121,0.0
346,122,1.0
347,122,0.0
348,122,8.0
349,123,1.0
350,123,0.0
351,123,8.0
352,124,6.0
353,124,1.0
354,124,7.0
355,125,1.0
356,125,0.0
357,125,8.0
358,126,0.0
359,126,1.0
360,126,2.0
361,127,0.0
362,127,1.0
363,127,5.0
364,128,8.0
365,128,13.0
366,129,1.0
367,129,2.0
368,129,0.0
369,130,6.0
370,130,7.0
371,130,1.0
372,131,2.0
373,131,0.0
374,131,1.0
375,132,1.0
376,133,10.0
377,133,2.0
378,134,0.0
379,134,1.0
380,134,8.0
381,135,4.0
382,135,12.0
383,135,8.0
384,136,7.0
385,136,6.0
386,136,1.0
387,137,6.0
388,137,7.0
389,138,0.0
390,138,1.0
391,138,7.0
392,139,1.0
393,139,0.0
394,139,8.0
395,140,0.0
396,140,4.0
397,140,8.0
398,141,1.0
399,141,6.0
400,141,7.0
401,142,1.0
402,142,6.0
403,142,10.0
404,143,1.0
405,143,7.0
406,143,2.0
407,144,6.0
408,144,1.0
409,144,7.0
410,145,1.0
411,145,4.0
412,145,15.0
413,146,6.0
414,146,7.0
415,147,1.0
416,147,0.0
417,147,8.0
418,148,0.0
419,148,2.0
420,148,10.0
421,149,0.0
422,149,8.0
423,149,5.0
424,150,0.0
425,150,1.0
426,150,10.0
427,151,1.0
428,151,0.0
429,151,6.0
430,152,0.0
431,152,1.0
432,152,6.0
433,153,0.0
434,153,8.0
435,153,1.0
436,154,2.0
437,154,6.0
438,154,7.0
439,155,10.0
440,156,4.0
441,156,0.0
442,156,15.0
443,157,1.0
444,157,4.0
445,157,0.0
446,158,5.0
447,158,0.0
448,158,1.0
449,159,2.0
450,159,0.0
451,160,2.0
452,160,0.0
453,160,1.0
454,161,2.0
455,162,0.0
456,163,0.0
457,163,13.0
458,163,5.0
459,164,0.0
460,164,1.0
461,164,10.0
462,165,4.0
463,165,0.0
464,165,5.0
465,166,1.0
466,166,0.0
467,166,5.0
468,167,0.0
469,167,1.0
470,167,10.0
471,168,1.0
472,168,0.0
473,168,6.0
474,169,0.0
475,169,1.0
476,169,5.0
477,170,1.0
478,170,0.0
479,170,8.0
480,171,1.0
481,172,1.0
482,172,2.0
483,172,4.0
484,173,6.0
485,173,10.0
486,173,7.0
487,174,5.0
488,174,0.0
489,174,1.0
490,175,1.0
491,175,7.0
492,175,2.0
493,176,9.0
494,176,4.0
495,176,1.0
496,177,6.0
497,177,7.0
498,178,6.0
499,178,10.0
500,178,7.0
501,179,7.0
502,179,6.0
503,179,1.0
504,180,0.0
505,180,4.0
506,180,13.0
507,181,1.0
508,181,6.0
509,181,7.0
510,182,5.0
511,182,0.0
512,182,1.0
513,183,1.0
514,183,0.0
515,183,5.0
516,184,2.0
517,184,10.0
518,184,6.0
519,185,1.0
520,185,8.0
521,185,5.0
522,186,1.0
523,186,0.0
524,186,10.0
525,187,0.0
526,187,1.0
527,187,6.0
528,188,0.0
529,188,13.0
530,188,8.0
531,189,4.0
532,189,1.0
533,190,1.0
534,190,6.0
535,190,13.0
536,191,1.0
537,191,2.0
538,191,7.0
539,192,4.0
540,193,5.0
541,193,0.0
542,193,1.0
543,194,6.0
544,194,7.0
545,195,1.0
546,195,10.0
547,195,2.0
548,196,6.0
549,196,0.0
550,196,10.0
551,197,1.0
552,197,2.0
553,197,7.0
554,198,2.0
555,198,0.0
556,198,10.0
557,199,1.0
558,199,2.0
559,199,0.0
560,200,5.0
561,200,1.0
562,200,8.0
563,201,8.0
564,201,13.0
565,202,6.0
566,202,1.0
567,202,10.0
568,203,1.0
569,203,0.0
570,203,5.0
571,204,0.0
572,204,8.0
573,204,3.0
574,205,1.0
575,205,0.0
576,205,3.0
577,206,1.0
578,206,2.0
579,206,0.0
580,207,0.0
581,207,1.0
582,207,5.0
583,208,1.0
584,208,2.0
585,208,0.0
586,209,0.0
587,209,8.0
588,210,0.0
589,210,3.0
590,210,2.0
591,211,7.0
592,211,10.0
593,211,2.0
594,212,0.0
595,212,1.0
596,212,5.0
597,213,1.0
598,213,0.0
599,213,8.0
600,214,4.0
601,215,1.0
602,215,2.0
603,215,0.0
604,216,1.0
605,216,4.0
606,216,0.0
607,217,8.0
608,217,0.0
609,217,2.0
610,218,0.0
611,218,8.0
612,219,0.0
613,219,1.0
614,219,10.0
615,220,5.0
616,220,1.0
617,220,13.0
618,221,7.0
619,221,1.0
620,221,6.0
621,222,5.0
622,222,0.0
623,222,4.0
624,223,0.0
625,223,5.0
626,224,0.0
627,224,5.0
628,225,0.0
629,225,7.0
630,225,5.0
631,226,10.0
632,226,4.0
633,226,11.0
634,227,0.0
635,227,10.0
636,228,0.0
637,228,5.0
638,228,1.0
639,229,5.0
640,229,1.0
641,229,0.0
642,230,1.0
643,230,0.0
644,230,5.0
645,231,6.0
646,231,10.0
647,231,7.0
648,232,0.0
649,232,5.0
650,232,1.0
651,233,1.0
652,233,0.0
653,233,5.0
654,234,1.0
655,234,6.0
656,234,10.0
657,235,2.0
658,235,1.0
659,235,10.0
660,236,4.0
661,236,0.0
662,236,14.0
663,237,0.0
664,237,1.0
665,237,4.0
666,238,5.0
667,238,0.0
668,238,1.0
669,239,5.0
670,239,8.0
671,239,4.0
672,240,0.0
673,240,1.0
674,240,8.0
675,241,2.0
676,241,0.0
677,241,1.0
678,242,0.0
679,242,1.0
680,242,5.0
681,243,0.0
682,243,1.0
683,243,10.0
684,244,0.0
685,244,4.0
686,244,8.0
687,245,1.0
688,245,0.0
689,245,8.0
690,246,4.0
691,246,14.0
692,246,15.0
693,247,8.0
694,247,3.0
695,248,0.0
696,248,10.0
697,248,4.0
698,249,1.0
699,249,5.0
700,249,8.0
701,250,4.0
702,251,10.0
703,252,0.0
704,252,3.0
705,252,10.0
706,253,0.0
707,253,15.0
708,254,6.0
709,254,7.0
710,254,1.0
711,255,6.0
712,255,7.0
713,256,1.0
714,256,5.0
715,257,0.0
716,257,5.0
717,257,4.0
718,258,2.0
719,258,7.0
720,258,10.0
721,259,0.0
722,259,1.0
723,259,8.0
724,260,5.0
725,260,0.0
726,260,1.0
727,261,0.0
728,261,8.0
729,262,1.0
730,262,2.0
731,262,0.0
732,263,0.0
733,263,1.0
734,263,10.0
735,264,4.0
736,265,10.0
737,265,2.0
738,265,7.0
739,266,0.0
740,266,5.0
741,267,4.0
742,267,0.0
743,267,1.0
744,268,6.0
745,268,2.0
746,268,7.0
747,269,11.0
748,269,7.0
749,269,6.0
750,270,4.0
751,270,1.0
752,270,5.0
753,271,0.0
754,271,8.0
755,271,5.0
756,272,10.0
757,272,11.0
758,273,0.0
759,273,3.0
760,273,8.0
761,274,0.0
762,274,4.0
763,274,1.0
764,275,0.0
765,275,8.0
766,275,5.0
767,276,1.0
768,276,2.0
769,276,7.0
770,277,1.0
771,277,0.0
772,277,8.0
773,278,8.0
774,278,5.0
775,278,0.0
776,279,0.0
777,279,8.0
778,279,5.0
779,280,14.0
780,280,3.0
781,280,4.0
782,281,4.0
783,281,3.0
784,282,0.0
785,282,8.0
786,283,8.0
787,283,4.0
788,283,3.0
789,284,10.0
790,284,11.0
791,285,0.0
792,285,10.0
793,285,3.0
794,286,0.0
795,286,4.0
796,286,13.0
797,287,4.0
798,287,9.0
799,288,4.0
800,288,6.0
801,288,7.0
802,289,1.0
803,289,6.0
804,289,10.0
805,290,0.0
806,290,1.0
807,290,8.0
808,291,1.0
809,291,0.0
810,291,8.0
811,292,2.0
812,292,0.0
813,292,1.0
814,293,7.0
815,293,2.0
816,294,6.0
817,294,1.0
818,294,7.0
819,295,0.0
820,295,8.0
821,295,11.0
822,296,0.0
823,296,2.0
824,296,12.0
825,297,4.0
826,297,8.0
827,297,0.0
828,298,3.0
829,298,4.0
830,298,10.0
831,299,0.0
832,299,3.0
833,299,2.0
834,300,1.0
835,300,0.0
836,300,8.0
837,301,4.0
838,301,5.0
839,302,6.0
840,302,1.0
841,302,7.0
842,303,0.0
843,303,3.0
844,304,0.0
845,304,1.0
846,305,1.0
847,305,6.0
848,305,7.0
849,306,1.0
850,306,10.0
851,306,5.0
852,307,0.0
853,307,1.0
854,307,8.0
855,308,0.0
856,308,3.0
857,308,8.0
858,309,2.0
859,309,10.0
860,309,7.0
861,310,8.0
862,310,4.0
863,310,1.0
864,311,0.0
865,311,10.0
866,311,5.0
867,312,15.0
868,312,0.0
869,312,1.0
870,313,6.0
871,314,3.0
872,314,4.0
873,314,13.0
874,315,1.0
875,315,0.0
876,315,2.0
877,316,4.0
878,316,14.0
879,316,3.0
880,317,4.0
881,317,14.0
882,317,15.0
883,318,6.0
884,318,10.0
885,318,7.0
886,319,0.0
887,319,10.0
888,319,5.0
889,320,0.0
890,320,14.0
891,320,15.0
892,321,10.0
893,322,1.0
894,322,2.0
895,322,0.0
896,323,10.0
897,323,4.0
898,323,11.0
899,324,1.0
900,324,6.0
901,324,10.0
902,325,6.0
903,325,10.0
904,325,1.0
905,326,11.0
906,326,2.0
907,326,7.0
908,327,2.0
909,327,4.0
910,328,6.0
911,328,7.0
912,329,1.0
913,329,2.0
914,329,0.0
915,330,1.0
916,330,2.0
917,330,0.0
918,331,1.0
919,331,2.0
920,332,1.0
921,332,2.0
922,332,0.0
923,333,8.0
924,333,5.0
925,333,4.0
926,334,1.0
927,334,0.0
928,334,8.0
929,335,8.0
930,335,0.0
931,335,4.0
932,336,1.0
933,336,7.0
934,336,2.0
935,337,0.0
936,337,8.0
937,338,9.0
938,338,14.0
939,338,15.0
940,339,0.0
941,339,1.0
942,339,6.0
943,340,0.0
944,340,1.0
945,341,1.0
946,341,2.0
947,341,7.0
948,342,0.0
949,342,1.0
950,342,10.0
951,343,6.0
952,343,10.0
953,343,7.0
954,344,0.0
955,344,8.0
956,345,0.0
957,345,10.0
958,345,3.0
959,346,4.0
960,346,12.0
961,346,13.0
962,347,6.0
963,347,10.0
964,347,7.0
965,348,6.0
966,348,10.0
967,348,7.0
968,349,1.0
969,349,10.0
970,349,4.0
971,350,0.0
972,350,1.0
973,350,10.0
974,351,4.0
975,351,8.0
976,351,3.0
977,352,6.0
978,352,7.0
979,352,1.0
980,353,0.0
981,353,10.0
982,354,8.0
983,354,3.0
984,354,13.0
985,355,0.0
986,355,8.0
987,356,0.0
988,356,1.0
989,356,3.0
990,357,4.0
991,358,6.0
992,358,7.0
993,358,1.0
994,359,1.0
995,359,6.0
996,359,10.0
997,360,4.0
998,360,8.0
999,360,14.0
1000,361,10.0
1001,361,0.0
1002,362,0.0
1003,362,10.0
1004,362,5.0
1005,363,4.0
1006,363,5.0
1007,363,1.0
1008,364,8.0
1009,364,2.0
1010,364,10.0
1011,365,4.0
1012,365,5.0
1013,365,13.0
1014,366,0.0
1015,366,5.0
1016,366,8.0
1017,367,3.0
1018,367,8.0
1019,368,1.0
1020,368,7.0
1021,368,2.0
1022,369,0.0
1023,369,1.0
1024,369,2.0
1025,370,0.0
1026,370,1.0
1027,370,10.0
1028,371,8.0
1029,371,0.0
1030,371,11.0
1031,372,0.0
1032,372,3.0
1033,372,8.0
1034,373,5.0
1035,374,6.0
1036,374,1.0
1037,374,10.0
1038,375,10.0
1039,375,5.0
1040,376,5.0
1041,376,0.0
1042,376,4.0
1043,377,3.0
1044,377,8.0
1045,377,4.0
1046,378,4.0
1047,378,14.0
1048,378,8.0
1049,379,1.0
1050,379,2.0
1051,379,0.0
1052,380,11.0
1053,380,4.0
1054,380,14.0
1055,381,2.0
1056,381,0.0
1057,381,7.0
1058,382,4.0
1059,382,14.0
1060,383,0.0
1061,383,1.0
1062,383,4.0
1063,384,1.0
1064,384,4.0
1065,385,6.0
1066,385,10.0
1067,386,0.0
1068,386,4.0
1069,386,8.0
1070,387,0.0
1071,387,8.0
1072,388,8.0
1073,388,3.0
1074,389,1.0
1075,389,0.0
1076,389,8.0
1077,390,6.0
1078,390,10.0
1079,390,7.0
1080,391,10.0
1081,391,7.0
1082,391,2.0
1083,392,0.0
1084,392,8.0
1085,393,10.0
1086,393,7.0
1087,394,0.0
1088,394,10.0
1089,395,10.0
1090,395,11.0
1091,396,0.0
1092,396,4.0
1093,396,8.0
1094,397,10.0
1095,397,11.0
1096,398,3.0
1097,398,8.0
1098,399,1.0
1099,399,6.0
1100,399,7.0
1101,400,1.0
1102,400,0.0
1103,400,5.0
1104,401,15.0
1105,402,1.0
1106,402,0.0
1107,402,10.0
1108,403,1.0
1109,403,2.0
1110,403,0.0
1111,404,4.0
1112,404,14.0
1113,404,11.0
1114,405,0.0
1115,405,3.0
1116,405,4.0
1117,406,4.0
1118,406,6.0
1119,406,7.0
1120,407,2.0
1121,407,4.0
1122,407,13.0
1123,408,0.0
1124,408,8.0
1125,408,4.0
1126,409,4.0
1127,409,16.0
1128,410,1.0
1129,410,2.0
1130,410,4.0
1131,411,0.0
1132,411,1.0
1133,411,10.0
1134,412,0.0
1135,412,8.0
1136,412,1.0
1137,413,2.0
1138,413,10.0
1139,413,11.0
1140,414,13.0
1141,414,1.0
1142,414,10.0
1143,415,0.0
1144,415,5.0
1145,416,10.0
1146,416,4.0
1147,416,2.0
1148,417,12.0
1149,417,10.0
1150,417,2.0
1151,418,10.0
1152,418,7.0
1153,419,1.0
1154,419,2.0
1155,419,5.0
1156,420,1.0
1157,420,2.0
1158,420,5.0
1159,421,3.0
1160,421,4.0
1161,421,13.0
1162,422,5.0
1163,423,2.0
1164,423,10.0
1165,424,8.0
1166,424,1.0
1167,424,0.0
1168,425,1.0
1169,425,0.0
1170,425,8.0
1171,426,5.0
1172,426,1.0
1173,426,2.0
1174,427,10.0
1175,428,0.0
1176,428,2.0
1177,429,10.0
1178,429,6.0
1179,429,7.0
1180,430,6.0
1181,430,7.0
1182,431,10.0
1183,431,7.0
1184,431,2.0
1185,432,0.0
1186,432,4.0
1187,432,11.0
1188,433,0.0
1189,433,10.0
1190,433,3.0
1191,434,10.0
1192,434,4.0
1193,435,10.0
1194,435,2.0
1195,435,7.0
1196,436,10.0
1197,437,0.0
1198,437,10.0
1199,437,8.0
1200,438,4.0
1201,438,10.0
1202,438,11.0
1203,439,4.0
1204,439,8.0
1205,439,13.0
1206,440,10.0
1207,440,11.0
1208,440,4.0
1209,441,6.0
1210,441,10.0
1211,441,7.0
1212,442,0.0
1213,442,3.0
1214,442,5.0
1215,443,2.0
1216,443,10.0
1217,443,7.0
1218,444,8.0
1219,444,3.0
1220,444,4.0
1221,445,11.0
1222,445,10.0
1223,446,0.0
1224,446,8.0
1225,446,3.0
1226,447,13.0
1227,447,8.0
1228,447,0.0
1229,448,4.0
1230,449,0.0
1231,449,8.0
1232,449,5.0
1233,450,10.0
1234,450,7.0
1235,450,5.0
1236,451,12.0
1237,451,8.0
1238,451,2.0
1239,452,6.0
1240,452,10.0
1241,452,4.0
1242,453,0.0
1243,453,10.0
1244,453,3.0
1245,454,4.0
1246,454,5.0
1247,454,8.0
1248,455,0.0
1249,455,4.0
1250,455,13.0
1251,456,15.0
1252,456,4.0
1253,456,0.0
1254,457,0.0
1255,457,1.0
1256,457,10.0
1257,458,10.0
1258,458,7.0
1259,458,6.0
1260,459,9.0
1261,459,6.0
1262,459,1.0
1263,460,10.0
1264,460,11.0
1265,460,7.0
1266,461,1.0
1267,461,7.0
1268,461,5.0
1269,462,4.0
1270,462,8.0
1271,462,13.0
1272,463,11.0
1273,463,4.0
1274,464,6.0
1275,464,10.0
1276,464,7.0
1277,465,6.0
1278,465,7.0
1279,465,16.0
1280,466,5.0
1281,466,1.0
1282,466,0.0
1283,467,0.0
1284,467,1.0
1285,467,7.0
1286,468,0.0
1287,468,3.0
1288,468,8.0
1289,469,0.0
1290,469,1.0
1291,470,4.0
1292,470,2.0
1293,470,11.0
1294,471,10.0
1295,471,2.0
1296,471,11.0
1297,472,1.0
1298,472,2.0
1299,472,0.0
1300,473,10.0
1301,473,2.0
1302,473,5.0
1303,474,13.0
1304,474,4.0
1305,474,12.0
1306,475,0.0
1307,475,1.0
1308,475,4.0
1309,476,0.0
1310,476,5.0
1311,476,8.0
1312,477,4.0
1313,477,8.0
1314,478,0.0
1315,478,1.0
1316,478,8.0
1317,479,6.0
1318,479,7.0
1319,479,1.0
1320,480,0.0
1321,480,5.0
1322,480,15.0
1323,481,6.0
1324,481,10.0
1325,481,7.0
1326,482,4.0
1327,482,16.0
1328,482,11.0
1329,483,0.0
1330,483,1.0
1331,483,5.0
1332,484,4.0
1333,484,1.0
1334,485,1.0
1335,485,10.0
1336,485,4.0
1337,486,2.0
1338,486,0.0
1339,486,1.0
1340,487,8.0
1341,487,0.0
1342,487,5.0
1343,488,1.0
1344,488,2.0
1345,488,6.0
1346,489,17.0
1347,489,7.0
1348,490,8.0
1349,490,5.0
1350,490,1.0
1351,491,0.0
1352,491,1.0
1353,491,14.0
1354,492,10.0
1355,492,6.0
1356,493,4.0
1357,493,11.0
1358,494,7.0
1359,494,6.0
1360,494,4.0
1361,495,1.0
1362,495,0.0
1363,495,5.0
1364,496,6.0
1365,496,7.0
1366,496,10.0
1367,497,3.0
1368,497,8.0
1369,497,12.0
1370,498,9.0
1371,498,1.0
1372,499,10.0
1373,500,0.0
1374,500,3.0
1375,500,8.0
1376,501,1.0
1377,501,6.0
1378,501,2.0
1379,502,5.0
1380,502,8.0
1381,503,0.0
1382,503,1.0
1383,503,6.0
1384,504,6.0
1385,504,7.0
1386,505,2.0
1387,505,0.0
1388,505,8.0
1389,506,6.0
1390,506,10.0
1391,506,7.0
1392,507,0.0
1393,507,1.0
1394,507,5.0
1395,508,1.0
1396,508,0.0
1397,508,5.0
1398,509,7.0
1399,509,6.0
1400,510,4.0
1401,510,0.0
1402,510,8.0
1403,511,1.0
1404,511,0.0
1405,511,5.0
1406,512,0.0
1407,512,8.0
1408,512,3.0
1409,513,0.0
1410,513,1.0
1411,513,8.0
1412,514,6.0
1413,514,7.0
1414,514,10.0
1415,515,10.0
1416,515,11.0
1417,516,7.0
1418,516,10.0
1419,516,16.0
1420,517,12.0
1421,517,13.0
1422,517,8.0
1423,518,0.0
1424,518,1.0
1425,518,10.0
1426,519,8.0
1427,519,3.0
1428,520,10.0
1429,521,10.0
1430,521,4.0
1431,522,10.0
1432,522,7.0
1433,523,0.0
1434,523,1.0
1435,523,8.0
1436,524,10.0
1437,524,4.0
1438,524,14.0
1439,525,6.0
1440,525,0.0
1441,525,10.0
1442,526,4.0
1443,527,10.0
1444,527,3.0
1445,528,4.0
1446,528,0.0
1447,528,14.0
1448,529,0.0
1449,529,4.0
1450,529,15.0
1451,530,0.0
1452,530,10.0
1453,530,8.0
1454,531,10.0
1455,531,0.0
1456,531,1.0
1457,532,10.0
1458,533,6.0
1459,533,10.0
1460,533,7.0
1461,534,0.0
1462,534,10.0
1463,534,3.0
1464,535,0.0
1465,535,1.0
1466,535,4.0
1467,536,4.0
1468,536,14.0
1469,536,11.0
1470,537,2.0
1471,537,0.0
1472,537,4.0
1473,538,13.0
1474,538,4.0
1475,538,8.0
1476,539,6.0
1477,539,0.0
1478,539,5.0
1479,540,0.0
1480,540,1.0
1481,540,10.0
1482,541,0.0
1483,541,15.0
1484,541,5.0
1485,542,0.0
1486,542,4.0
1487,542,12.0
1488,543,1.0
1489,543,2.0
1490,543,6.0
1491,544,0.0
1492,544,1.0
1493,544,4.0
1494,545,5.0
1495,545,8.0
1496,545,4.0
1497,546,7.0
1498,546,6.0
1499,546,1.0
1500,547,0.0
1501,547,2.0
1502,547,8.0
1503,548,3.0
1504,548,13.0
1505,549,5.0
1506,550,7.0
1507,550,6.0
1508,551,11.0
1509,551,10.0
1510,551,1.0
1511,552,10.0
1512,552,4.0
1513,553,8.0
1514,553,0.0
1515,553,4.0
1516,554,10.0
1517,555,10.0
1518,555,7.0
1519,555,11.0
1520,556,0.0
1521,556,4.0
1522,556,14.0
1523,557,4.0
1524,557,15.0
1525,558,6.0
1526,558,10.0
1527,558,7.0
1528,559,4.0
1529,559,11.0
1530,560,0.0
1531,561,1.0
1532,561,4.0
1533,561,7.0
1534,562,4.0
1535,562,13.0
1536,562,8.0
1537,563,10.0
1538,563,7.0
1539,563,2.0
1540,564,4.0
1541,564,8.0
1542,564,5.0
1543,565,1.0
1544,565,6.0
1545,565,10.0
1546,566,6.0
1547,566,1.0
1548,566,10.0
1549,567,10.0
1550,567,11.0
1551,568,0.0
1552,568,1.0
1553,568,8.0
1554,569,6.0
1555,569,1.0
1556,569,10.0
1557,570,0.0
1558,570,8.0
1559,571,4.0
1560,571,0.0
1561,571,8.0
1562,572,1.0
1563,572,2.0
1564,572,10.0
1565,573,0.0
1566,573,8.0
1567,574,0.0
1568,574,8.0
1569,574,3.0
1570,575,4.0
1571,575,13.0
1572,575,11.0
1573,576,4.0
1574,576,8.0
1575,576,2.0
1576,577,1.0
1577,577,5.0
1578,577,0.0
1579,578,10.0
1580,578,7.0
1581,578,6.0
1582,579,0.0
1583,579,14.0
1584,579,15.0
1585,580,0.0
1586,580,8.0
1587,581,5.0
1588,581,0.0
1589,581,1.0
1590,582,0.0
1591,582,5.0
1592,583,1.0
1593,583,2.0
1594,583,4.0
1595,584,2.0
1596,585,4.0
1597,585,15.0
1598,586,15.0
1599,586,4.0
1600,586,14.0
1601,587,1.0
1602,587,0.0
1603,587,8.0
1604,588,4.0
1605,588,3.0
1606,589,12.0
1607,589,0.0
1608,589,4.0
1609,590,4.0
1610,590,0.0
1611,590,8.0
1612,591,1.0
1613,591,2.0
1614,591,11.0
1615,592,1.0
1616,592,4.0
1617,592,14.0
1618,593,10.0
1619,593,4.0
1620,594,0.0
1621,594,1.0
1622,594,10.0
1623,595,1.0
1624,595,0.0
1625,595,12.0
1626,596,0.0
1627,596,1.0
1628,596,10.0
1629,597,2.0
1630,597,0.0
1631,597,12.0
1632,598,10.0
1633,598,4.0
1634,598,16.0
1635,599,4.0
1636,599,15.0
1637,600,0.0
1638,600,1.0
1639,600,8.0
1640,601,0.0
1641,601,5.0
1642,601,8.0
1643,602,0.0
1644,602,1.0
1645,602,8.0
1646,603,8.0
1647,604,1.0
1648,604,6.0
1649,604,0.0
1650,605,6.0
1651,605,16.0
1652,605,7.0
1653,606,3.0
1654,606,4.0
1655,606,13.0
1656,607,13.0
1657,607,0.0
1658,607,8.0
1659,608,3.0
1660,608,13.0
1661,608,8.0
1662,609,0.0
1663,609,8.0
1664,610,0.0
1665,610,1.0
1666,611,8.0
1667,611,0.0
1668,611,4.0
1669,612,1.0
1670,612,2.0
1671,612,4.0
1672,613,0.0
1673,613,3.0
1674,613,8.0
1675,614,6.0
1676,614,7.0
1677,615,0.0
1678,615,10.0
1679,615,3.0
1680,616,10.0
1681,617,1.0
1682,617,4.0
1683,617,14.0
1684,618,1.0
1685,618,2.0
1686,618,0.0
1687,619,10.0
1688,620,4.0
1689,620,8.0
1690,621,0.0
1691,621,4.0
1692,621,14.0
1693,622,0.0
1694,622,4.0
1695,622,8.0
1696,623,10.0
1697,624,0.0
1698,624,2.0
1699,624,12.0
1700,625,11.0
1701,625,4.0
1702,625,13.0
1703,626,13.0
1704,626,5.0
1705,626,8.0
1706,627,0.0
1707,627,1.0
1708,627,2.0
1709,628,4.0
1710,628,14.0
1711,628,15.0
1712,629,0.0
1713,629,3.0
1714,629,4.0
1715,630,10.0
1716,630,11.0
1717,631,6.0
1718,631,10.0
1719,631,7.0
1720,632,4.0
1721,632,12.0
1722,632,5.0
1723,633,14.0
1724,633,4.0
1725,634,0.0
1726,634,5.0
1727,635,4.0
1728,636,2.0
1729,636,10.0
1730,636,7.0
1731,637,4.0
1732,637,16.0
1733,637,11.0
1734,638,10.0
1735,638,11.0
1736,639,10.0
1737,640,0.0
1738,640,1.0
1739,641,10.0
1740,641,4.0
1741,642,4.0
1742,642,15.0
1743,643,0.0
1744,643,1.0
1745,643,8.0
1746,644,0.0
1747,644,1.0
1748,644,8.0
1749,645,0.0
1750,645,1.0
1751,645,4.0
1752,646,2.0
1753,646,10.0
1754,646,7.0
1755,647,4.0
1756,647,14.0
1757,647,8.0
1758,648,4.0
1759,648,11.0
1760,649,10.0
1761,650,13.0
1762,650,4.0
1763,651,10.0
1764,651,4.0
1765,651,7.0
1766,652,11.0
1767,652,10.0
1768,652,3.0
1769,653,0.0
1770,653,10.0
1771,653,11.0
1772,654,5.0
1773,654,0.0
1774,654,12.0
1775,655,0.0
1776,655,8.0
1777,656,10.0
1778,656,4.0
1779,657,0.0
1780,657,12.0
1781,657,5.0
1782,658,0.0
1783,658,8.0
1784,658,5.0
1785,659,3.0
1786,659,0.0
1787,659,13.0
1788,660,0.0
1789,660,1.0
1790,660,4.0
1791,661,7.0
1792,661,2.0
1793,661,5.0
1794,662,4.0
1795,663,4.0
1796,664,0.0
1797,664,1.0
1798,664,10.0
1799,665,0.0
1800,665,1.0
1801,665,10.0
1802,666,12.0
1803,666,8.0
1804,667,3.0
1805,667,4.0
1806,667,7.0
1807,668,0.0
1808,668,2.0
1809,669,3.0
1810,669,8.0
1811,670,4.0
1812,670,11.0
1813,671,1.0
1814,671,4.0
1815,672,3.0
1816,672,2.0
1817,672,4.0
1818,673,10.0
1819,673,3.0
1820,673,5.0
1821,674,6.0
1822,674,0.0
1823,674,7.0
1824,675,1.0
1825,675,5.0
1826,676,4.0
1827,676,0.0
1828,676,9.0
1829,677,0.0
1830,677,4.0
1831,677,8.0
1832,678,0.0
1833,678,4.0
1834,678,1.0
1835,679,10.0
1836,679,3.0
1837,680,0.0
1838,680,4.0
1839,680,8.0
1840,681,10.0
1841,681,4.0
1842,681,11.0
1843,682,10.0
1844,682,11.0
1845,683,0.0
1846,683,1.0
1847,683,10.0
1848,684,3.0
1849,684,4.0
1850,684,13.0
1851,685,0.0
1852,685,10.0
1853,685,4.0
1854,686,6.0
1855,686,10.0
1856,686,7.0
1857,687,0.0
1858,687,1.0
1859,687,15.0
1860,688,10.0
1861,688,11.0
1862,689,10.0
1863,689,7.0
1864,690,2.0
1865,690,4.0
1866,690,3.0
1867,691,0.0
1868,691,1.0
1869,691,10.0
1870,692,6.0
1871,692,7.0
1872,692,10.0
1873,693,13.0
1874,693,8.0
1875,693,4.0
1876,694,0.0
1877,694,4.0
1878,694,13.0
1879,695,1.0
1880,695,0.0
1881,695,8.0
1882,696,3.0
1883,696,4.0
1884,696,13.0
1885,697,10.0
1886,697,4.0
1887,698,1.0
1888,698,6.0
1889,698,4.0
1890,699,10.0
1891,699,7.0
1892,700,0.0
1893,700,10.0
1894,700,3.0
1895,701,10.0
1896,701,7.0
1897,702,0.0
1898,702,3.0
1899,703,11.0
1900,703,10.0
1901,704,1.0
1902,704,6.0
1903,704,10.0
1904,705,10.0
1905,705,11.0
1906,706,1.0
1907,707,10.0
1908,708,0.0
1909,709,4.0
1910,710,10.0
1911,710,4.0
1912,710,11.0
1913,711,0.0
1914,711,1.0
1915,711,10.0
1916,712,4.0
1917,713,4.0
1918,713,11.0
1919,714,4.0
1920,714,3.0
1921,714,8.0
1922,715,0.0
1923,715,2.0
1924,715,1.0
1925,716,4.0
1926,716,0.0
1927,716,8.0
1928,717,3.0
1929,717,4.0
1930,717,8.0
1931,718,0.0
1932,718,5.0
1933,718,8.0
1934,719,16.0
1935,719,17.0
1936,720,4.0
1937,720,8.0
1938,720,5.0
1939,721,10.0
1940,721,1.0
1941,721,3.0
1942,722,6.0
1943,722,7.0
1944,723,8.0
1945,723,5.0
1946,724,0.0
1947,724,4.0
1948,724,8.0
1949,725,10.0
1950,725,7.0
1951,726,10.0
1952,726,3.0
1953,727,7.0
1954,727,10.0
1955,728,2.0
1956,728,0.0
1957,728,5.0
1958,729,4.0
1959,730,7.0
1960,730,6.0
1961,730,1.0
1962,731,0.0
1963,731,8.0
1964,731,1.0
1965,732,0.0
1966,732,1.0
1967,732,13.0
1968,733,4.0
1969,733,11.0
1970,734,1.0
1971,734,6.0
1972,734,7.0
1973,735,8.0
1974,735,0.0
1975,735,10.0
1976,736,0.0
1977,736,8.0
1978,737,0.0
1979,737,4.0
1980,737,8.0
1981,738,4.0
1982,738,10.0
1983,739,0.0
1984,739,3.0
1985,739,8.0
1986,740,5.0
1987,740,12.0
1988,740,0.0
1989,741,0.0
1990,741,4.0
1991,741,13.0
1992,742,6.0
1993,742,10.0
1994,742,7.0
1995,743,4.0
1996,743,2.0
1997,743,10.0
1998,744,1.0
1999,744,6.0
2000,744,10.0
2001,745,0.0
2002,745,10.0
2003,746,1.0
2004,746,0.0
2005,746,2.0
2006,747,3.0
2007,747,4.0
2008,747,0.0
2009,748,10.0
2010,748,1.0
2011,749,4.0
2012,749,14.0
2013,750,0.0
2014,751,11.0
2015,751,10.0
2016,751,3.0
2017,752,10.0
2018,752,4.0
2019,752,7.0
2020,753,0.0
2021,753,8.0
2022,753,3.0
2023,754,5.0
2024,754,6.0
2025,754,7.0
2026,755,5.0
2027,755,0.0
2028,755,1.0
2029,756,3.0
2030,756,10.0
2031,756,11.0
2032,757,4.0
2033,757,11.0
2034,758,3.0
2035,758,4.0
2036,758,13.0
2037,759,12.0
2038,759,13.0
2039,759,8.0
2040,760,10.0
2041,760,3.0
2042,761,0.0
2043,761,3.0
2044,761,4.0
2045,762,0.0
2046,762,3.0
2047,762,4.0
2048,763,4.0
2049,764,2.0
2050,764,4.0
2051,765,4.0
2052,765,16.0
2053,766,6.0
2054,766,10.0
2055,766,7.0
2056,767,0.0
2057,767,1.0
2058,767,3.0
2059,768,0.0
2060,768,5.0
2061,768,2.0
2062,769,7.0
2063,769,6.0
2064,769,1.0
2065,770,12.0
2066,770,5.0
2067,770,13.0
2068,771,4.0
2069,772,4.0
2070,773,0.0
2071,773,1.0
2072,773,4.0
2073,774,0.0
2074,774,4.0
2075,774,8.0
2076,775,12.0
2077,775,5.0
2078,775,8.0
2079,776,4.0
2080,776,2.0
2081,776,13.0
2082,777,0.0
2083,777,1.0
2084,777,4.0
2085,778,10.0
2086,778,5.0
2087,778,1.0
2088,779,4.0
2089,779,12.0
2090,779,8.0
2091,780,10.0
2092,781,1.0
2093,781,7.0
2094,781,2.0
2095,782,0.0
2096,782,10.0
2097,782,8.0
2098,783,10.0
2099,783,1.0
2100,784,1.0
2101,784,2.0
2102,784,0.0
2103,785,4.0
2104,785,11.0
2105,785,1.0
2106,786,0.0
2107,786,1.0
2108,786,2.0
2109,787,0.0
2110,787,14.0
2111,787,15.0
2112,788,0.0
2113,788,1.0
2114,788,10.0
2115,789,4.0
2116,789,10.0
2117,790,15.0
2118,790,0.0
2119,791,1.0
2120,791,12.0
2121,791,10.0
2122,792,10.0
2123,792,2.0
2124,792,11.0
2125,793,5.0
2126,793,10.0
2127,793,7.0
2128,794,0.0
2129,794,1.0
2130,794,8.0
2131,795,10.0
2132,795,11.0
2133,795,4.0
2134,796,10.0
2135,796,9.0
2136,797,10.0
2137,798,10.0
2138,799,0.0
2139,799,1.0
2140,799,12.0
2141,800,4.0
2142,800,0.0
2143,800,1.0
2144,801,4.0
2145,801,12.0
2146,801,13.0
2147,802,10.0
2148,803,2.0
2149,804,0.0
2150,804,10.0
2151,804,3.0
2152,805,0.0
2153,805,2.0
2154,805,8.0
2155,806,4.0
2156,806,14.0
2157,806,11.0
2158,807,0.0
2159,807,10.0
2160,807,4.0
2161,808,1.0
2162,808,4.0
2163,808,0.0
2164,809,10.0
2165,809,4.0
2166,809,11.0
2167,810,10.0
2168,810,16.0
2169,810,7.0
2170,811,10.0
2171,811,11.0
2172,812,1.0
2173,812,6.0
2174,812,4.0
2175,813,0.0
2176,813,1.0
2177,813,2.0
2178,814,2.0
2179,814,10.0
2180,814,11.0
2181,815,10.0
2182,815,4.0
2183,815,11.0
2184,816,1.0
2185,816,10.0
2186,816,7.0
2187,817,10.0
2188,817,11.0
2189,818,0.0
2190,818,4.0
2191,818,8.0
2192,819,10.0
2193,820,2.0
2194,820,10.0
2195,820,7.0
2196,821,8.0
2197,821,0.0
2198,821,3.0
2199,822,10.0
2200,822,4.0
2201,822,11.0
2202,823,0.0
2203,823,8.0
2204,823,4.0
2205,824,4.0
2206,825,8.0
2207,825,4.0
2208,825,13.0
2209,826,4.0
2210,826,8.0
2211,826,3.0
2212,827,4.0
2213,827,2.0
2214,827,11.0
2215,828,0.0
2216,828,3.0
2217,829,10.0
2218,830,0.0
2219,830,3.0
2220,830,8.0
2221,831,0.0
2222,831,1.0
2223,831,10.0
2224,832,2.0
2225,832,10.0
2226,833,1.0
2227,833,0.0
2228,833,10.0
2229,834,0.0
2230,834,1.0
2231,834,4.0
2232,835,10.0
2233,835,7.0
2234,836,0.0
2235,836,1.0
2236,836,2.0
2237,837,6.0
2238,837,10.0
2239,837,7.0
2240,838,5.0
2241,838,0.0
2242,838,12.0
2243,839,14.0
2244,839,4.0
2245,839,16.0
2246,840,0.0
2247,840,8.0
2248,840,3.0
2249,841,1.0
2250,842,7.0
2251,842,10.0
2252,843,10.0
2253,844,4.0
2254,844,0.0
2255,844,8.0
2256,845,4.0
2257,845,13.0
2258,845,8.0
2259,846,10.0
2260,847,10.0
2261,848,6.0
2262,848,1.0
2263,848,7.0
2264,849,3.0
2265,849,4.0
2266,849,13.0
2267,850,0.0
2268,850,4.0
2269,850,5.0
2270,851,4.0
2271,851,13.0
2272,851,8.0
2273,852,8.0
2274,852,4.0
2275,852,11.0
2276,853,4.0
2277,853,14.0
2278,853,11.0
2279,854,0.0
2280,854,5.0
2281,855,4.0
2282,855,14.0
2283,855,15.0
2284,856,0.0
2285,856,8.0
2286,856,3.0
2287,857,10.0
2288,858,10.0
2289,858,1.0
2290,858,3.0
2291,859,0.0
2292,859,1.0
2293,859,10.0
2294,860,4.0
2295,860,11.0
2296,861,4.0
2297,862,4.0
2298,862,11.0
2299,863,0.0
2300,863,8.0
2301,864,2.0
2302,864,12.0
2303,864,0.0
2304,865,4.0
2305,866,0.0
2306,866,3.0
2307,866,8.0
2308,867,3.0
2309,867,4.0
2310,867,8.0
2311,868,10.0
2312,868,4.0
2313,868,11.0
2314,869,10.0
2315,869,11.0
2316,870,0.0
2317,870,1.0
2318,870,2.0
2319,871,4.0
2320,872,4.0
2321,872,8.0
2322,873,0.0
2323,873,1.0
2324,873,3.0
2325,874,6.0
2326,874,7.0
2327,875,4.0
2328,875,16.0
2329,875,11.0
2330,876,13.0
2331,876,8.0
2332,876,3.0
2333,877,3.0
2334,877,4.0
2335,878,15.0
2336,878,4.0
2337,878,14.0
2338,879,4.0
2339,879,3.0
2340,879,8.0
2341,880,8.0
2342,880,0.0
2343,880,12.0
2344,881,4.0
2345,881,8.0
2346,882,4.0
2347,882,11.0
2348,883,4.0
2349,883,3.0
2350,884,8.0
2351,884,4.0
2352,884,14.0
2353,885,11.0
2354,885,10.0
2355,886,10.0
2356,886,11.0
2357,887,10.0
2358,887,11.0
2359,888,0.0
2360,888,1.0
2361,888,10.0
2362,889,4.0
2363,889,14.0
2364,889,15.0
2365,890,10.0
2366,891,10.0
2367,891,4.0
2368,891,11.0
2369,892,4.0
2370,892,3.0
2371,893,0.0
2372,893,3.0
2373,893,8.0
2374,894,0.0
2375,894,10.0
2376,894,2.0
2377,895,10.0
2378,896,6.0
2379,896,10.0
2380,896,7.0
2381,897,10.0
2382,897,7.0
2383,898,1.0
2384,898,2.0
2385,898,4.0
2386,899,1.0
2387,899,6.0
2388,899,10.0
2389,900,5.0
2390,900,8.0
2391,900,11.0
2392,901,1.0
2393,902,10.0
2394,902,4.0
2395,902,11.0
2396,903,10.0
2397,903,2.0
2398,904,10.0
2399,904,11.0
2400,905,10.0
2401,905,4.0
2402,906,10.0
2403,907,10.0
2404,907,11.0
2405,908,8.0
2406,908,5.0
2407,908,13.0
2408,909,4.0
2409,910,10.0
2410,910,11.0
2411,911,3.0
2412,911,10.0
2413,911,0.0
2414,912,12.0
2415,912,11.0
2416,913,10.0
2417,914,0.0
2418,914,10.0
2419,915,4.0
2420,915,11.0
2421,916,10.0
2422,917,2.0
2423,917,10.0
2424,917,16.0
2425,918,3.0
2426,918,4.0
2427,918,8.0
2428,919,4.0
2429,919,0.0
2430,919,8.0
2431,920,0.0
2432,920,1.0
2433,920,4.0
2434,921,4.0
2435,921,10.0
2436,921,7.0
2437,922,0.0
2438,922,1.0
2439,922,4.0
2440,923,10.0
2441,924,4.0
2442,924,12.0
2443,924,8.0
2444,925,10.0
2445,925,4.0
2446,925,11.0
2447,926,6.0
2448,926,10.0
2449,926,7.0
2450,927,10.0
2451,927,7.0
2452,928,4.0
2453,929,0.0
2454,929,4.0
2455,929,5.0
2456,930,0.0
2457,930,8.0
2458,930,13.0
2459,931,1.0
2460,931,7.0
2461,931,2.0
2462,932,0.0
2463,932,8.0
2464,932,2.0
2465,933,0.0
2466,933,1.0
2467,933,10.0
2468,934,1.0
2469,934,6.0
2470,934,10.0
2471,935,10.0
2472,935,7.0
2473,935,1.0
2474,936,8.0
2475,937,2.0
2476,937,12.0
2477,937,0.0
2478,938,8.0
2479,938,4.0
2480,939,0.0
2481,939,8.0
2482,939,5.0
2483,940,4.0
2484,940,8.0
2485,941,0.0
2486,941,4.0
2487,941,14.0
2488,942,11.0
2489,942,6.0
2490,942,1.0
2491,943,8.0
2492,944,3.0
2493,944,4.0
2494,944,8.0
2495,945,0.0
2496,945,4.0
2497,946,4.0
2498,946,8.0
2499,946,13.0
2500,947,12.0
2501,947,13.0
2502,948,10.0
2503,949,10.0
2504,950,0.0
2505,950,1.0
2506,950,3.0
2507,951,0.0
2508,951,8.0
2509,952,0.0
2510,952,10.0
2511,952,3.0
2512,953,10.0
2513,953,12.0
2514,953,2.0
2515,954,4.0
2516,955,0.0
2517,955,8.0
2518,956,12.0
2519,956,0.0
2520,956,5.0
2521,957,10.0
2522,957,11.0
2523,958,8.0
2524,958,3.0
2525,958,4.0
2526,959,0.0
2527,959,8.0
2528,960,1.0
2529,960,7.0
2530,960,5.0
2531,961,4.0
2532,961,1.0
2533,961,11.0
2534,962,4.0
2535,962,10.0
2536,962,11.0
2537,963,0.0
2538,963,3.0
2539,963,8.0
2540,964,4.0
2541,964,11.0
2542,965,4.0
2543,965,8.0
2544,965,3.0
2545,966,7.0
2546,966,10.0
2547,967,4.0
2548,967,2.0
2549,968,3.0
2550,968,4.0
2551,968,8.0
2552,969,0.0
2553,969,1.0
2554,969,3.0
2555,970,3.0
2556,970,4.0
2557,970,8.0
2558,971,10.0
2559,971,4.0
2560,971,11.0
2561,972,0.0
2562,972,1.0
2563,972,11.0
2564,973,0.0
2565,973,4.0
2566,973,13.0
2567,974,3.0
2568,974,4.0
2569,974,13.0
2570,975,4.0
2571,975,8.0
2572,975,3.0
2573,976,0.0
2574,976,1.0
2575,976,5.0
2576,977,1.0
2577,977,6.0
2578,977,7.0
2579,978,1.0
2580,978,10.0
2581,978,4.0
2582,979,15.0
2583,979,0.0
2584,979,4.0
2585,980,4.0
2586,980,8.0
2587,980,3.0
2588,981,10.0
2589,981,0.0
2590,982,0.0
2591,982,3.0
2592,982,4.0
2593,983,8.0
2594,983,3.0
2595,983,13.0
2596,984,0.0
2597,984,8.0
2598,984,1.0
2599,985,1.0
2600,985,4.0
2601,985,0.0
2602,986,10.0
2603,987,4.0
2604,987,8.0
2605,987,13.0
2606,988,0.0
2607,988,4.0
2608,988,8.0
2609,989,0.0
2610,989,1.0
2611,989,10.0
2612,990,4.0
2613,990,14.0
2614,990,11.0
2615,991,4.0
2616,991,8.0
2617,992,0.0
2618,992,3.0
2619,993,0.0
2620,993,8.0
2621,993,13.0
2622,994,0.0
2623,994,8.0
2624,994,5.0
2625,995,2.0
2626,995,4.0
2627,995,11.0
2628,996,10.0
2629,996,3.0
2630,996,4.0
2631,997,10.0
2632,998,10.0
2633,998,3.0
2634,999,10.0
2635,999,4.0
2636,999,11.0
2637,1000,2.0
2638,1000,8.0
2639,1000,0.0
2640,1001,0.0
2641,1001,1.0
2642,1001,5.0
2643,1002,0.0
2644,1002,5.0
2645,1002,8.0
2646,1003,0.0
2647,1003,10.0
2648,1003,8.0
2649,1004,4.0
2650,1004,10.0
2651,1005,8.0
2652,1005,4.0
2653,1005,3.0
2654,1006,1.0
2655,1006,0.0
2656,1007,4.0
2657,1007,11.0
2658,1008,3.0
2659,1008,0.0
2660,1008,5.0
2661,1009,4.0
2662,1009,13.0
2663,1009,8.0
2664,1010,3.0
2665,1010,4.0
2666,1010,8.0
2667,1011,12.0
2668,1012,0.0
2669,1012,1.0
2670,1012,10.0
2671,1013,3.0
2672,1013,8.0
2673,1014,1.0
2674,1014,10.0
2675,1015,4.0
2676,1015,5.0
2677,1016,10.0
2678,1016,2.0
2679,1016,11.0
2680,1017,2.0
2681,1017,10.0
2682,1017,11.0
2683,1018,16.0
2684,1018,4.0
2685,1018,3.0
2686,1019,9.0
2687,1020,8.0
2688,1020,0.0
2689,1021,11.0
2690,1021,10.0
2691,1021,3.0
2692,1022,10.0
2693,1022,4.0
2694,1022,8.0
2695,1023,4.0
2696,1024,1.0
2697,1024,0.0
2698,1024,10.0
2699,1025,4.0
2700,1025,3.0
2701,1025,11.0
2702,1026,10.0
2703,1026,4.0
2704,1026,11.0
2705,1027,0.0
2706,1027,1.0
2707,1027,8.0
2708,1028,4.0
2709,1028,5.0
2710,1028,1.0
2711,1029,6.0
2712,1029,10.0
2713,1029,7.0
2714,1030,4.0
2715,1030,12.0
2716,1030,8.0
2717,1031,10.0
2718,1031,11.0
2719,1032,10.0
2720,1032,11.0
2721,1033,3.0
2722,1033,13.0
2723,1033,8.0
2724,1034,5.0
2725,1034,0.0
2726,1034,1.0
2727,1035,0.0
2728,1035,9.0
2729,1035,4.0
2730,1036,4.0
2731,1036,8.0
2732,1036,13.0
2733,1037,10.0
2734,1038,3.0
2735,1038,4.0
2736,1038,8.0
2737,1039,4.0
2738,1039,14.0
2739,1039,15.0
2740,1040,2.0
2741,1040,10.0
2742,1040,7.0
2743,1041,0.0
2744,1041,3.0
2745,1041,8.0
2746,1042,10.0
2747,1043,10.0
2748,1043,3.0
2749,1043,0.0
2750,1044,0.0
2751,1044,5.0
2752,1044,1.0
2753,1045,10.0
2754,1045,4.0
2755,1045,7.0
2756,1046,4.0
2757,1046,13.0
2758,1046,8.0
2759,1047,4.0
2760,1047,8.0
2761,1047,3.0
2762,1048,4.0
2763,1048,10.0
2764,1049,4.0
2765,1049,0.0
2766,1049,8.0
2767,1050,11.0
2768,1050,10.0
2769,1051,4.0
2770,1051,8.0
2771,1051,3.0
2772,1052,0.0
2773,1052,3.0
2774,1052,4.0
2775,1053,10.0
2776,1053,7.0
2777,1053,5.0
2778,1054,10.0
2779,1055,10.0
2780,1055,7.0
2781,1055,16.0
2782,1056,12.0
2783,1056,0.0
2784,1057,4.0
2785,1058,0.0
2786,1058,1.0
2787,1058,3.0
2788,1059,1.0
2789,1059,12.0
2790,1059,8.0
2791,1060,10.0
2792,1061,10.0
2793,1061,11.0
2794,1061,4.0
2795,1062,1.0
2796,1062,6.0
2797,1062,10.0
2798,1063,12.0
2799,1063,13.0
2800,1063,8.0
2801,1064,0.0
2802,1064,8.0
2803,1065,10.0
2804,1065,4.0
2805,1065,11.0
2806,1066,10.0
2807,1066,4.0
2808,1066,7.0
2809,1067,11.0
2810,1067,10.0
2811,1067,7.0
2812,1068,1.0
2813,1068,10.0
2814,1068,7.0
2815,1069,10.0
2816,1069,4.0
2817,1069,7.0
2818,1070,12.0
2819,1070,0.0
2820,1070,5.0
2821,1071,10.0
2822,1072,1.0
2823,1072,10.0
2824,1072,4.0
2825,1073,0.0
2826,1073,1.0
2827,1073,3.0
2828,1074,1.0
2829,1074,7.0
2830,1074,2.0
2831,1075,3.0
2832,1075,4.0
2833,1075,8.0
2834,1076,0.0
2835,1076,1.0
2836,1076,3.0
2837,1077,1.0
2838,1077,0.0
2839,1077,10.0
2840,1078,2.0
2841,1078,1.0
2842,1078,6.0
2843,1079,0.0
2844,1079,5.0
2845,1079,1.0
2846,1080,1.0
2847,1080,4.0
2848,1080,16.0
2849,1081,4.0
2850,1081,11.0
2851,1082,0.0
2852,1082,1.0
2853,1082,3.0
2854,1083,0.0
2855,1083,1.0
2856,1083,5.0
2857,1084,0.0
2858,1084,1.0
2859,1084,3.0
2860,1085,10.0
2861,1085,2.0
2862,1085,5.0
2863,1086,1.0
2864,1086,10.0
2865,1086,7.0
2866,1087,3.0
2867,1087,4.0
2868,1087,13.0
2869,1088,10.0
2870,1088,16.0
2871,1089,1.0
2872,1089,0.0
2873,1090,4.0
2874,1090,11.0
2875,1090,9.0
2876,1091,14.0
2877,1091,4.0
2878,1092,8.0
2879,1092,13.0
2880,1093,1.0
2881,1093,0.0
2882,1093,12.0
2883,1094,4.0
2884,1094,15.0
2885,1095,0.0
2886,1095,4.0
2887,1095,2.0
2888,1096,0.0
2889,1096,3.0
2890,1096,8.0
2891,1097,0.0
2892,1097,10.0
2893,1097,8.0
2894,1098,4.0
2895,1098,11.0
2896,1099,0.0
2897,1099,8.0
2898,1100,3.0
2899,1100,1.0
2900,1100,0.0
2901,1101,6.0
2902,1101,0.0
2903,1101,10.0
2904,1102,4.0
2905,1102,8.0
2906,1103,1.0
2907,1103,0.0
2908,1103,8.0
2909,1104,0.0
2910,1105,3.0
2911,1105,4.0
2912,1105,8.0
2913,1106,0.0
2914,1106,1.0
2915,1106,8.0
2916,1107,4.0
2917,1107,8.0
2918,1108,6.0
2919,1108,7.0
2920,1109,0.0
2921,1109,4.0
2922,1109,14.0
2923,1110,2.0
2924,1110,0.0
2925,1110,5.0
2926,1111,4.0
2927,1111,5.0
2928,1111,8.0
2929,1112,4.0
2930,1113,10.0
2931,1113,4.0
2932,1114,0.0
2933,1114,3.0
2934,1115,11.0
2935,1115,10.0
2936,1116,4.0
2937,1116,13.0
2938,1116,8.0
2939,1117,4.0
2940,1118,0.0
2941,1118,8.0
2942,1118,3.0
2943,1119,0.0
2944,1119,10.0
2945,1119,3.0
2946,1120,11.0
2947,1120,10.0
2948,1120,4.0
2949,1121,6.0
2950,1121,10.0
2951,1121,7.0
2952,1122,10.0
2953,1122,11.0
2954,1123,10.0
2955,1123,11.0
2956,1124,0.0
2957,1124,10.0
2958,1124,3.0
2959,1125,4.0
2960,1125,14.0
2961,1125,11.0
2962,1126,10.0
2963,1127,4.0
2964,1127,13.0
2965,1127,8.0
2966,1128,10.0
2967,1128,4.0
2968,1128,11.0
2969,1129,4.0
2970,1129,12.0
2971,1129,13.0
2972,1130,10.0
2973,1131,1.0
2974,1131,0.0
2975,1131,8.0
2976,1132,2.0
2977,1132,8.0
2978,1132,12.0
2979,1133,0.0
2980,1133,3.0
2981,1133,8.0
2982,1134,1.0
2983,1134,10.0
2984,1134,7.0
2985,1135,3.0
2986,1135,4.0
2987,1135,8.0
2988,1136,4.0
2989,1136,1.0
2990,1136,0.0
2991,1137,0.0
2992,1137,10.0
2993,1137,3.0
2994,1138,0.0
2995,1138,10.0
2996,1139,1.0
2997,1139,2.0
2998,1139,0.0
2999,1140,0.0
3000,1140,10.0
3001,1140,3.0
3002,1141,4.0
3003,1142,1.0
3004,1142,10.0
3005,1142,6.0
3006,1143,1.0
3007,1143,4.0
3008,1143,11.0
3009,1144,8.0
3010,1144,2.0
3011,1144,0.0
3012,1145,13.0
3013,1145,8.0
3014,1145,4.0
3015,1146,0.0
3016,1146,8.0
3017,1146,3.0
3018,1147,10.0
3019,1148,4.0
3020,1149,4.0
3021,1149,3.0
3022,1150,10.0
3023,1150,11.0
3024,1150,4.0
3025,1151,3.0
3026,1151,4.0
3027,1151,13.0
3028,1152,1.0
3029,1152,10.0
3030,1152,7.0
3031,1153,0.0
3032,1153,5.0
3033,1154,4.0
3034,1154,11.0
3035,1154,8.0
3036,1155,0.0
3037,1155,1.0
3038,1155,10.0
3039,1156,3.0
3040,1156,4.0
3041,1156,8.0
3042,1157,10.0
3043,1158,0.0
3044,1158,4.0
3045,1158,8.0
3046,1159,10.0
3047,1160,12.0
3048,1161,4.0
3049,1162,10.0
3050,1162,11.0
3051,1162,4.0
3052,1163,10.0
3053,1164,12.0
3054,1164,13.0
3055,1165,1.0
3056,1165,10.0
3057,1165,7.0
3058,1166,10.0
3059,1167,11.0
3060,1167,12.0
3061,1168,11.0
3062,1168,4.0
3063,1169,4.0
3064,1170,8.0
3065,1170,3.0
3066,1170,4.0
3067,1171,10.0
3068,1172,1.0
3069,1172,4.0
3070,1172,7.0
3071,1173,10.0
3072,1174,0.0
3073,1174,10.0
3074,1175,0.0
3075,1175,1.0
3076,1175,4.0
3077,1176,4.0
3078,1176,16.0
3079,1177,0.0
3080,1177,8.0
3081,1177,3.0
3082,1178,4.0
3083,1178,0.0
3084,1178,8.0
3085,1179,10.0
3086,1180,10.0
3087,1180,11.0
3088,1181,4.0
3089,1181,8.0
3090,1181,14.0
3091,1182,10.0
3092,1182,3.0
3093,1183,0.0
3094,1183,10.0
3095,1183,3.0
3096,1184,10.0
3097,1185,10.0
3098,1185,11.0
3099,1186,12.0
3100,1186,13.0
3101,1187,8.0
3102,1187,4.0
3103,1188,0.0
3104,1188,4.0
3105,1188,8.0
3106,1189,10.0
3107,1190,4.0
3108,1190,11.0
3109,1190,10.0
3110,1191,10.0
3111,1191,1.0
3112,1191,2.0
3113,1192,0.0
3114,1192,1.0
3115,1192,2.0
3116,1193,0.0
3117,1193,1.0
3118,1193,4.0
3119,1194,3.0
3120,1194,4.0
3121,1194,8.0
3122,1195,0.0
3123,1195,13.0
3124,1195,8.0
3125,1196,4.0
3126,1196,13.0
3127,1196,8.0
3128,1197,10.0
3129,1198,6.0
3130,1198,10.0
3131,1198,1.0
3132,1199,0.0
3133,1199,1.0
3134,1199,4.0
3135,1200,0.0
3136,1200,1.0
3137,1200,8.0
3138,1201,0.0
3139,1201,5.0
3140,1201,1.0
3141,1202,10.0
3142,1202,3.0
3143,1202,4.0
3144,1203,8.0
3145,1203,13.0
3146,1204,11.0
3147,1204,4.0
3148,1204,13.0
3149,1205,4.0
3150,1205,12.0
3151,1205,13.0
3152,1206,2.0
3153,1206,4.0
3154,1206,10.0
3155,1207,10.0
3156,1207,11.0
3157,1208,16.0
3158,1208,4.0
3159,1209,4.0
3160,1209,3.0
3161,1209,8.0
3162,1210,12.0
3163,1210,8.0
3164,1211,4.0
3165,1211,14.0
3166,1211,13.0
3167,1212,1.0
3168,1213,2.0
3169,1213,0.0
3170,1213,5.0
3171,1214,10.0
3172,1214,7.0
3173,1215,4.0
3174,1215,11.0
3175,1216,10.0
3176,1216,16.0
3177,1216,11.0
3178,1217,1.0
3179,1217,10.0
3180,1217,5.0
3181,1218,10.0
3182,1219,12.0
3183,1219,13.0
3184,1220,8.0
3185,1220,3.0
3186,1220,13.0
3187,1221,4.0
3188,1221,16.0
3189,1222,10.0
3190,1223,10.0
3191,1223,4.0
3192,1224,12.0
3193,1224,13.0
3194,1225,10.0
3195,1225,3.0
3196,1225,11.0
3197,1226,4.0
3198,1226,11.0
3199,1227,10.0
3200,1227,4.0
3201,1227,11.0
3202,1228,10.0
3203,1229,10.0
3204,1229,9.0
3205,1230,1.0
3206,1230,2.0
3207,1230,0.0
3208,1231,4.0
3209,1232,10.0
3210,1232,4.0
3211,1232,11.0
3212,1233,4.0
3213,1234,3.0
3214,1234,0.0
3215,1234,1.0
3216,1235,4.0
3217,1235,11.0
3218,1236,4.0
3219,1236,12.0
3220,1236,8.0
3221,1237,10.0
3222,1238,2.0
3223,1238,12.0
3224,1238,5.0
3225,1239,0.0
3226,1239,1.0
3227,1239,4.0
3228,1240,4.0
3229,1241,4.0
3230,1241,11.0
3231,1242,12.0
3232,1243,4.0
3233,1243,3.0
3234,1244,10.0
3235,1244,15.0
3236,1245,0.0
3237,1245,8.0
3238,1245,3.0
3239,1246,2.0
3240,1246,6.0
3241,1246,4.0
3242,1247,3.0
3243,1247,4.0
3244,1247,13.0
3245,1248,4.0
3246,1248,11.0
3247,1249,0.0
3248,1250,4.0
3249,1250,8.0
3250,1251,4.0
3251,1252,4.0
3252,1252,14.0
3253,1253,0.0
3254,1253,3.0
3255,1253,4.0
3256,1254,0.0
3257,1254,4.0
3258,1254,8.0
3259,1255,8.0
3260,1255,4.0
3261,1256,0.0
3262,1256,1.0
3263,1256,10.0
3264,1257,1.0
3265,1257,6.0
3266,1257,10.0
3267,1258,10.0
3268,1258,4.0
3269,1258,11.0
3270,1259,10.0
3271,1259,2.0
3272,1259,5.0
3273,1260,10.0
3274,1260,11.0
3275,1261,10.0
3276,1262,10.0
3277,1263,1.0
3278,1263,4.0
3279,1263,11.0
3280,1264,4.0
3281,1264,13.0
3282,1265,12.0
3283,1265,8.0
3284,1266,1.0
3285,1266,2.0
3286,1266,0.0
3287,1267,0.0
3288,1267,10.0
3289,1267,8.0
3290,1268,10.0
3291,1268,16.0
3292,1269,0.0
3293,1269,4.0
3294,1269,8.0
3295,1270,0.0
3296,1270,5.0
3297,1271,0.0
3298,1271,12.0
3299,1271,13.0
3300,1272,0.0
3301,1272,5.0
3302,1272,8.0
3303,1273,0.0
3304,1273,1.0
3305,1273,4.0
3306,1274,10.0
3307,1274,2.0
3308,1274,5.0
3309,1275,5.0
3310,1275,8.0
3311,1276,4.0
3312,1276,10.0
3313,1277,1.0
3314,1277,2.0
3315,1277,6.0
3316,1278,0.0
3317,1278,4.0
3318,1278,3.0
3319,1279,1.0
3320,1279,0.0
3321,1279,7.0
3322,1280,8.0
3323,1280,4.0
3324,1280,13.0
3325,1281,0.0
3326,1281,3.0
3327,1281,8.0
3328,1282,0.0
3329,1282,1.0
3330,1282,8.0
3331,1283,10.0
3332,1283,4.0
3333,1284,0.0
3334,1284,4.0
3335,1284,14.0
3336,1285,0.0
3337,1285,14.0
3338,1285,15.0
3339,1286,0.0
3340,1286,5.0
3341,1286,4.0
3342,1287,1.0
3343,1287,6.0
3344,1287,10.0
3345,1288,0.0
3346,1288,10.0
3347,1289,2.0
3348,1289,0.0
3349,1289,8.0
3350,1290,0.0
3351,1290,1.0
3352,1290,15.0
3353,1291,4.0
3354,1291,11.0
3355,1291,2.0
3356,1292,10.0
3357,1293,6.0
3358,1293,10.0
3359,1293,7.0
3360,1294,5.0
3361,1294,0.0
3362,1294,1.0
3363,1295,11.0
3364,1295,4.0
3365,1296,10.0
3366,1296,0.0
3367,1296,1.0
3368,1297,10.0
3369,1298,1.0
3370,1298,4.0
3371,1298,0.0
3372,1299,10.0
3373,1299,11.0
3374,1300,10.0
3375,1300,11.0
3376,1301,10.0
3377,1301,7.0
3378,1302,0.0
3379,1302,1.0
3380,1302,7.0
3381,1303,5.0
3382,1303,0.0
3383,1303,1.0
3384,1304,0.0
3385,1304,4.0
3386,1304,14.0
3387,1305,4.0
3388,1305,11.0
3389,1306,1.0
3390,1306,7.0
3391,1306,2.0
3392,1307,4.0
3393,1308,4.0
3394,1308,8.0
3395,1309,3.0
3396,1309,10.0
3397,1309,11.0
3398,1310,0.0
3399,1310,10.0
3400,1310,7.0
3401,1311,4.0
3402,1311,11.0
3403,1311,8.0
3404,1312,10.0
3405,1313,12.0
3406,1313,13.0
3407,1313,8.0
3408,1314,4.0
3409,1314,8.0
3410,1315,16.0
3411,1315,4.0
3412,1315,10.0
3413,1316,4.0
3414,1317,0.0
3415,1317,4.0
3416,1318,12.0
3417,1318,13.0
3418,1318,5.0
3419,1319,5.0
3420,1319,0.0
3421,1319,8.0
3422,1320,0.0
3423,1320,1.0
3424,1320,13.0
3425,1321,0.0
3426,1321,9.0
3427,1322,1.0
3428,1322,7.0
3429,1322,2.0
3430,1323,4.0
3431,1324,1.0
3432,1324,0.0
3433,1324,10.0
3434,1325,4.0
3435,1326,1.0
3436,1326,5.0
3437,1327,4.0
3438,1328,3.0
3439,1328,4.0
3440,1328,8.0
3441,1329,11.0
3442,1329,10.0
3443,1329,4.0
3444,1330,10.0
3445,1330,4.0
3446,1331,1.0
3447,1331,10.0
3448,1331,7.0
3449,1332,4.0
3450,1332,0.0
3451,1333,4.0
3452,1334,0.0
3453,1334,10.0
3454,1334,3.0
3455,1335,10.0
3456,1335,11.0
3457,1336,4.0
3458,1336,7.0
3459,1337,1.0
3460,1337,2.0
3461,1337,4.0
3462,1338,4.0
3463,1338,8.0
3464,1338,3.0
3465,1339,0.0
3466,1339,10.0
3467,1339,3.0
3468,1340,10.0
3469,1340,3.0
3470,1341,0.0
3471,1341,2.0
3472,1341,5.0
3473,1342,4.0
3474,1342,0.0
3475,1342,8.0
3476,1343,1.0
3477,1343,0.0
3478,1343,8.0
3479,1344,5.0
3480,1344,10.0
3481,1344,1.0
3482,1345,7.0
3483,1345,4.0
3484,1346,8.0
3485,1347,0.0
3486,1347,4.0
3487,1348,4.0
3488,1348,10.0
3489,1348,11.0
3490,1349,14.0
3491,1349,4.0
3492,1350,4.0
3493,1350,11.0
3494,1351,4.0
3495,1351,8.0
3496,1351,12.0
3497,1352,8.0
3498,1352,5.0
3499,1352,13.0
3500,1353,4.0
3501,1353,10.0
3502,1354,6.0
3503,1354,7.0
3504,1355,10.0
3505,1356,10.0
3506,1357,0.0
3507,1357,4.0
3508,1357,14.0
3509,1358,1.0
3510,1358,10.0
3511,1358,3.0
3512,1359,2.0
3513,1359,0.0
3514,1360,4.0
3515,1361,1.0
3516,1361,0.0
3517,1361,10.0
3518,1362,4.0
3519,1363,0.0
3520,1363,10.0
3521,1363,7.0
3522,1364,10.0
3523,1364,3.0
3524,1365,4.0
3525,1365,1.0
3526,1365,9.0
3527,1366,10.0
3528,1366,4.0
3529,1366,11.0
3530,1367,5.0
3531,1367,1.0
3532,1367,13.0
3533,1368,10.0
3534,1368,3.0
3535,1369,3.0
3536,1369,8.0
3537,1370,4.0
3538,1370,3.0
3539,1371,10.0
3540,1372,10.0
3541,1372,11.0
3542,1373,4.0
3543,1373,11.0
3544,1373,15.0
3545,1374,3.0
3546,1374,4.0
3547,1374,13.0
3548,1375,1.0
3549,1375,10.0
3550,1375,7.0
3551,1376,10.0
3552,1376,11.0
3553,1377,5.0
3554,1377,12.0
3555,1377,0.0
3556,1378,12.0
3557,1379,12.0
3558,1379,5.0
3559,1379,8.0
3560,1380,0.0
3561,1380,1.0
3562,1380,4.0
3563,1381,4.0
3564,1382,1.0
3565,1382,6.0
3566,1382,10.0
3567,1383,4.0
3568,1384,11.0
3569,1384,10.0
3570,1385,10.0
3571,1386,10.0
3572,1386,4.0
3573,1386,14.0
3574,1387,4.0
3575,1387,14.0
3576,1388,10.0
3577,1389,10.0
3578,1389,7.0
3579,1390,2.0
3580,1390,0.0
3581,1390,1.0
3582,1391,10.0
3583,1392,10.0
3584,1393,10.0
3585,1393,11.0
3586,1394,3.0
3587,1394,4.0
3588,1394,8.0
3589,1395,12.0
3590,1395,0.0
3591,1395,5.0
3592,1396,12.0
3593,1397,10.0
3594,1397,3.0
3595,1397,8.0
3596,1398,0.0
3597,1399,0.0
3598,1399,8.0
3599,1399,5.0
3600,1400,10.0
3601,1400,11.0
3602,1401,10.0
3603,1401,4.0
3604,1401,11.0
3605,1402,1.0
3606,1402,10.0
3607,1402,2.0
3608,1403,10.0
3609,1403,7.0
3610,1404,0.0
3611,1404,1.0
3612,1404,8.0
3613,1405,4.0
3614,1405,15.0
3615,1406,4.0
3616,1406,14.0
3617,1407,12.0
3618,1408,4.0
3619,1408,11.0
3620,1409,4.0
3621,1409,3.0
3622,1409,14.0
3623,1410,12.0
3624,1410,13.0
3625,1410,8.0
3626,1411,4.0
3627,1411,2.0
3628,1411,12.0
3629,1412,5.0
3630,1412,0.0
3631,1412,8.0
3632,1413,4.0
3633,1414,10.0
3634,1414,11.0
3635,1415,5.0
3636,1416,10.0
3637,1416,11.0
3638,1417,0.0
3639,1417,8.0
3640,1417,3.0
3641,1418,3.0
3642,1418,4.0
3643,1418,13.0
3644,1419,3.0
3645,1419,0.0
3646,1419,8.0
3647,1420,10.0
3648,1420,2.0
3649,1421,3.0
3650,1421,14.0
3651,1422,4.0
3652,1422,13.0
3653,1422,5.0
3654,1423,7.0
3655,1423,2.0
3656,1423,10.0
3657,1424,4.0
3658,1425,8.0
3659,1425,0.0
3660,1425,13.0
3661,1426,6.0
3662,1426,7.0
3663,1426,1.0
3664,1427,10.0
3665,1427,4.0
3666,1428,0.0
3667,1428,10.0
3668,1428,5.0
3669,1429,8.0
3670,1429,3.0
3671,1429,4.0
3672,1430,12.0
3673,1430,10.0
3674,1431,3.0
3675,1431,0.0
3676,1431,8.0
3677,1432,0.0
3678,1432,10.0
3679,1432,3.0
3680,1433,15.0
3681,1433,1.0
3682,1433,4.0
3683,1434,0.0
3684,1434,3.0
3685,1435,10.0
3686,1435,11.0
3687,1436,10.0
3688,1437,0.0
3689,1437,12.0
3690,1437,8.0
3691,1438,2.0
3692,1438,0.0
3693,1438,1.0
3694,1439,0.0
3695,1439,1.0
3696,1439,4.0
3697,1440,0.0
3698,1440,1.0
3699,1440,4.0
3700,1441,10.0
3701,1441,16.0
3702,1442,4.0
3703,1442,11.0
3704,1443,0.0
3705,1443,9.0
3706,1444,4.0
3707,1444,14.0
3708,1444,11.0
3709,1445,0.0
3710,1445,3.0
3711,1445,13.0
3712,1446,4.0
3713,1446,2.0
3714,1447,0.0
3715,1447,1.0
3716,1447,8.0
3717,1448,0.0
3718,1448,4.0
3719,1448,8.0
3720,1449,4.0
3721,1449,2.0
3722,1449,12.0
3723,1450,0.0
3724,1450,3.0
3725,1451,7.0
3726,1451,2.0
3727,1451,10.0
3728,1452,1.0
3729,1452,4.0
3730,1452,8.0
3731,1453,2.0
3732,1453,7.0
3733,1453,0.0
3734,1454,10.0
3735,1454,4.0
3736,1454,11.0
3737,1455,4.0
3738,1456,0.0
3739,1456,3.0
3740,1456,4.0
3741,1457,0.0
3742,1457,3.0
3743,1457,4.0
3744,1458,8.0
3745,1458,3.0
3746,1458,11.0
3747,1459,0.0
3748,1459,14.0
3749,1459,15.0
3750,1460,15.0
3751,1460,1.0
3752,1460,4.0
3753,1461,4.0
3754,1461,15.0
3755,1461,11.0
3756,1462,4.0
3757,1463,0.0
3758,1463,10.0
3759,1463,9.0
3760,1464,4.0
3761,1464,3.0
3762,1465,0.0
3763,1465,13.0
3764,1465,5.0
3765,1466,10.0
3766,1467,4.0
3767,1467,11.0
3768,1468,4.0
3769,1468,1.0
3770,1468,5.0
3771,1469,0.0
3772,1469,10.0
3773,1469,8.0
3774,1470,0.0
3775,1470,3.0
3776,1470,4.0
3777,1471,6.0
3778,1471,7.0
3779,1472,4.0
3780,1472,11.0
3781,1473,4.0
3782,1473,5.0
3783,1473,8.0
3784,1474,11.0
3785,1474,4.0
3786,1474,1.0
3787,1475,10.0
3788,1475,11.0
3789,1476,4.0
3790,1476,14.0
3791,1477,4.0
3792,1477,14.0
3793,1478,4.0
3794,1479,0.0
3795,1479,3.0
3796,1479,8.0
3797,1480,3.0
3798,1480,10.0
3799,1481,7.0
3800,1481,2.0
3801,1481,6.0
3802,1482,12.0
3803,1482,0.0
3804,1482,8.0
3805,1483,16.0
3806,1483,4.0
3807,1483,11.0
3808,1484,0.0
3809,1484,3.0
3810,1484,12.0
3811,1485,13.0
3812,1485,8.0
3813,1486,0.0
3814,1486,3.0
3815,1486,4.0
3816,1487,4.0
3817,1488,0.0
3818,1488,3.0
3819,1488,8.0
3820,1489,10.0
3821,1489,4.0
3822,1490,1.0
3823,1490,0.0
3824,1490,5.0
3825,1491,0.0
3826,1491,8.0
3827,1491,5.0
3828,1492,4.0
3829,1492,11.0
3830,1493,10.0
3831,1494,10.0
3832,1494,7.0
3833,1494,2.0
3834,1495,4.0
3835,1495,2.0
3836,1495,11.0
3837,1496,1.0
3838,1496,10.0
3839,1496,7.0
3840,1497,2.0
3841,1497,10.0
3842,1497,4.0
3843,1498,10.0
3844,1498,7.0
3845,1499,10.0
3846,1499,11.0
3847,1500,0.0
3848,1500,10.0
3849,1501,12.0
3850,1502,4.0
3851,1503,0.0
3852,1503,3.0
3853,1503,4.0
3854,1504,10.0
3855,1505,3.0
3856,1505,10.0
3857,1505,0.0
3858,1506,8.0
3859,1506,5.0
3860,1506,13.0
3861,1507,0.0
3862,1507,1.0
3863,1507,4.0
3864,1508,8.0
3865,1508,4.0
3866,1508,13.0
3867,1509,1.0
3868,1509,4.0
3869,1509,7.0
3870,1510,0.0
3871,1510,10.0
3872,1511,4.0
3873,1511,7.0
3874,1512,4.0
3875,1512,8.0
3876,1512,3.0
3877,1513,0.0
3878,1513,8.0
3879,1513,3.0
3880,1514,0.0
3881,1514,9.0
3882,1515,0.0
3883,1515,10.0
3884,1515,11.0
3885,1516,4.0
3886,1517,0.0
3887,1517,5.0
3888,1517,8.0
3889,1518,2.0
3890,1518,4.0
3891,1518,12.0
3892,1519,2.0
3893,1519,10.0
3894,1519,7.0
3895,1520,10.0
3896,1521,6.0
3897,1521,10.0
3898,1521,7.0
3899,1522,4.0
3900,1523,15.0
3901,1523,3.0
3902,1523,4.0
3903,1524,1.0
3904,1525,4.0
3905,1525,15.0
3906,1526,10.0
3907,1526,4.0
3908,1526,11.0
3909,1527,16.0
3910,1527,4.0
3911,1527,7.0
3912,1528,0.0
3913,1529,4.0
3914,1530,4.0
3915,1531,0.0
3916,1531,1.0
3917,1531,8.0
3918,1532,10.0
3919,1532,4.0
3920,1533,4.0
3921,1533,13.0
3922,1534,10.0
3923,1534,12.0
3924,1535,3.0
3925,1535,4.0
3926,1535,5.0
3927,1536,10.0
3928,1537,10.0
3929,1537,8.0
3930,1537,3.0
3931,1538,0.0
3932,1538,10.0
3933,1538,3.0
3934,1539,10.0
3935,1539,4.0
3936,1540,10.0
3937,1540,11.0
3938,1541,6.0
3939,1541,10.0
3940,1541,7.0
3941,1542,0.0
3942,1542,1.0
3943,1542,3.0
3944,1543,4.0
3945,1543,11.0
3946,1544,4.0
3947,1545,4.0
3948,1546,0.0
3949,1546,1.0
3950,1546,8.0
3951,1547,4.0
3952,1548,10.0
3953,1549,12.0
3954,1549,10.0
3955,1549,2.0
3956,1550,3.0
3957,1550,10.0
3958,1550,1.0
3959,1551,10.0
3960,1551,7.0
3961,1551,11.0
3962,1552,10.0
3963,1553,3.0
3964,1553,13.0
3965,1553,8.0
3966,1554,5.0
3967,1555,6.0
3968,1555,10.0
3969,1555,7.0
3970,1556,8.0
3971,1556,3.0
3972,1556,4.0
3973,1557,4.0
3974,1558,10.0
3975,1558,3.0
3976,1559,11.0
3977,1559,4.0
3978,1560,10.0
3979,1560,11.0
3980,1561,10.0
3981,1561,4.0
3982,1561,7.0
3983,1562,1.0
3984,1562,6.0
3985,1562,10.0
3986,1563,4.0
3987,1563,11.0
3988,1564,1.0
3989,1564,4.0
3990,1564,11.0
3991,1565,4.0
3992,1565,11.0
3993,1566,4.0
3994,1566,10.0
3995,1567,12.0
3996,1567,10.0
3997,1567,11.0
3998,1568,0.0
3999,1568,8.0
4000,1568,5.0
4001,1569,2.0
4002,1569,10.0
4003,1569,5.0
4004,1570,2.0
4005,1570,4.0
4006,1570,10.0
4007,1571,4.0
4008,1571,10.0
4009,1571,11.0
4010,1572,10.0
4011,1572,11.0
4012,1572,4.0
4013,1573,0.0
4014,1573,3.0
4015,1574,10.0
4016,1575,4.0
4017,1575,11.0
4018,1576,10.0
4019,1577,0.0
4020,1577,1.0
4021,1577,10.0
4022,1578,10.0
4023,1578,2.0
4024,1578,11.0
4025,1579,2.0
4026,1579,10.0
4027,1579,11.0
4028,1580,6.0
4029,1580,10.0
4030,1580,7.0
4031,1581,3.0
4032,1581,4.0
4033,1582,11.0
4034,1582,4.0
4035,1583,5.0
4036,1583,0.0
4037,1583,1.0
4038,1584,10.0
4039,1584,4.0
4040,1584,7.0
4041,1585,10.0
4042,1585,3.0
4043,1586,1.0
4044,1586,0.0
4045,1586,8.0
4046,1587,1.0
4047,1587,6.0
4048,1587,10.0
4049,1588,4.0
4050,1588,11.0
4051,1589,10.0
4052,1590,4.0
4053,1590,11.0
4054,1591,10.0
4055,1591,4.0
4056,1591,11.0
4057,1592,0.0
4058,1592,8.0
4059,1592,3.0
4060,1593,10.0
4061,1594,11.0
4062,1594,2.0
4063,1594,6.0
4064,1595,4.0
4065,1596,0.0
4066,1596,3.0
4067,1596,4.0
4068,1597,0.0
4069,1597,4.0
4070,1598,12.0
4071,1598,8.0
4072,1599,2.0
4073,1599,4.0
4074,1599,11.0
4075,1600,10.0
4076,1600,4.0
4077,1600,7.0
4078,1601,4.0
4079,1601,11.0
4080,1602,1.0
4081,1603,10.0
4082,1603,4.0
4083,1603,2.0
4084,1604,12.0
4085,1604,8.0
4086,1605,12.0
4087,1605,8.0
4088,1606,10.0
4089,1607,1.0
4090,1607,10.0
4091,1607,3.0
4092,1608,0.0
4093,1608,5.0
4094,1609,12.0
4095,1609,10.0
4096,1609,16.0
4097,1610,0.0
4098,1610,8.0
4099,1610,1.0
4100,1611,0.0
4101,1611,2.0
4102,1611,5.0
4103,1612,10.0
4104,1612,11.0
4105,1612,4.0
4106,1613,4.0
4107,1613,12.0
4108,1614,16.0
4109,1615,0.0
4110,1615,1.0
4111,1615,3.0
4112,1616,0.0
4113,1616,10.0
4114,1617,0.0
4115,1617,1.0
4116,1617,6.0
4117,1618,8.0
4118,1618,3.0
4119,1618,4.0
4120,1619,10.0
4121,1619,11.0
4122,1620,6.0
4123,1620,7.0
4124,1621,10.0
4125,1622,10.0
4126,1622,4.0
4127,1623,4.0
4128,1623,16.0
4129,1624,4.0
4130,1624,11.0
4131,1625,0.0
4132,1625,3.0
4133,1625,5.0
4134,1626,2.0
4135,1626,4.0
4136,1626,0.0
4137,1627,8.0
4138,1627,3.0
4139,1627,12.0
4140,1628,0.0
4141,1628,8.0
4142,1629,10.0
4143,1629,11.0
4144,1629,4.0
4145,1630,10.0
4146,1631,10.0
4147,1631,4.0
4148,1632,11.0
4149,1632,4.0
4150,1632,8.0
4151,1633,5.0
4152,1633,0.0
4153,1633,8.0
4154,1634,8.0
4155,1635,0.0
4156,1635,4.0
4157,1635,3.0
4158,1636,0.0
4159,1636,10.0
4160,1636,8.0
4161,1637,0.0
4162,1637,10.0
4163,1637,12.0
4164,1638,4.0
4165,1638,10.0
4166,1638,11.0
4167,1639,3.0
4168,1639,13.0
4169,1639,8.0
4170,1640,4.0
4171,1641,10.0
4172,1641,8.0
4173,1641,3.0
4174,1642,12.0
4175,1642,8.0
4176,1642,5.0
4177,1643,10.0
4178,1643,2.0
4179,1643,5.0
4180,1644,8.0
4181,1644,3.0
4182,1644,4.0
4183,1645,0.0
4184,1645,1.0
4185,1645,12.0
4186,1646,10.0
4187,1646,11.0
4188,1647,4.0
4189,1647,13.0
4190,1647,11.0
4191,1648,12.0
4192,1648,10.0
4193,1649,4.0
4194,1649,14.0
4195,1649,11.0
4196,1650,0.0
4197,1650,5.0
4198,1651,4.0
4199,1651,8.0
4200,1652,0.0
4201,1652,1.0
4202,1652,2.0
4203,1653,0.0
4204,1653,3.0
4205,1653,8.0
4206,1654,4.0
4207,1654,12.0
4208,1654,5.0
4209,1655,10.0
4210,1655,11.0
4211,1656,10.0
4212,1656,6.0
4213,1656,7.0
4214,1657,4.0
4215,1658,1.0
4216,1658,2.0
4217,1658,13.0
4218,1659,10.0
4219,1659,4.0
4220,1660,3.0
4221,1660,8.0
4222,1660,4.0
4223,1661,0.0
4224,1661,3.0
4225,1661,4.0
4226,1662,15.0
4227,1663,4.0
4228,1663,3.0
4229,1664,8.0
4230,1664,0.0
4231,1664,3.0
4232,1665,4.0
4233,1665,11.0
4234,1666,3.0
4235,1666,4.0
4236,1666,8.0
4237,1667,0.0
4238,1667,1.0
4239,1667,4.0
4240,1668,4.0
4241,1668,7.0
4242,1668,11.0
4243,1669,2.0
4244,1669,4.0
4245,1669,0.0
4246,1670,1.0
4247,1670,0.0
4248,1670,8.0
4249,1671,0.0
4250,1671,4.0
4251,1671,9.0
4252,1672,1.0
4253,1672,4.0
4254,1672,0.0
4255,1673,10.0
4256,1674,8.0
4257,1674,3.0
4258,1674,4.0
4259,1675,0.0
4260,1675,8.0
4261,1675,3.0
4262,1676,6.0
4263,1676,7.0
4264,1676,10.0
4265,1677,14.0
4266,1677,4.0
4267,1678,4.0
4268,1679,11.0
4269,1679,4.0
4270,1680,2.0
4271,1680,1.0
4272,1680,6.0
4273,1681,3.0
4274,1681,8.0
4275,1682,1.0
4276,1682,6.0
4277,1682,10.0
4278,1683,10.0
4279,1683,16.0
4280,1684,4.0
4281,1684,16.0
4282,1684,11.0
4283,1685,10.0
4284,1686,1.0
4285,1686,2.0
4286,1686,0.0
4287,1687,4.0
4288,1687,14.0
4289,1688,10.0
4290,1688,3.0
4291,1688,4.0
4292,1689,10.0
4293,1689,11.0
4294,1690,10.0
4295,1691,4.0
4296,1692,10.0
4297,1692,4.0
4298,1692,11.0
4299,1693,4.0
4300,1693,12.0
4301,1693,10.0
4302,1694,4.0
4303,1694,13.0
4304,1694,8.0
4305,1695,6.0
4306,1695,7.0
4307,1695,10.0
4308,1696,4.0
4309,1696,16.0
4310,1697,1.0
4311,1697,0.0
4312,1698,6.0
4313,1698,7.0
4314,1699,3.0
4315,1699,13.0
4316,1699,8.0
4317,1700,10.0
4318,1700,4.0
4319,1701,0.0
4320,1702,0.0
4321,1702,8.0
4322,1703,10.0
4323,1704,10.0
4324,1704,4.0
4325,1705,16.0
4326,1705,10.0
4327,1705,4.0
4328,1706,4.0
4329,1706,14.0
4330,1707,2.0
4331,1707,12.0
4332,1707,0.0
4333,1708,10.0
4334,1709,6.0
4335,1709,5.0
4336,1710,10.0
4337,1710,4.0
4338,1711,13.0
4339,1711,8.0
4340,1712,10.0
4341,1713,1.0
4342,1713,0.0
4343,1713,8.0
4344,1714,10.0
4345,1714,11.0
4346,1715,8.0
4347,1715,5.0
4348,1715,0.0
4349,1716,10.0
4350,1717,11.0
4351,1718,10.0
4352,1718,7.0
4353,1718,2.0
4354,1719,10.0
4355,1720,0.0
4356,1720,3.0
4357,1721,0.0
4358,1721,1.0
4359,1721,10.0
4360,1722,8.0
4361,1722,12.0
4362,1723,7.0
4363,1723,10.0
4364,1724,4.0
4365,1724,11.0
4366,1725,5.0
4367,1725,4.0
4368,1725,8.0
4369,1726,1.0
4370,1727,0.0
4371,1727,4.0
4372,1727,8.0
4373,1728,4.0
4374,1728,3.0
4375,1728,8.0
4376,1729,12.0
4377,1729,8.0
4378,1730,17.0
4379,1731,10.0
4380,1731,4.0
4381,1731,7.0
4382,1732,4.0
4383,1732,10.0
4384,1733,0.0
4385,1733,10.0
4386,1733,7.0
4387,1734,1.0
4388,1734,10.0
4389,1734,7.0
4390,1735,0.0
4391,1735,12.0
4392,1735,5.0
4393,1736,10.0
4394,1736,4.0
4395,1737,11.0
4396,1737,12.0
4397,1737,10.0
4398,1738,4.0
4399,1739,10.0
4400,1739,11.0
4401,1739,4.0
4402,1740,0.0
4403,1740,1.0
4404,1740,3.0
4405,1741,0.0
4406,1742,0.0
4407,1742,3.0
4408,1742,4.0
4409,1743,1.0
4410,1743,0.0
4411,1743,8.0
4412,1744,10.0
4413,1744,11.0
4414,1744,4.0
4415,1745,4.0
4416,1746,10.0
4417,1746,4.0
4418,1747,4.0
4419,1747,1.0
4420,1747,14.0
4421,1748,4.0
4422,1748,11.0
4423,1749,4.0
4424,1749,8.0
4425,1750,5.0
4426,1750,0.0
4427,1750,1.0
4428,1751,10.0
4429,1751,4.0
4430,1751,11.0
4431,1752,4.0
4432,1752,13.0
4433,1752,8.0
4434,1753,16.0
4435,1753,10.0
4436,1753,0.0
4437,1754,1.0
4438,1754,10.0
4439,1754,4.0
4440,1755,10.0
4441,1755,16.0
4442,1756,4.0
4443,1756,10.0
4444,1756,11.0
4445,1757,12.0
4446,1757,10.0
4447,1757,0.0
4448,1758,4.0
4449,1758,8.0
4450,1758,3.0
4451,1759,4.0
4452,1759,14.0
4453,1760,4.0
4454,1760,14.0
4455,1760,8.0
4456,1761,4.0
4457,1761,7.0
4458,1761,2.0
4459,1762,13.0
4460,1762,5.0
4461,1763,4.0
4462,1763,14.0
4463,1763,11.0
4464,1764,1.0
4465,1764,7.0
4466,1764,2.0
4467,1765,3.0
4468,1765,0.0
4469,1765,4.0
4470,1766,12.0
4471,1766,13.0
4472,1766,8.0
4473,1767,3.0
4474,1767,8.0
4475,1768,4.0
4476,1769,7.0
4477,1769,10.0
4478,1769,0.0
4479,1770,8.0
4480,1771,8.0
4481,1771,0.0
4482,1771,10.0
4483,1772,10.0
4484,1772,4.0
4485,1773,13.0
4486,1773,8.0
4487,1773,3.0
4488,1774,10.0
4489,1774,4.0
4490,1775,4.0
4491,1775,8.0
4492,1776,10.0
4493,1776,4.0
4494,1776,16.0
4495,1777,0.0
4496,1777,1.0
4497,1777,10.0
4498,1778,10.0
4499,1779,10.0
4500,1779,11.0
4501,1780,11.0
4502,1780,14.0
4503,1781,3.0
4504,1781,4.0
4505,1781,13.0
4506,1782,10.0
4507,1783,0.0
4508,1783,10.0
4509,1784,4.0
4510,1784,11.0
4511,1784,10.0
4512,1785,9.0
4513,1786,4.0
4514,1786,12.0
4515,1786,5.0
4516,1787,4.0
4517,1787,14.0
4518,1787,15.0
4519,1788,12.0
4520,1788,8.0
4521,1789,12.0
4522,1789,13.0
4523,1790,0.0
4524,1790,1.0
4525,1790,10.0
4526,1791,12.0
4527,1792,8.0
4528,1792,3.0
4529,1792,0.0
4530,1793,10.0
4531,1793,4.0
4532,1793,11.0
4533,1794,1.0
4534,1794,7.0
4535,1794,5.0
4536,1795,0.0
4537,1795,3.0
4538,1795,4.0
4539,1796,4.0
4540,1796,8.0
4541,1796,15.0
4542,1797,10.0
4543,1798,10.0
4544,1798,11.0
4545,1799,4.0
4546,1799,8.0
4547,1799,13.0
4548,1800,3.0
4549,1800,8.0
4550,1800,13.0
4551,1801,10.0
4552,1802,0.0
4553,1802,2.0
4554,1802,5.0
4555,1803,3.0
4556,1803,4.0
4557,1803,8.0
4558,1804,2.0
4559,1804,12.0
4560,1805,10.0
4561,1805,3.0
4562,1805,13.0
4563,1806,11.0
4564,1806,10.0
4565,1807,1.0
4566,1807,7.0
4567,1808,5.0
4568,1808,13.0
4569,1808,8.0
4570,1809,4.0
4571,1809,13.0
4572,1809,8.0
4573,1810,4.0
4574,1811,10.0
4575,1811,4.0
4576,1811,7.0
4577,1812,4.0
4578,1813,4.0
4579,1814,4.0
4580,1814,14.0
4581,1815,0.0
4582,1815,8.0
4583,1816,4.0
4584,1816,11.0
4585,1817,8.0
4586,1817,0.0
4587,1817,4.0
4588,1818,4.0
4589,1818,14.0
4590,1818,15.0
4591,1819,4.0
4592,1820,4.0
4593,1820,8.0
4594,1821,13.0
4595,1821,2.0
4596,1821,1.0
4597,1822,8.0
4598,1822,1.0
4599,1822,13.0
4600,1823,12.0
4601,1824,8.0
4602,1824,4.0
4603,1825,0.0
4604,1825,1.0
4605,1825,6.0
4606,1826,0.0
4607,1826,8.0
4608,1826,5.0
4609,1827,5.0
4610,1827,1.0
4611,1827,0.0
4612,1828,3.0
4613,1828,4.0
4614,1828,14.0
4615,1829,3.0
4616,1829,4.0
4617,1829,8.0
4618,1830,0.0
4619,1830,10.0
4620,1831,10.0
4621,1831,11.0
4622,1831,4.0
4623,1832,10.0
4624,1832,4.0
4625,1832,11.0
4626,1833,10.0
4627,1834,10.0
4628,1835,10.0
4629,1835,11.0
4630,1836,0.0
4631,1836,1.0
4632,1836,4.0
4633,1837,0.0
4634,1837,3.0
4635,1837,8.0
4636,1838,12.0
4637,1838,8.0
4638,1839,12.0
4639,1839,13.0
4640,1840,4.0
4641,1840,11.0
4642,1841,1.0
4643,1841,4.0
4644,1841,7.0
4645,1842,4.0
4646,1843,10.0
4647,1843,4.0
4648,1844,0.0
4649,1844,4.0
4650,1844,8.0
4651,1845,12.0
4652,1845,13.0
4653,1845,8.0
4654,1846,10.0
4655,1847,4.0
4656,1847,3.0
4657,1848,0.0
4658,1849,2.0
4659,1849,10.0
4660,1849,7.0
4661,1850,0.0
4662,1850,3.0
4663,1850,4.0
4664,1851,0.0
4665,1851,1.0
4666,1851,10.0
4667,1852,4.0
4668,1852,14.0
4669,1853,8.0
4670,1853,0.0
4671,1853,4.0
4672,1854,0.0
4673,1854,1.0
4674,1854,10.0
4675,1855,4.0
4676,1856,6.0
4677,1856,1.0
4678,1856,7.0
4679,1857,6.0
4680,1857,7.0
4681,1858,0.0
4682,1858,10.0
4683,1859,4.0
4684,1859,10.0
4685,1860,0.0
4686,1860,3.0
4687,1860,8.0
4688,1861,11.0
4689,1861,10.0
4690,1862,10.0
4691,1862,11.0
4692,1863,4.0
4693,1864,4.0
4694,1864,5.0
4695,1865,10.0
4696,1866,12.0
4697,1866,8.0
4698,1867,10.0
4699,1867,4.0
4700,1867,11.0
4701,1868,0.0
4702,1868,3.0
4703,1868,4.0
4704,1869,4.0
4705,1870,10.0
4706,1870,4.0
4707,1870,7.0
4708,1871,7.0
4709,1871,10.0
4710,1872,1.0
4711,1872,0.0
4712,1872,12.0
4713,1873,8.0
4714,1873,3.0
4715,1873,4.0
4716,1874,4.0
4717,1875,4.0
4718,1875,14.0
4719,1876,12.0
4720,1876,10.0
4721,1877,14.0
4722,1877,0.0
4723,1877,4.0
4724,1878,1.0
4725,1878,2.0
4726,1878,4.0
4727,1879,10.0
4728,1880,0.0
4729,1880,10.0
4730,1880,16.0
4731,1881,4.0
4732,1881,3.0
4733,1882,1.0
4734,1882,10.0
4735,1883,10.0
4736,1884,8.0
4737,1884,3.0
4738,1884,4.0
4739,1885,10.0
4740,1885,4.0
4741,1886,4.0
4742,1886,10.0
4743,1886,7.0
4744,1887,10.0
4745,1888,10.0
4746,1888,4.0
4747,1888,14.0
4748,1889,4.0
4749,1890,11.0
4750,1890,4.0
4751,1890,10.0
4752,1891,4.0
4753,1891,11.0
4754,1891,15.0
4755,1892,0.0
4756,1892,1.0
4757,1892,3.0
4758,1893,2.0
4759,1893,12.0
4760,1893,8.0
4761,1894,0.0
4762,1894,8.0
4763,1894,3.0
4764,1895,10.0
4765,1895,4.0
4766,1895,11.0
4767,1896,10.0
4768,1897,3.0
4769,1897,0.0
4770,1897,8.0
4771,1898,10.0
4772,1898,7.0
4773,1899,4.0
4774,1900,6.0
4775,1900,7.0
4776,1900,2.0
4777,1901,4.0
4778,1901,7.0
4779,1902,8.0
4780,1902,5.0
4781,1903,4.0
4782,1903,12.0
4783,1904,10.0
4784,1905,4.0
4785,1905,12.0
4786,1905,13.0
4787,1906,10.0
4788,1907,0.0
4789,1907,1.0
4790,1907,8.0
4791,1908,0.0
4792,1908,10.0
4793,1908,4.0
4794,1909,3.0
4795,1909,8.0
4796,1910,0.0
4797,1910,10.0
4798,1911,12.0
4799,1911,8.0
4800,1912,4.0
4801,1913,4.0
4802,1914,2.0
4803,1914,12.0
4804,1914,5.0
4805,1915,3.0
4806,1915,4.0
4807,1915,14.0
4808,1916,4.0
4809,1917,4.0
4810,1917,14.0
4811,1918,0.0
4812,1918,1.0
4813,1918,10.0
4814,1919,10.0
4815,1919,11.0
4816,1920,0.0
4817,1920,4.0
4818,1921,4.0
4819,1921,8.0
4820,1922,15.0
4821,1922,4.0
4822,1922,14.0
4823,1923,4.0
4824,1923,15.0
4825,1924,4.0
4826,1924,13.0
4827,1924,8.0
4828,1925,4.0
4829,1925,8.0
4830,1926,12.0
4831,1926,8.0
4832,1927,10.0
4833,1927,11.0
4834,1927,4.0
4835,1928,4.0
4836,1928,8.0
4837,1929,10.0
4838,1929,4.0
4839,1930,0.0
4840,1930,3.0
4841,1930,8.0
4842,1931,1.0
4843,1931,4.0
4844,1932,0.0
4845,1932,1.0
4846,1932,10.0
4847,1933,0.0
4848,1933,10.0
4849,1934,10.0
4850,1934,11.0
4851,1935,4.0
4852,1936,0.0
4853,1936,10.0
4854,1936,2.0
4855,1937,10.0
4856,1937,3.0
4857,1938,4.0
4858,1938,13.0
4859,1938,5.0
4860,1939,0.0
4861,1939,1.0
4862,1939,2.0
4863,1940,10.0
4864,1940,4.0
4865,1941,4.0
4866,1941,13.0
4867,1941,8.0
4868,1942,2.0
4869,1942,7.0
4870,1943,4.0
4871,1944,10.0
4872,1944,4.0
4873,1944,11.0
4874,1945,4.0
4875,1945,11.0
4876,1945,3.0
4877,1946,4.0
4878,1946,3.0
4879,1947,6.0
4880,1947,7.0
4881,1948,10.0
4882,1948,4.0
4883,1949,4.0
4884,1950,7.0
4885,1950,1.0
4886,1950,6.0
4887,1951,7.0
4888,1951,6.0
4889,1952,8.0
4890,1952,3.0
4891,1952,4.0
4892,1953,11.0
4893,1953,1.0
4894,1953,0.0
4895,1954,14.0
4896,1954,0.0
4897,1954,4.0
4898,1955,3.0
4899,1955,0.0
4900,1955,8.0
4901,1956,0.0
4902,1956,8.0
4903,1957,4.0
4904,1957,11.0
4905,1958,1.0
4906,1958,4.0
4907,1959,5.0
4908,1959,1.0
4909,1960,4.0
4910,1961,12.0
4911,1961,13.0
4912,1962,0.0
4913,1962,4.0
4914,1962,9.0
4915,1963,10.0
4916,1963,11.0
4917,1964,10.0
4918,1964,3.0
4919,1965,4.0
4920,1965,7.0
4921,1965,16.0
4922,1966,10.0
4923,1967,10.0
4924,1967,4.0
4925,1968,12.0
4926,1968,13.0
4927,1968,8.0
4928,1969,11.0
4929,1969,10.0
4930,1969,4.0
4931,1970,10.0
4932,1971,10.0
4933,1971,3.0
4934,1971,8.0
4935,1972,10.0
4936,1972,15.0
4937,1973,1.0
4938,1973,4.0
4939,1973,0.0
4940,1974,4.0
4941,1975,10.0
4942,1975,11.0
4943,1976,2.0
4944,1976,10.0
4945,1976,5.0
4946,1977,1.0
4947,1977,7.0
4948,1977,2.0
4949,1978,0.0
4950,1978,10.0
4951,1978,4.0
4952,1979,10.0
4953,1979,4.0
4954,1980,11.0
4955,1980,10.0
4956,1981,10.0
4957,1981,12.0
4958,1982,4.0
4959,1982,16.0
4960,1983,6.0
4961,1983,10.0
4962,1983,7.0
4963,1984,1.0
4964,1984,2.0
4965,1984,6.0
4966,1985,11.0
4967,1985,4.0
4968,1986,3.0
4969,1986,4.0
4970,1986,0.0
4971,1987,2.0
4972,1987,6.0
4973,1987,1.0
4974,1988,10.0
4975,1988,12.0
4976,1989,10.0
4977,1990,1.0
4978,1990,0.0
4979,1990,5.0
4980,1991,0.0
4981,1991,10.0
4982,1991,3.0
4983,1992,10.0
4984,1992,3.0
4985,1993,12.0
4986,1994,4.0
4987,1995,8.0
4988,1995,5.0
4989,1995,0.0
4990,1996,10.0
4991,1996,11.0
4992,1997,11.0
4993,1997,5.0
4994,1997,4.0
4995,1998,13.0
4996,1998,8.0
4997,1998,4.0
4998,1999,2.0
4999,1999,1.0
5000,1999,7.0
5001,2000,4.0
5002,2000,10.0
5003,2000,11.0
5004,2001,0.0
5005,2001,10.0
5006,2002,0.0
5007,2002,8.0
5008,2003,1.0
5009,2003,8.0
5010,2004,4.0
5011,2005,4.0
5012,2005,7.0
5013,2006,4.0
5014,2007,0.0
5015,2007,8.0
5016,2008,14.0
5017,2008,4.0
5018,2008,8.0
5019,2009,4.0
5020,2009,14.0
5021,2010,9.0
5022,2010,4.0
5023,2011,4.0
5024,2011,10.0
5025,2011,11.0
5026,2012,4.0
5027,2012,11.0
5028,2013,4.0
5029,2013,0.0
5030,2013,14.0
5031,2014,12.0
5032,2014,8.0
5033,2015,10.0
5034,2015,5.0
5035,2016,15.0
5036,2016,4.0
5037,2017,2.0
5038,2017,4.0
5039,2017,8.0
5040,2018,11.0
5041,2018,10.0
5042,2019,2.0
5043,2019,4.0
5044,2019,10.0
5045,2020,4.0
5046,2020,7.0
5047,2021,10.0
5048,2021,7.0
5049,2022,4.0
5050,2022,11.0
5051,2023,0.0
5052,2023,10.0
5053,2024,4.0
5054,2024,14.0
5055,2025,4.0
5056,2026,3.0
5057,2026,4.0
5058,2026,13.0
5059,2027,4.0
5060,2028,4.0
5061,2029,2.0
5062,2029,0.0
5063,2029,8.0
5064,2030,4.0
5065,2030,8.0
5066,2031,4.0
5067,2031,10.0
5068,2031,3.0
5069,2032,4.0
5070,2032,11.0
5071,2033,10.0
5072,2034,10.0
5073,2035,8.0
5074,2036,10.0
5075,2036,3.0
5076,2036,11.0
5077,2037,10.0
5078,2037,7.0
5079,2038,8.0
5080,2038,4.0
5081,2038,3.0
5082,2039,10.0
5083,2040,4.0
5084,2040,8.0
5085,2041,10.0
5086,2041,4.0
5087,2041,13.0
5088,2042,10.0
5089,2042,16.0
5090,2043,0.0
5091,2043,8.0
5092,2044,7.0
5093,2044,12.0
5094,2045,10.0
5095,2045,11.0
5096,2046,0.0
5097,2046,1.0
5098,2046,3.0
5099,2047,0.0
5100,2047,5.0
5101,2047,8.0
5102,2048,4.0
5103,2048,10.0
5104,2048,8.0
5105,2049,10.0
5106,2049,7.0
5107,2049,11.0
5108,2050,8.0
5109,2050,0.0
5110,2050,3.0
5111,2051,4.0
5112,2051,11.0
5113,2052,4.0
5114,2052,8.0
5115,2052,15.0
5116,2053,11.0
5117,2053,4.0
5118,2053,14.0
5119,2054,0.0
5120,2054,10.0
5121,2054,11.0
5122,2055,0.0
5123,2055,10.0
5124,2055,3.0
5125,2056,13.0
5126,2056,8.0
5127,2057,0.0
5128,2057,8.0
5129,2057,1.0
5130,2058,4.0
5131,2059,11.0
5132,2059,4.0
5133,2059,10.0
5134,2060,8.0
5135,2060,4.0
5136,2060,3.0
5137,2061,4.0
5138,2061,13.0
5139,2061,3.0
5140,2062,10.0
5141,2062,4.0
5142,2063,4.0
5143,2063,8.0
5144,2063,13.0
5145,2064,6.0
5146,2064,1.0
5147,2064,11.0
5148,2065,11.0
5149,2065,10.0
5150,2066,5.0
5151,2066,0.0
5152,2066,1.0
5153,2067,6.0
5154,2067,10.0
5155,2067,16.0
5156,2068,10.0
5157,2068,4.0
5158,2069,0.0
5159,2069,1.0
5160,2069,10.0
5161,2070,10.0
5162,2070,11.0
5163,2071,4.0
5164,2071,10.0
5165,2071,11.0
5166,2072,3.0
5167,2072,4.0
5168,2073,4.0
5169,2074,0.0
5170,2074,3.0
5171,2074,8.0
5172,2075,4.0
5173,2075,0.0
5174,2076,12.0
5175,2076,8.0
5176,2076,5.0
5177,2077,4.0
5178,2077,10.0
5179,2077,11.0
5180,2078,4.0
5181,2078,10.0
5182,2079,11.0
5183,2079,4.0
5184,2080,4.0
5185,2080,8.0
5186,2080,13.0
5187,2081,4.0
5188,2081,10.0
5189,2081,11.0
5190,2082,4.0
5191,2083,10.0
5192,2084,0.0
5193,2084,8.0
5194,2084,5.0
5195,2085,1.0
5196,2085,0.0
5197,2086,10.0
5198,2086,7.0
5199,2086,1.0
5200,2087,5.0
5201,2087,4.0
5202,2088,12.0
5203,2088,8.0
5204,2089,0.0
5205,2089,10.0
5206,2089,3.0
5207,2090,10.0
5208,2091,3.0
5209,2091,4.0
5210,2091,8.0
5211,2092,16.0
5212,2092,10.0
5213,2093,10.0
5214,2093,17.0
5215,2093,0.0
5216,2094,12.0
5217,2094,8.0
5218,2095,1.0
5219,2095,10.0
5220,2095,7.0
5221,2096,12.0
5222,2096,8.0
5223,2097,1.0
5224,2097,10.0
5225,2097,7.0
5226,2098,10.0
5227,2099,10.0
5228,2099,16.0
5229,2100,0.0
5230,2100,2.0
5231,2101,10.0
5232,2102,10.0
5233,2102,4.0
5234,2103,1.0
5235,2103,7.0
5236,2103,4.0
5237,2104,4.0
5238,2104,7.0
5239,2104,11.0
5240,2105,4.0
5241,2105,14.0
5242,2106,4.0
5243,2106,11.0
5244,2106,10.0
5245,2107,10.0
5246,2107,11.0
5247,2108,2.0
5248,2108,4.0
5249,2108,11.0
5250,2109,4.0
5251,2109,11.0
5252,2110,4.0
5253,2110,10.0
5254,2110,3.0
5255,2111,0.0
5256,2111,3.0
5257,2111,8.0
5258,2112,10.0
5259,2113,10.0
5260,2114,1.0
5261,2114,2.0
5262,2114,6.0
5263,2115,14.0
5264,2115,4.0
5265,2116,7.0
5266,2116,6.0
5267,2116,1.0
5268,2117,8.0
5269,2117,12.0
5270,2117,4.0
5271,2118,8.0
5272,2118,4.0
5273,2118,13.0
5274,2119,6.0
5275,2119,7.0
5276,2120,12.0
5277,2120,8.0
5278,2120,13.0
5279,2121,1.0
5280,2121,4.0
5281,2121,7.0
5282,2122,0.0
5283,2122,1.0
5284,2122,10.0
5285,2123,4.0
5286,2123,8.0
5287,2123,14.0
5288,2124,4.0
5289,2124,3.0
5290,2124,8.0
5291,2125,12.0
5292,2125,8.0
5293,2126,10.0
5294,2126,4.0
5295,2126,11.0
5296,2127,1.0
5297,2127,10.0
5298,2127,7.0
5299,2128,10.0
5300,2128,4.0
5301,2128,11.0
5302,2129,1.0
5303,2129,7.0
5304,2129,5.0
5305,2130,3.0
5306,2130,4.0
5307,2130,8.0
5308,2131,4.0
5309,2132,12.0
5310,2132,10.0
5311,2133,4.0
5312,2134,4.0
5313,2134,10.0
5314,2135,4.0
5315,2135,13.0
5316,2136,16.0
5317,2136,1.0
5318,2136,6.0
5319,2137,12.0
5320,2137,8.0
5321,2138,4.0
5322,2138,8.0
5323,2139,10.0
5324,2140,4.0
5325,2140,0.0
5326,2140,10.0
5327,2141,14.0
5328,2141,4.0
5329,2142,0.0
5330,2143,12.0
5331,2143,13.0
5332,2143,8.0
5333,2144,10.0
5334,2145,3.0
5335,2145,4.0
5336,2145,13.0
5337,2146,12.0
5338,2146,8.0
5339,2146,13.0
5340,2147,4.0
5341,2147,8.0
5342,2148,10.0
5343,2148,4.0
5344,2148,11.0
5345,2149,12.0
5346,2149,13.0
5347,2149,8.0
5348,2150,4.0
5349,2150,8.0
5350,2151,8.0
5351,2151,3.0
5352,2151,4.0
5353,2152,5.0
5354,2152,4.0
5355,2152,11.0
5356,2153,10.0
5357,2153,11.0
5358,2154,0.0
5359,2154,3.0
5360,2154,4.0
5361,2155,10.0
5362,2155,0.0
5363,2155,5.0
5364,2156,0.0
5365,2156,1.0
5366,2156,3.0
5367,2157,2.0
5368,2157,12.0
5369,2157,0.0
5370,2158,10.0
5371,2158,11.0
5372,2159,1.0
5373,2159,10.0
5374,2159,11.0
5375,2160,12.0
5376,2160,8.0
5377,2161,11.0
5378,2161,0.0
5379,2161,1.0
5380,2162,7.0
5381,2162,6.0
5382,2163,0.0
5383,2163,1.0
5384,2163,2.0
5385,2164,10.0
5386,2164,4.0
5387,2165,10.0
5388,2165,7.0
5389,2166,2.0
5390,2166,4.0
5391,2166,10.0
5392,2167,13.0
5393,2167,1.0
5394,2167,3.0
5395,2168,4.0
5396,2168,9.0
5397,2168,3.0
5398,2169,0.0
5399,2169,4.0
5400,2169,2.0
5401,2170,4.0
5402,2170,12.0
5403,2170,8.0
5404,2171,11.0
5405,2171,10.0
5406,2172,4.0
5407,2172,11.0
5408,2173,10.0
5409,2173,4.0
5410,2173,11.0
5411,2174,10.0
5412,2175,1.0
5413,2175,4.0
5414,2175,2.0
5415,2176,10.0
5416,2176,4.0
5417,2176,7.0
5418,2177,4.0
5419,2178,1.0
5420,2178,4.0
5421,2179,10.0
5422,2179,4.0
5423,2179,11.0
5424,2180,8.0
5425,2180,12.0
5426,2180,13.0
5427,2181,12.0
5428,2181,0.0
5429,2181,8.0
5430,2182,6.0
5431,2182,7.0
5432,2183,10.0
5433,2183,4.0
5434,2183,11.0
5435,2184,0.0
5436,2184,10.0
5437,2184,3.0
5438,2185,1.0
5439,2185,10.0
5440,2185,7.0
5441,2186,4.0
5442,2187,4.0
5443,2187,3.0
5444,2187,8.0
5445,2188,0.0
5446,2188,4.0
5447,2188,8.0
5448,2189,10.0
5449,2189,11.0
5450,2190,4.0
5451,2190,10.0
5452,2190,11.0
5453,2191,17.0
5454,2192,4.0
5455,2192,14.0
5456,2193,3.0
5457,2193,4.0
5458,2193,13.0
5459,2194,0.0
5460,2194,10.0
5461,2195,0.0
5462,2195,3.0
5463,2195,4.0
5464,2196,10.0
5465,2196,8.0
5466,2196,3.0
5467,2197,10.0
5468,2197,11.0
5469,2198,0.0
5470,2198,8.0
5471,2198,5.0
5472,2199,10.0
5473,2200,0.0
5474,2200,8.0
5475,2200,3.0
5476,2201,0.0
5477,2201,10.0
5478,2201,8.0
5479,2202,4.0
5480,2203,4.0
5481,2203,0.0
5482,2203,8.0
5483,2204,10.0
5484,2204,4.0
5485,2205,0.0
5486,2205,1.0
5487,2205,4.0
5488,2206,10.0
5489,2206,2.0
5490,2206,11.0
5491,2207,0.0
5492,2207,1.0
5493,2207,4.0
5494,2208,4.0
5495,2208,12.0
5496,2208,13.0
5497,2209,1.0
5498,2209,0.0
5499,2209,10.0
5500,2210,4.0
5501,2210,10.0
5502,2211,10.0
5503,2211,4.0
5504,2212,0.0
5505,2212,8.0
5506,2213,10.0
5507,2213,4.0
5508,2214,10.0
5509,2214,11.0
5510,2215,4.0
5511,2216,10.0
5512,2216,3.0
5513,2216,4.0
5514,2217,16.0
5515,2217,10.0
5516,2217,11.0
5517,2218,0.0
5518,2218,3.0
5519,2218,4.0
5520,2219,4.0
5521,2220,10.0
5522,2220,7.0
5523,2221,0.0
5524,2221,10.0
5525,2221,3.0
5526,2222,0.0
5527,2222,10.0
5528,2222,3.0
5529,2223,10.0
5530,2224,10.0
5531,2224,4.0
5532,2224,16.0
5533,2225,10.0
5534,2225,11.0
5535,2225,3.0
5536,2226,7.0
5537,2227,16.0
5538,2227,4.0
5539,2228,10.0
5540,2228,2.0
5541,2229,0.0
5542,2229,3.0
5543,2229,8.0
5544,2230,12.0
5545,2231,10.0
5546,2232,10.0
5547,2232,4.0
5548,2232,16.0
5549,2233,10.0
5550,2233,4.0
5551,2233,15.0
5552,2234,4.0
5553,2234,8.0
5554,2235,6.0
5555,2235,5.0
5556,2235,8.0
5557,2236,4.0
5558,2237,0.0
5559,2237,2.0
5560,2237,12.0
5561,2238,10.0
5562,2238,4.0
5563,2238,7.0
5564,2239,4.0
5565,2239,13.0
5566,2239,8.0
5567,2240,3.0
5568,2240,4.0
5569,2240,8.0
5570,2241,4.0
5571,2241,11.0
5572,2241,15.0
5573,2242,4.0
5574,2243,4.0
5575,2243,16.0
5576,2244,0.0
5577,2244,8.0
5578,2245,1.0
5579,2245,10.0
5580,2245,4.0
5581,2246,4.0
5582,2247,1.0
5583,2247,2.0
5584,2247,6.0
5585,2248,10.0
5586,2248,4.0
5587,2248,18.0
5588,2249,10.0
5589,2249,16.0
5590,2250,0.0
5591,2250,1.0
5592,2250,3.0
5593,2251,4.0
5594,2252,10.0
5595,2253,0.0
5596,2253,5.0
5597,2253,8.0
5598,2254,4.0
5599,2254,15.0
5600,2255,4.0
5601,2255,0.0
5602,2255,8.0
5603,2256,7.0
5604,2257,4.0
5605,2257,11.0
5606,2258,6.0
5607,2258,2.0
5608,2258,5.0
5609,2259,4.0
5610,2260,4.0
5611,2260,13.0
5612,2260,8.0
5613,2261,1.0
5614,2262,10.0
5615,2262,4.0
5616,2262,7.0
5617,2263,10.0
5618,2263,2.0
5619,2264,0.0
5620,2264,10.0
5621,2264,12.0
5622,2265,4.0
5623,2265,8.0
5624,2266,4.0
5625,2266,2.0
5626,2267,12.0
5627,2267,13.0
5628,2267,8.0
5629,2268,0.0
5630,2268,14.0
5631,2268,4.0
5632,2269,3.0
5633,2269,4.0
5634,2269,8.0
5635,2270,10.0
5636,2270,6.0
5637,2270,1.0
5638,2271,4.0
5639,2271,14.0
5640,2272,6.0
5641,2273,4.0
5642,2274,8.0
5643,2275,8.0
5644,2275,3.0
5645,2276,4.0
5646,2276,11.0
5647,2277,0.0
5648,2277,3.0
5649,2277,4.0
5650,2278,1.0
5651,2278,4.0
5652,2278,9.0
5653,2279,10.0
5654,2280,4.0
5655,2280,3.0
5656,2280,13.0
5657,2281,10.0
5658,2282,3.0
5659,2282,12.0
5660,2282,13.0
5661,2283,12.0
5662,2283,8.0
5663,2284,12.0
5664,2284,8.0
5665,2285,1.0
5666,2285,10.0
5667,2285,5.0
5668,2286,12.0
5669,2286,13.0
5670,2286,8.0
5671,2287,4.0
5672,2287,10.0
5673,2288,0.0
5674,2288,4.0
5675,2289,10.0
5676,2289,11.0
5677,2289,4.0
5678,2290,10.0
5679,2291,4.0
5680,2291,0.0
5681,2291,8.0
5682,2292,6.0
5683,2292,4.0
5684,2292,7.0
5685,2293,13.0
5686,2293,12.0
5687,2293,0.0
5688,2294,2.0
5689,2294,1.0
5690,2294,6.0
5691,2295,0.0
5692,2295,3.0
5693,2296,0.0
5694,2296,4.0
5695,2296,14.0
5696,2297,4.0
5697,2298,10.0
5698,2298,1.0
5699,2298,11.0
5700,2299,11.0
5701,2299,10.0
5702,2300,4.0
5703,2300,14.0
5704,2301,10.0
5705,2301,4.0
5706,2301,11.0
5707,2302,4.0
5708,2303,7.0
5709,2303,2.0
5710,2303,16.0
5711,2304,8.0
5712,2304,4.0
5713,2304,16.0
5714,2305,4.0
5715,2306,12.0
5716,2306,8.0
5717,2306,4.0
5718,2307,10.0
5719,2307,3.0
5720,2307,4.0
5721,2308,12.0
5722,2309,0.0
5723,2310,1.0
5724,2310,4.0
5725,2310,10.0
5726,2311,10.0
5727,2311,11.0
5728,2311,2.0
5729,2312,10.0
5730,2313,11.0
5731,2313,10.0
5732,2313,3.0
5733,2314,2.0
5734,2314,4.0
5735,2314,10.0
5736,2315,10.0
5737,2316,10.0
5738,2317,5.0
5739,2317,0.0
5740,2317,1.0
5741,2318,3.0
5742,2318,4.0
5743,2318,12.0
5744,2319,10.0
5745,2320,8.0
5746,2320,0.0
5747,2320,5.0
5748,2321,10.0
5749,2321,4.0
5750,2321,11.0
5751,2322,10.0
5752,2322,4.0
5753,2323,4.0
5754,2323,10.0
5755,2323,3.0
5756,2324,5.0
5757,2324,10.0
5758,2324,3.0
5759,2325,11.0
5760,2325,10.0
5761,2325,7.0
5762,2326,7.0
5763,2326,10.0
5764,2327,5.0
5765,2327,0.0
5766,2327,1.0
5767,2328,4.0
5768,2328,14.0
5769,2328,16.0
5770,2329,3.0
5771,2329,12.0
5772,2330,10.0
5773,2331,10.0
5774,2331,4.0
5775,2331,11.0
5776,2332,4.0
5777,2332,13.0
5778,2332,8.0
5779,2333,10.0
5780,2333,4.0
5781,2333,2.0
5782,2334,4.0
5783,2334,10.0
5784,2335,10.0
5785,2335,4.0
5786,2336,4.0
5787,2336,14.0
5788,2336,3.0
5789,2337,11.0
5790,2337,16.0
5791,2337,7.0
5792,2338,0.0
5793,2338,10.0
5794,2339,12.0
5795,2340,0.0
5796,2340,4.0
5797,2341,15.0
5798,2341,10.0
5799,2341,4.0
5800,2342,10.0
5801,2342,3.0
5802,2342,4.0
5803,2343,1.0
5804,2343,2.0
5805,2343,0.0
5806,2344,4.0
5807,2345,4.0
5808,2345,11.0
5809,2346,0.0
5810,2346,1.0
5811,2346,3.0
5812,2347,16.0
5813,2347,10.0
5814,2347,4.0
5815,2348,1.0
5816,2348,4.0
5817,2348,8.0
5818,2349,0.0
5819,2349,10.0
5820,2349,3.0
5821,2350,4.0
5822,2350,16.0
5823,2351,10.0
5824,2351,7.0
5825,2352,7.0
5826,2352,0.0
5827,2352,1.0
5828,2353,4.0
5829,2354,4.0
5830,2354,14.0
5831,2355,10.0
5832,2355,11.0
5833,2356,4.0
5834,2356,10.0
5835,2356,11.0
5836,2357,0.0
5837,2357,1.0
5838,2357,11.0
5839,2358,4.0
5840,2358,8.0
5841,2359,4.0
5842,2359,13.0
5843,2359,8.0
5844,2360,0.0
5845,2360,3.0
5846,2361,4.0
5847,2362,10.0
5848,2362,4.0
5849,2362,11.0
5850,2363,1.0
5851,2363,10.0
5852,2363,7.0
5853,2364,10.0
5854,2364,4.0
5855,2364,11.0
5856,2365,4.0
5857,2365,11.0
5858,2366,2.0
5859,2367,4.0
5860,2367,11.0
5861,2368,10.0
5862,2368,4.0
5863,2368,14.0
5864,2369,4.0
5865,2370,14.0
5866,2371,0.0
5867,2371,3.0
5868,2371,8.0
5869,2372,1.0
5870,2372,0.0
5871,2372,5.0
5872,2373,4.0
5873,2374,4.0
5874,2374,11.0
5875,2375,1.0
5876,2375,4.0
5877,2375,5.0
5878,2376,10.0
5879,2376,11.0
5880,2377,4.0
5881,2377,14.0
5882,2378,3.0
5883,2378,4.0
5884,2378,13.0
5885,2379,12.0
5886,2380,11.0
5887,2380,5.0
5888,2380,12.0
5889,2381,4.0
5890,2381,13.0
5891,2381,8.0
5892,2382,16.0
5893,2383,4.0
5894,2384,3.0
5895,2384,4.0
5896,2384,8.0
5897,2385,8.0
5898,2385,4.0
5899,2386,9.0
5900,2386,0.0
5901,2386,4.0
5902,2387,12.0
5903,2387,5.0
5904,2388,0.0
5905,2388,3.0
5906,2388,4.0
5907,2389,0.0
5908,2389,6.0
5909,2389,5.0
5910,2390,1.0
5911,2390,2.0
5912,2390,0.0
5913,2391,8.0
5914,2392,10.0
5915,2393,10.0
5916,2393,3.0
5917,2393,4.0
5918,2394,12.0
5919,2394,0.0
5920,2395,16.0
5921,2395,4.0
5922,2395,11.0
5923,2396,6.0
5924,2396,10.0
5925,2396,7.0
5926,2397,4.0
5927,2397,14.0
5928,2397,15.0
5929,2398,0.0
5930,2398,3.0
5931,2398,4.0
5932,2399,4.0
5933,2399,16.0
5934,2400,8.0
5935,2400,0.0
5936,2401,8.0
5937,2402,12.0
5938,2402,4.0
5939,2402,13.0
5940,2403,12.0
5941,2403,0.0
5942,2403,8.0
5943,2404,4.0
5944,2404,7.0
5945,2404,16.0
5946,2405,12.0
5947,2405,8.0
5948,2405,13.0
5949,2406,10.0
5950,2407,10.0
5951,2407,4.0
5952,2407,11.0
5953,2408,10.0
5954,2409,12.0
5955,2409,8.0
5956,2410,10.0
5957,2410,7.0
5958,2410,5.0
5959,2411,10.0
5960,2412,0.0
5961,2412,10.0
5962,2412,3.0
5963,2413,12.0
5964,2413,3.0
5965,2414,10.0
5966,2414,11.0
5967,2415,10.0
5968,2416,4.0
5969,2416,2.0
5970,2416,11.0
5971,2417,12.0
5972,2417,8.0
5973,2418,10.0
5974,2419,4.0
5975,2420,10.0
5976,2421,4.0
5977,2422,10.0
5978,2422,16.0
5979,2422,11.0
5980,2423,4.0
5981,2423,10.0
5982,2423,11.0
5983,2424,4.0
5984,2424,3.0
5985,2424,8.0
5986,2425,12.0
5987,2425,8.0
5988,2426,10.0
5989,2427,7.0
5990,2428,3.0
5991,2428,4.0
5992,2428,8.0
5993,2429,0.0
5994,2429,4.0
5995,2429,14.0
5996,2430,12.0
5997,2431,10.0
5998,2431,11.0
5999,2432,10.0
6000,2432,4.0
6001,2432,7.0
6002,2433,0.0
6003,2433,1.0
6004,2433,5.0
6005,2434,4.0
6006,2435,0.0
6007,2435,3.0
6008,2435,4.0
6009,2436,4.0
6010,2437,1.0
6011,2438,2.0
6012,2438,4.0
6013,2438,8.0
6014,2439,1.0
6015,2439,8.0
6016,2440,4.0
6017,2440,3.0
6018,2440,8.0
6019,2441,8.0
6020,2441,11.0
6021,2442,0.0
6022,2442,1.0
6023,2442,10.0
6024,2443,6.0
6025,2443,7.0
6026,2444,0.0
6027,2444,1.0
6028,2444,5.0
6029,2445,12.0
6030,2445,8.0
6031,2446,10.0
6032,2446,4.0
6033,2446,7.0
6034,2447,4.0
6035,2447,13.0
6036,2447,11.0
6037,2448,3.0
6038,2448,4.0
6039,2449,4.0
6040,2449,11.0
6041,2450,4.0
6042,2450,11.0
6043,2451,10.0
6044,2452,4.0
6045,2453,4.0
6046,2454,10.0
6047,2455,10.0
6048,2455,11.0
6049,2455,4.0
6050,2456,4.0
6051,2457,10.0
6052,2457,1.0
6053,2458,10.0
6054,2458,4.0
6055,2458,11.0
6056,2459,4.0
6057,2459,10.0
6058,2459,11.0
6059,2460,12.0
6060,2460,8.0
6061,2460,13.0
6062,2461,10.0
6063,2461,4.0
6064,2461,11.0
6065,2462,12.0
6066,2463,4.0
6067,2464,10.0
6068,2464,7.0
6069,2465,2.0
6070,2465,4.0
6071,2465,15.0
6072,2466,0.0
6073,2466,10.0
6074,2466,7.0
6075,2467,3.0
6076,2467,4.0
6077,2467,11.0
6078,2468,8.0
6079,2468,4.0
6080,2468,12.0
6081,2469,13.0
6082,2469,1.0
6083,2469,10.0
6084,2470,8.0
6085,2470,0.0
6086,2470,3.0
6087,2471,3.0
6088,2471,0.0
6089,2471,10.0
6090,2472,10.0
6091,2472,4.0
6092,2472,11.0
6093,2473,4.0
6094,2473,11.0
6095,2474,0.0
6096,2474,1.0
6097,2474,4.0
6098,2475,10.0
6099,2475,4.0
6100,2475,11.0
6101,2476,4.0
6102,2477,10.0
6103,2477,12.0
6104,2478,10.0
6105,2478,3.0
6106,2478,13.0
6107,2479,10.0
6108,2479,4.0
6109,2480,4.0
6110,2480,11.0
6111,2481,4.0
6112,2481,10.0
6113,2481,11.0
6114,2482,10.0
6115,2482,5.0
6116,2483,4.0
6117,2484,8.0
6118,2484,5.0
6119,2484,13.0
6120,2485,10.0
6121,2485,4.0
6122,2486,0.0
6123,2486,5.0
6124,2486,8.0
6125,2487,10.0
6126,2487,4.0
6127,2487,16.0
6128,2488,10.0
6129,2488,4.0
6130,2489,10.0
6131,2489,16.0
6132,2490,1.0
6133,2490,0.0
6134,2490,2.0
6135,2491,4.0
6136,2492,5.0
6137,2492,0.0
6138,2492,1.0
6139,2493,4.0
6140,2493,11.0
6141,2494,4.0
6142,2494,14.0
6143,2494,7.0
6144,2495,8.0
6145,2495,3.0
6146,2495,4.0
6147,2496,11.0
6148,2496,10.0
6149,2497,10.0
6150,2498,4.0
6151,2499,2.0
6152,2499,4.0
6153,2500,10.0
6154,2500,11.0
6155,2500,12.0
6156,2501,4.0
6157,2501,7.0
6158,2502,3.0
6159,2502,4.0
6160,2502,8.0
6161,2503,9.0
6162,2503,4.0
6163,2504,10.0
6164,2504,4.0
6165,2505,15.0
6166,2505,4.0
6167,2506,0.0
6168,2506,1.0
6169,2506,4.0
6170,2507,13.0
6171,2507,3.0
6172,2507,4.0
6173,2508,4.0
6174,2508,0.0
6175,2508,10.0
6176,2509,10.0
6177,2509,12.0
6178,2509,5.0
6179,2510,0.0
6180,2510,10.0
6181,2510,3.0
6182,2511,10.0
6183,2511,7.0
6184,2512,7.0
6185,2512,10.0
6186,2512,4.0
6187,2513,10.0
6188,2513,11.0
6189,2514,0.0
6190,2514,11.0
6191,2514,15.0
6192,2515,1.0
6193,2515,4.0
6194,2515,0.0
6195,2516,4.0
6196,2517,4.0
6197,2517,14.0
6198,2518,10.0
6199,2519,4.0
6200,2519,11.0
6201,2520,4.0
6202,2521,0.0
6203,2521,1.0
6204,2521,4.0
6205,2522,14.0
6206,2522,4.0
6207,2522,8.0
6208,2523,10.0
6209,2524,4.0
6210,2524,16.0
6211,2525,10.0
6212,2525,7.0
6213,2526,12.0
6214,2527,10.0
6215,2527,1.0
6216,2527,11.0
6217,2528,10.0
6218,2529,4.0
6219,2530,2.0
6220,2530,10.0
6221,2531,10.0
6222,2531,4.0
6223,2532,4.0
6224,2532,11.0
6225,2533,4.0
6226,2533,12.0
6227,2533,8.0
6228,2534,12.0
6229,2534,8.0
6230,2535,10.0
6231,2535,7.0
6232,2536,4.0
6233,2536,15.0
6234,2537,10.0
6235,2537,4.0
6236,2538,7.0
6237,2538,10.0
6238,2539,8.0
6239,2539,4.0
6240,2540,12.0
6241,2540,10.0
6242,2540,2.0
6243,2541,12.0
6244,2541,13.0
6245,2541,5.0
6246,2542,4.0
6247,2542,16.0
6248,2543,0.0
6249,2543,3.0
6250,2543,4.0
6251,2544,10.0
6252,2545,3.0
6253,2545,4.0
6254,2545,8.0
6255,2546,3.0
6256,2546,4.0
6257,2546,8.0
6258,2547,4.0
6259,2547,11.0
6260,2548,10.0
6261,2548,3.0
6262,2549,10.0
6263,2549,4.0
6264,2549,11.0
6265,2550,1.0
6266,2550,4.0
6267,2550,14.0
6268,2551,12.0
6269,2552,4.0
6270,2553,3.0
6271,2553,8.0
6272,2553,12.0
6273,2554,10.0
6274,2554,11.0
6275,2555,12.0
6276,2555,8.0
6277,2556,1.0
6278,2556,7.0
6279,2556,2.0
6280,2557,4.0
6281,2558,4.0
6282,2558,0.0
6283,2558,8.0
6284,2559,10.0
6285,2560,10.0
6286,2560,4.0
6287,2560,11.0
6288,2561,12.0
6289,2561,8.0
6290,2561,5.0
6291,2562,4.0
6292,2563,10.0
6293,2563,4.0
6294,2563,7.0
6295,2564,0.0
6296,2564,10.0
6297,2564,4.0
6298,2565,0.0
6299,2565,10.0
6300,2565,8.0
6301,2566,10.0
6302,2567,13.0
6303,2567,8.0
6304,2567,12.0
6305,2568,4.0
6306,2568,2.0
6307,2568,12.0
6308,2569,4.0
6309,2569,8.0
6310,2569,3.0
6311,2570,10.0
6312,2570,7.0
6313,2571,4.0
6314,2571,11.0
6315,2572,4.0
6316,2573,0.0
6317,2573,1.0
6318,2573,4.0
6319,2574,4.0
6320,2575,12.0
6321,2575,8.0
6322,2576,12.0
6323,2577,2.0
6324,2577,4.0
6325,2577,5.0
6326,2578,0.0
6327,2578,1.0
6328,2578,4.0
6329,2579,0.0
6330,2579,10.0
6331,2580,4.0
6332,2580,11.0
6333,2581,13.0
6334,2581,12.0
6335,2581,5.0
6336,2582,4.0
6337,2582,3.0
6338,2583,3.0
6339,2583,0.0
6340,2583,8.0
6341,2584,4.0
6342,2584,13.0
6343,2584,8.0
6344,2585,4.0
6345,2585,8.0
6346,2585,15.0
6347,2586,2.0
6348,2586,4.0
6349,2586,12.0
6350,2587,3.0
6351,2587,8.0
6352,2588,8.0
6353,2589,10.0
6354,2590,1.0
6355,2590,6.0
6356,2590,10.0
6357,2591,16.0
6358,2591,17.0
6359,2592,0.0
6360,2592,2.0
6361,2592,5.0
6362,2593,3.0
6363,2593,4.0
6364,2593,16.0
6365,2594,4.0
6366,2594,11.0
6367,2595,4.0
6368,2596,3.0
6369,2596,8.0
6370,2597,0.0
6371,2597,10.0
6372,2597,8.0
6373,2598,2.0
6374,2598,10.0
6375,2599,4.0
6376,2599,16.0
6377,2600,10.0
6378,2600,4.0
6379,2600,11.0
6380,2601,7.0
6381,2602,0.0
6382,2603,4.0
6383,2603,10.0
6384,2603,11.0
6385,2604,11.0
6386,2605,10.0
6387,2605,5.0
6388,2606,16.0
6389,2606,4.0
6390,2606,11.0
6391,2607,10.0
6392,2607,3.0
6393,2608,4.0
6394,2609,0.0
6395,2609,3.0
6396,2609,4.0
6397,2610,4.0
6398,2610,8.0
6399,2611,4.0
6400,2611,10.0
6401,2611,11.0
6402,2612,10.0
6403,2613,10.0
6404,2613,4.0
6405,2613,14.0
6406,2614,10.0
6407,2614,4.0
6408,2614,2.0
6409,2615,4.0
6410,2615,7.0
6411,2616,10.0
6412,2616,4.0
6413,2616,3.0
6414,2617,10.0
6415,2618,10.0
6416,2618,16.0
6417,2619,10.0
6418,2620,4.0
6419,2621,10.0
6420,2621,11.0
6421,2622,8.0
6422,2623,1.0
6423,2623,3.0
6424,2623,4.0
6425,2624,10.0
6426,2624,4.0
6427,2624,14.0
6428,2625,0.0
6429,2625,10.0
6430,2625,3.0
6431,2626,8.0
6432,2626,10.0
6433,2626,12.0
6434,2627,8.0
6435,2627,4.0
6436,2627,13.0
6437,2628,4.0
6438,2628,2.0
6439,2628,12.0
6440,2629,10.0
6441,2629,4.0
6442,2629,11.0
6443,2630,4.0
6444,2630,11.0
6445,2630,5.0
6446,2631,4.0
6447,2632,8.0
6448,2632,3.0
6449,2632,13.0
6450,2633,1.0
6451,2633,4.0
6452,2634,10.0
6453,2634,4.0
6454,2635,12.0
6455,2635,8.0
6456,2635,3.0
6457,2636,4.0
6458,2636,8.0
6459,2636,5.0
6460,2637,4.0
6461,2638,4.0
6462,2638,5.0
6463,2639,0.0
6464,2639,8.0
6465,2639,5.0
6466,2640,4.0
6467,2640,3.0
6468,2641,0.0
6469,2641,4.0
6470,2641,14.0
6471,2642,4.0
6472,2642,10.0
6473,2642,15.0
6474,2643,8.0
6475,2643,4.0
6476,2643,13.0
6477,2644,1.0
6478,2644,0.0
6479,2644,8.0
6480,2645,1.0
6481,2645,0.0
6482,2645,4.0
6483,2646,4.0
6484,2646,0.0
6485,2646,8.0
6486,2647,13.0
6487,2647,4.0
6488,2647,3.0
6489,2648,4.0
6490,2649,4.0
6491,2649,8.0
6492,2649,3.0
6493,2650,0.0
6494,2650,10.0
6495,2650,4.0
6496,2651,10.0
6497,2651,4.0
6498,2651,11.0
6499,2652,4.0
6500,2652,2.0
6501,2653,6.0
6502,2653,1.0
6503,2653,7.0
6504,2654,8.0
6505,2654,5.0
6506,2655,0.0
6507,2655,1.0
6508,2655,2.0
6509,2656,4.0
6510,2657,4.0
6511,2657,0.0
6512,2657,8.0
6513,2658,4.0
6514,2658,18.0
6515,2659,11.0
6516,2659,2.0
6517,2659,4.0
6518,2660,10.0
6519,2660,4.0
6520,2660,16.0
6521,2661,4.0
6522,2661,11.0
6523,2662,4.0
6524,2662,15.0
6525,2663,4.0
6526,2664,9.0
6527,2665,4.0
6528,2666,4.0
6529,2666,11.0
6530,2667,4.0
6531,2667,11.0
6532,2667,8.0
6533,2668,11.0
6534,2668,10.0
6535,2669,1.0
6536,2669,10.0
6537,2670,8.0
6538,2670,13.0
6539,2670,4.0
6540,2671,4.0
6541,2671,15.0
6542,2672,10.0
6543,2673,13.0
6544,2673,12.0
6545,2674,4.0
6546,2674,16.0
6547,2675,1.0
6548,2675,0.0
6549,2675,8.0
6550,2676,12.0
6551,2676,8.0
6552,2677,10.0
6553,2677,4.0
6554,2677,11.0
6555,2678,0.0
6556,2678,1.0
6557,2678,4.0
6558,2679,10.0
6559,2679,7.0
6560,2680,14.0
6561,2680,4.0
6562,2681,0.0
6563,2681,1.0
6564,2681,6.0
6565,2682,4.0
6566,2682,11.0
6567,2683,0.0
6568,2683,1.0
6569,2683,10.0
6570,2684,10.0
6571,2684,12.0
6572,2684,11.0
6573,2685,12.0
6574,2685,8.0
6575,2685,2.0
6576,2686,12.0
6577,2686,8.0
6578,2687,10.0
6579,2687,11.0
6580,2688,8.0
6581,2688,13.0
6582,2688,1.0
6583,2689,10.0
6584,2690,10.0
6585,2691,10.0
6586,2691,4.0
6587,2691,15.0
6588,2692,12.0
6589,2692,8.0
6590,2693,4.0
6591,2693,16.0
6592,2693,11.0
6593,2694,10.0
6594,2694,4.0
6595,2695,10.0
6596,2695,11.0
6597,2696,12.0
6598,2696,5.0
6599,2697,14.0
6600,2697,4.0
6601,2698,10.0
6602,2698,11.0
6603,2699,10.0
6604,2700,4.0
6605,2701,11.0
6606,2701,4.0
6607,2702,4.0
6608,2702,13.0
6609,2702,8.0
6610,2703,4.0
6611,2703,11.0
6612,2704,0.0
6613,2704,4.0
6614,2704,8.0
6615,2705,12.0
6616,2705,13.0
6617,2705,8.0
6618,2706,4.0
6619,2706,11.0
6620,2707,10.0
6621,2707,11.0
6622,2708,0.0
6623,2708,1.0
6624,2708,4.0
6625,2709,14.0
6626,2709,4.0
6627,2710,4.0
6628,2710,11.0
6629,2711,4.0
6630,2711,14.0
6631,2712,14.0
6632,2712,0.0
6633,2713,10.0
6634,2713,4.0
6635,2713,14.0
6636,2714,4.0
6637,2715,10.0
6638,2715,12.0
6639,2716,11.0
6640,2716,4.0
6641,2717,4.0
6642,2717,11.0
6643,2718,10.0
6644,2718,4.0
6645,2718,11.0
6646,2719,4.0
6647,2719,11.0
6648,2720,10.0
6649,2721,4.0
6650,2722,10.0
6651,2722,3.0
6652,2723,4.0
6653,2723,13.0
6654,2723,8.0
6655,2724,4.0
6656,2724,14.0
6657,2724,15.0
6658,2725,4.0
6659,2726,8.0
6660,2726,5.0
6661,2726,4.0
6662,2727,10.0
6663,2727,4.0
6664,2727,15.0
6665,2728,0.0
6666,2728,10.0
6667,2728,8.0
6668,2729,17.0
6669,2729,16.0
6670,2729,7.0
6671,2730,4.0
6672,2730,8.0
6673,2731,4.0
6674,2731,3.0
6675,2732,4.0
6676,2732,7.0
6677,2732,11.0
6678,2733,12.0
6679,2733,8.0
6680,2734,4.0
6681,2735,10.0
6682,2736,3.0
6683,2736,0.0
6684,2736,1.0
6685,2737,10.0
6686,2738,10.0
6687,2738,11.0
6688,2739,10.0
6689,2739,11.0
6690,2739,4.0
6691,2740,10.0
6692,2740,7.0
6693,2741,10.0
6694,2742,12.0
6695,2742,4.0
6696,2742,8.0
6697,2743,5.0
6698,2743,8.0
6699,2744,10.0
6700,2744,7.0
6701,2745,10.0
6702,2745,4.0
6703,2746,5.0
6704,2746,10.0
6705,2746,7.0
6706,2747,0.0
6707,2747,1.0
6708,2747,10.0
6709,2748,10.0
6710,2748,4.0
6711,2748,7.0
6712,2749,4.0
6713,2749,12.0
6714,2750,3.0
6715,2750,8.0
6716,2751,5.0
6717,2751,12.0
6718,2751,8.0
6719,2752,4.0
6720,2752,5.0
6721,2753,2.0
6722,2753,4.0
6723,2753,10.0
6724,2754,10.0
6725,2754,11.0
6726,2755,7.0
6727,2755,1.0
6728,2755,5.0
6729,2756,4.0
6730,2756,11.0
6731,2757,0.0
6732,2757,1.0
6733,2757,4.0
6734,2758,1.0
6735,2758,10.0
6736,2758,4.0
6737,2759,10.0
6738,2759,11.0
6739,2760,4.0
6740,2760,8.0
6741,2761,10.0
6742,2762,10.0
6743,2762,3.0
6744,2762,12.0
6745,2763,10.0
6746,2764,4.0
6747,2764,8.0
6748,2765,16.0
6749,2765,4.0
6750,2766,1.0
6751,2766,10.0
6752,2766,4.0
6753,2767,10.0
6754,2767,3.0
6755,2767,8.0
6756,2768,10.0
6757,2769,4.0
6758,2769,11.0
6759,2770,4.0
6760,2771,10.0
6761,2771,4.0
6762,2771,11.0
6763,2772,11.0
6764,2772,4.0
6765,2773,4.0
6766,2773,8.0
6767,2773,13.0
6768,2774,10.0
6769,2774,3.0
6770,2774,4.0
6771,2775,4.0
6772,2775,0.0
6773,2775,10.0
6774,2776,4.0
6775,2776,11.0
6776,2777,0.0
6777,2778,4.0
6778,2779,4.0
6779,2779,11.0
6780,2779,9.0
6781,2780,8.0
6782,2780,12.0
6783,2781,0.0
6784,2781,10.0
6785,2781,5.0
6786,2782,4.0
6787,2782,11.0
6788,2782,15.0
6789,2783,3.0
6790,2783,8.0
6791,2784,14.0
6792,2784,4.0
6793,2784,15.0
6794,2785,7.0
6795,2785,0.0
6796,2785,1.0
6797,2786,10.0
6798,2786,4.0
6799,2786,11.0
6800,2787,1.0
6801,2787,4.0
6802,2788,4.0
6803,2788,11.0
6804,2789,4.0
6805,2789,11.0
6806,2790,0.0
6807,2790,8.0
6808,2790,3.0
6809,2791,11.0
6810,2791,5.0
6811,2792,3.0
6812,2792,4.0
6813,2792,13.0
6814,2793,3.0
6815,2793,4.0
6816,2793,8.0
6817,2794,4.0
6818,2794,2.0
6819,2794,12.0
6820,2795,12.0
6821,2795,13.0
6822,2795,8.0
6823,2796,1.0
6824,2796,4.0
6825,2796,11.0
6826,2797,10.0
6827,2797,11.0
6828,2797,4.0
6829,2798,15.0
6830,2798,4.0
6831,2799,4.0
6832,2799,3.0
6833,2799,16.0
6834,2800,4.0
6835,2800,11.0
6836,2801,3.0
6837,2801,4.0
6838,2802,10.0
6839,2802,4.0
6840,2802,11.0
6841,2803,0.0
6842,2803,10.0
6843,2803,8.0
6844,2804,3.0
6845,2804,10.0
6846,2804,4.0
6847,2805,6.0
6848,2805,1.0
6849,2805,7.0
6850,2806,0.0
6851,2806,1.0
6852,2806,4.0
6853,2807,4.0
6854,2807,7.0
6855,2808,4.0
6856,2808,12.0
6857,2808,8.0
6858,2809,12.0
6859,2809,8.0
6860,2809,1.0
6861,2810,10.0
6862,2810,11.0
6863,2811,6.0
6864,2811,10.0
6865,2811,4.0
6866,2812,0.0
6867,2812,1.0
6868,2812,10.0
6869,2813,10.0
6870,2813,11.0
6871,2814,10.0
6872,2814,4.0
6873,2815,0.0
6874,2815,1.0
6875,2815,5.0
6876,2816,10.0
6877,2816,13.0
6878,2817,8.0
6879,2817,5.0
6880,2818,3.0
6881,2818,4.0
6882,2818,11.0
6883,2819,0.0
6884,2819,8.0
6885,2819,15.0
6886,2820,16.0
6887,2820,4.0
6888,2820,11.0
6889,2821,6.0
6890,2821,10.0
6891,2822,10.0
6892,2822,3.0
6893,2822,11.0
6894,2823,10.0
6895,2823,1.0
6896,2824,5.0
6897,2824,4.0
6898,2824,8.0
6899,2825,16.0
6900,2825,4.0
6901,2825,11.0
6902,2826,7.0
6903,2826,2.0
6904,2826,5.0
6905,2827,0.0
6906,2827,1.0
6907,2827,10.0
6908,2828,10.0
6909,2828,3.0
6910,2829,4.0
6911,2829,14.0
6912,2829,15.0
6913,2830,12.0
6914,2830,8.0
6915,2831,12.0
6916,2831,5.0
6917,2831,8.0
6918,2832,4.0
6919,2832,12.0
6920,2832,8.0
6921,2833,10.0
6922,2833,7.0
6923,2834,10.0
6924,2835,10.0
6925,2835,7.0
6926,2835,2.0
6927,2836,4.0
6928,2836,11.0
6929,2837,17.0
6930,2837,16.0
6931,2838,11.0
6932,2838,4.0
6933,2839,4.0
6934,2839,3.0
6935,2840,4.0
6936,2840,10.0
6937,2841,12.0
6938,2841,5.0
6939,2842,12.0
6940,2842,13.0
6941,2842,8.0
6942,2843,4.0
6943,2844,10.0
6944,2844,4.0
6945,2845,12.0
6946,2845,4.0
6947,2845,8.0
6948,2846,2.0
6949,2846,11.0
6950,2846,7.0
6951,2847,4.0
6952,2847,13.0
6953,2847,11.0
6954,2848,10.0
6955,2849,4.0
6956,2849,1.0
6957,2850,12.0
6958,2850,10.0
6959,2850,8.0
6960,2851,10.0
6961,2851,7.0
6962,2851,2.0
6963,2852,10.0
6964,2852,4.0
6965,2853,0.0
6966,2853,8.0
6967,2853,3.0
6968,2854,10.0
6969,2854,11.0
6970,2855,10.0
6971,2855,4.0
6972,2855,11.0
6973,2856,10.0
6974,2856,4.0
6975,2856,11.0
6976,2857,4.0
6977,2858,11.0
6978,2858,3.0
6979,2858,4.0
6980,2859,4.0
6981,2859,11.0
6982,2860,0.0
6983,2860,4.0
6984,2860,14.0
6985,2861,10.0
6986,2862,10.0
6987,2862,4.0
6988,2862,5.0
6989,2863,1.0
6990,2863,4.0
6991,2863,0.0
6992,2864,4.0
6993,2864,8.0
6994,2865,5.0
6995,2865,8.0
6996,2866,4.0
6997,2866,14.0
6998,2866,16.0
6999,2867,0.0
7000,2867,10.0
7001,2868,0.0
7002,2868,8.0
7003,2868,5.0
7004,2869,10.0
7005,2869,4.0
7006,2870,4.0
7007,2870,10.0
7008,2871,4.0
7009,2871,10.0
7010,2872,10.0
7011,2872,11.0
7012,2873,10.0
7013,2874,13.0
7014,2874,8.0
7015,2875,4.0
7016,2875,11.0
7017,2876,10.0
7018,2876,4.0
7019,2877,12.0
7020,2877,4.0
7021,2877,5.0
7022,2878,1.0
7023,2878,3.0
7024,2878,8.0
7025,2879,10.0
7026,2879,12.0
7027,2879,8.0
7028,2880,10.0
7029,2880,4.0
7030,2881,10.0
7031,2881,4.0
7032,2882,10.0
7033,2882,4.0
7034,2883,4.0
7035,2883,12.0
7036,2883,8.0
7037,2884,2.0
7038,2884,4.0
7039,2884,5.0
7040,2885,3.0
7041,2885,4.0
7042,2885,11.0
7043,2886,1.0
7044,2886,4.0
7045,2886,7.0
7046,2887,4.0
7047,2887,11.0
7048,2888,3.0
7049,2888,4.0
7050,2888,8.0
7051,2889,10.0
7052,2890,10.0
7053,2890,4.0
7054,2891,8.0
7055,2891,4.0
7056,2891,13.0
7057,2892,4.0
7058,2892,11.0
7059,2893,4.0
7060,2893,8.0
7061,2894,15.0
7062,2894,4.0
7063,2895,10.0
7064,2896,10.0
7065,2896,4.0
7066,2896,8.0
7067,2897,8.0
7068,2897,5.0
7069,2897,13.0
7070,2898,4.0
7071,2898,14.0
7072,2898,15.0
7073,2899,6.0
7074,2899,7.0
7075,2899,0.0
7076,2900,5.0
7077,2901,15.0
7078,2901,4.0
7079,2902,12.0
7080,2903,4.0
7081,2904,4.0
7082,2905,8.0
7083,2905,3.0
7084,2906,4.0
7085,2906,11.0
7086,2907,4.0
7087,2907,12.0
7088,2908,4.0
7089,2909,4.0
7090,2910,4.0
7091,2910,14.0
7092,2910,11.0
7093,2911,2.0
7094,2911,12.0
7095,2911,10.0
7096,2912,1.0
7097,2912,0.0
7098,2912,5.0
7099,2913,10.0
7100,2914,4.0
7101,2914,11.0
7102,2914,15.0
7103,2915,1.0
7104,2915,3.0
7105,2915,4.0
7106,2916,10.0
7107,2916,4.0
7108,2916,7.0
7109,2917,4.0
7110,2918,0.0
7111,2918,10.0
7112,2918,17.0
7113,2919,10.0
7114,2919,4.0
7115,2920,4.0
7116,2921,0.0
7117,2921,10.0
7118,2921,3.0
7119,2922,10.0
7120,2923,10.0
7121,2923,7.0
7122,2923,5.0
7123,2924,8.0
7124,2924,4.0
7125,2925,4.0
7126,2925,11.0
7127,2926,4.0
7128,2927,4.0
7129,2927,11.0
7130,2927,8.0
7131,2928,12.0
7132,2928,13.0
7133,2929,10.0
7134,2930,1.0
7135,2931,0.0
7136,2931,10.0
7137,2931,3.0
7138,2932,4.0
7139,2932,12.0
7140,2932,8.0
7141,2933,4.0
7142,2933,0.0
7143,2934,5.0
7144,2935,4.0
7145,2935,11.0
7146,2936,4.0
7147,2936,11.0
7148,2936,15.0
7149,2937,10.0
7150,2938,10.0
7151,2939,4.0
7152,2939,10.0
7153,2939,11.0
7154,2940,10.0
7155,2940,11.0
7156,2941,4.0
7157,2941,8.0
7158,2941,3.0
7159,2942,4.0
7160,2943,4.0
7161,2944,2.0
7162,2944,12.0
7163,2944,10.0
7164,2945,10.0
7165,2945,11.0
7166,2946,11.0
7167,2946,4.0
7168,2947,4.0
7169,2947,14.0
7170,2948,3.0
7171,2948,4.0
7172,2949,10.0
7173,2949,11.0
7174,2950,10.0
7175,2950,4.0
7176,2950,11.0
7177,2951,4.0
7178,2951,16.0
7179,2952,4.0
7180,2952,11.0
7181,2952,8.0
7182,2953,4.0
7183,2953,1.0
7184,2953,11.0
7185,2954,4.0
7186,2954,14.0
7187,2955,10.0
7188,2955,16.0
7189,2955,11.0
7190,2956,4.0
7191,2957,4.0
7192,2957,8.0
7193,2957,3.0
7194,2958,12.0
7195,2958,8.0
7196,2958,3.0
7197,2959,4.0
7198,2959,0.0
7199,2959,8.0
7200,2960,4.0
7201,2960,10.0
7202,2960,11.0
7203,2961,3.0
7204,2961,4.0
7205,2961,13.0
7206,2962,4.0
7207,2962,11.0
7208,2963,4.0
7209,2963,10.0
7210,2963,11.0
7211,2964,5.0
7212,2964,8.0
7213,2964,12.0
7214,2965,12.0
7215,2966,5.0
7216,2966,13.0
7217,2966,1.0
7218,2967,5.0
7219,2967,1.0
7220,2967,7.0
7221,2968,11.0
7222,2968,10.0
7223,2968,4.0
7224,2969,1.0
7225,2969,4.0
7226,2969,7.0
7227,2970,4.0
7228,2970,10.0
7229,2971,4.0
7230,2971,10.0
7231,2971,11.0
7232,2972,4.0
7233,2972,0.0
7234,2972,14.0
7235,2973,14.0
7236,2973,4.0
7237,2974,10.0
7238,2974,4.0
7239,2974,16.0
7240,2975,4.0
7241,2976,4.0
7242,2976,8.0
7243,2977,12.0
7244,2977,8.0
7245,2977,3.0
7246,2978,0.0
7247,2978,10.0
7248,2979,10.0
7249,2980,0.0
7250,2980,12.0
7251,2980,8.0
7252,2981,10.0
7253,2981,11.0
7254,2982,12.0
7255,2982,8.0
7256,2982,3.0
7257,2983,4.0
7258,2983,12.0
7259,2983,8.0
7260,2984,4.0
7261,2984,10.0
7262,2984,11.0
7263,2985,4.0
7264,2986,0.0
7265,2986,4.0
7266,2986,14.0
7267,2987,10.0
7268,2987,7.0
7269,2988,12.0
7270,2988,13.0
7271,2988,8.0
7272,2989,10.0
7273,2990,12.0
7274,2990,8.0
7275,2991,1.0
7276,2991,10.0
7277,2991,5.0
7278,2992,4.0
7279,2992,7.0
7280,2992,16.0
7281,2993,4.0
7282,2993,10.0
7283,2994,5.0
7284,2994,6.0
7285,2994,10.0
7286,2995,0.0
7287,2995,1.0
7288,2995,5.0
7289,2996,0.0
7290,2996,1.0
7291,2996,8.0
7292,2997,12.0
7293,2997,13.0
7294,2997,8.0
7295,2998,12.0
7296,2998,13.0
7297,2998,8.0
7298,2999,10.0
7299,3000,4.0
7300,3000,12.0
7301,3000,8.0
7302,3001,0.0
7303,3001,1.0
7304,3001,10.0
7305,3002,12.0
7306,3002,8.0
7307,3002,5.0
7308,3003,10.0
7309,3003,16.0
7310,3003,11.0
7311,3004,2.0
7312,3004,10.0
7313,3004,1.0
7314,3005,10.0
7315,3005,4.0
7316,3006,4.0
7317,3006,2.0
7318,3006,12.0
7319,3007,0.0
7320,3007,8.0
7321,3008,0.0
7322,3008,10.0
7323,3008,3.0
7324,3009,4.0
7325,3009,8.0
7326,3010,10.0
7327,3010,11.0
7328,3011,10.0
7329,3011,4.0
7330,3011,11.0
7331,3012,3.0
7332,3012,4.0
7333,3013,1.0
7334,3013,7.0
7335,3013,2.0
7336,3014,12.0
7337,3014,5.0
7338,3014,8.0
7339,3015,12.0
7340,3016,4.0
7341,3016,16.0
7342,3017,12.0
7343,3017,8.0
7344,3018,13.0
7345,3018,5.0
7346,3018,8.0
7347,3019,4.0
7348,3019,10.0
7349,3019,16.0
7350,3020,4.0
7351,3020,0.0
7352,3020,8.0
7353,3021,0.0
7354,3021,8.0
7355,3022,10.0
7356,3022,4.0
7357,3022,7.0
7358,3023,10.0
7359,3023,4.0
7360,3024,5.0
7361,3025,4.0
7362,3025,10.0
7363,3026,10.0
7364,3026,4.0
7365,3026,7.0
7366,3027,10.0
7367,3027,4.0
7368,3027,7.0
7369,3028,4.0
7370,3028,11.0
7371,3029,0.0
7372,3029,10.0
7373,3030,0.0
7374,3030,12.0
7375,3031,12.0
7376,3031,8.0
7377,3032,9.0
7378,3032,14.0
7379,3033,0.0
7380,3033,3.0
7381,3033,13.0
7382,3034,4.0
7383,3035,0.0
7384,3035,1.0
7385,3035,10.0
7386,3036,17.0
7387,3036,16.0
7388,3037,10.0
7389,3038,6.0
7390,3038,7.0
7391,3039,4.0
7392,3040,0.0
7393,3040,10.0
7394,3040,3.0
7395,3041,10.0
7396,3041,4.0
7397,3041,11.0
7398,3042,8.0
7399,3042,13.0
7400,3043,1.0
7401,3043,4.0
7402,3044,10.0
7403,3044,11.0
7404,3045,10.0
7405,3045,3.0
7406,3046,10.0
7407,3047,4.0
7408,3048,10.0
7409,3048,3.0
7410,3048,8.0
7411,3049,10.0
7412,3049,7.0
7413,3050,3.0
7414,3050,13.0
7415,3050,12.0
7416,3051,0.0
7417,3051,1.0
7418,3051,10.0
7419,3052,3.0
7420,3052,4.0
7421,3052,8.0
7422,3053,10.0
7423,3054,10.0
7424,3055,10.0
7425,3055,4.0
7426,3055,11.0
7427,3056,10.0
7428,3057,4.0
7429,3058,12.0
7430,3058,8.0
7431,3059,6.0
7432,3059,4.0
7433,3059,7.0
7434,3060,4.0
7435,3060,8.0
7436,3060,13.0
7437,3061,4.0
7438,3062,0.0
7439,3062,3.0
7440,3062,4.0
7441,3063,10.0
7442,3064,10.0
7443,3064,11.0
7444,3065,10.0
7445,3065,11.0
7446,3065,7.0
7447,3066,4.0
7448,3067,10.0
7449,3067,7.0
7450,3067,11.0
7451,3068,1.0
7452,3068,4.0
7453,3068,15.0
7454,3069,10.0
7455,3069,4.0
7456,3069,16.0
7457,3070,4.0
7458,3070,10.0
7459,3071,4.0
7460,3071,11.0
7461,3072,4.0
7462,3072,5.0
7463,3072,13.0
7464,3073,0.0
7465,3073,3.0
7466,3073,4.0
7467,3074,0.0
7468,3074,3.0
7469,3074,4.0
7470,3075,4.0
7471,3076,4.0
7472,3076,11.0
7473,3077,0.0
7474,3077,8.0
7475,3078,4.0
7476,3078,11.0
7477,3079,10.0
7478,3080,10.0
7479,3080,4.0
7480,3081,12.0
7481,3081,8.0
7482,3082,1.0
7483,3082,13.0
7484,3082,8.0
7485,3083,10.0
7486,3083,4.0
7487,3083,13.0
7488,3084,4.0
7489,3085,4.0
7490,3085,13.0
7491,3085,8.0
7492,3086,0.0
7493,3086,10.0
7494,3086,11.0
7495,3087,1.0
7496,3087,4.0
7497,3087,0.0
7498,3088,8.0
7499,3088,3.0
7500,3088,4.0
7501,3089,0.0
7502,3089,5.0
7503,3090,8.0
7504,3090,10.0
7505,3090,3.0
7506,3091,3.0
7507,3091,4.0
7508,3091,8.0
7509,3092,10.0
7510,3092,4.0
7511,3093,3.0
7512,3093,4.0
7513,3093,8.0
7514,3094,10.0
7515,3095,4.0
7516,3095,11.0
7517,3096,4.0
7518,3097,10.0
7519,3097,11.0
7520,3098,0.0
7521,3098,1.0
7522,3098,10.0
7523,3099,0.0
7524,3099,10.0
7525,3100,4.0
7526,3101,10.0
7527,3101,3.0
7528,3101,8.0
7529,3102,4.0
7530,3103,4.0
7531,3104,4.0
7532,3104,8.0
7533,3105,10.0
7534,3105,4.0
7535,3106,0.0
7536,3106,3.0
7537,3106,10.0
7538,3107,10.0
7539,3107,11.0
7540,3108,12.0
7541,3108,10.0
7542,3108,8.0
7543,3109,4.0
7544,3109,8.0
7545,3110,4.0
7546,3111,10.0
7547,3111,3.0
7548,3112,4.0
7549,3112,3.0
7550,3113,15.0
7551,3113,14.0
7552,3113,4.0
7553,3114,10.0
7554,3114,7.0
7555,3114,11.0
7556,3115,10.0
7557,3116,10.0
7558,3116,4.0
7559,3116,11.0
7560,3117,10.0
7561,3117,11.0
7562,3118,10.0
7563,3118,4.0
7564,3119,4.0
7565,3119,7.0
7566,3120,4.0
7567,3120,8.0
7568,3121,10.0
7569,3122,10.0
7570,3122,11.0
7571,3123,3.0
7572,3123,13.0
7573,3123,8.0
7574,3124,4.0
7575,3124,12.0
7576,3124,8.0
7577,3125,10.0
7578,3125,4.0
7579,3126,8.0
7580,3126,4.0
7581,3126,12.0
7582,3127,16.0
7583,3127,4.0
7584,3128,0.0
7585,3128,8.0
7586,3129,7.0
7587,3129,6.0
7588,3129,1.0
7589,3130,4.0
7590,3130,15.0
7591,3131,4.0
7592,3131,11.0
7593,3131,10.0
7594,3132,10.0
7595,3132,11.0
7596,3133,0.0
7597,3133,12.0
7598,3133,8.0
7599,3134,4.0
7600,3134,18.0
7601,3134,11.0
7602,3135,10.0
7603,3136,0.0
7604,3136,1.0
7605,3136,10.0
7606,3137,12.0
7607,3137,8.0
7608,3138,4.0
7609,3138,0.0
7610,3138,10.0
7611,3139,10.0
7612,3140,4.0
7613,3140,11.0
7614,3141,10.0
7615,3142,0.0
7616,3143,0.0
7617,3143,8.0
7618,3143,1.0
7619,3144,4.0
7620,3144,0.0
7621,3144,10.0
7622,3145,4.0
7623,3145,11.0
7624,3146,12.0
7625,3146,8.0
7626,3147,12.0
7627,3147,5.0
7628,3148,0.0
7629,3148,1.0
7630,3148,10.0
7631,3149,10.0
7632,3149,4.0
7633,3149,11.0
7634,3150,6.0
7635,3150,5.0
7636,3151,0.0
7637,3151,10.0
7638,3151,8.0
7639,3152,4.0
7640,3152,15.0
7641,3153,0.0
7642,3153,12.0
7643,3153,8.0
7644,3154,4.0
7645,3154,0.0
7646,3154,11.0
7647,3155,4.0
7648,3155,5.0
7649,3156,4.0
7650,3156,10.0
7651,3156,7.0
7652,3157,4.0
7653,3157,11.0
7654,3158,12.0
7655,3158,0.0
7656,3158,8.0
7657,3159,12.0
7658,3160,4.0
7659,3160,16.0
7660,3161,4.0
7661,3161,11.0
7662,3162,1.0
7663,3162,0.0
7664,3162,8.0
7665,3163,12.0
7666,3163,10.0
7667,3163,5.0
7668,3164,10.0
7669,3164,4.0
7670,3164,11.0
7671,3165,4.0
7672,3165,0.0
7673,3165,3.0
7674,3166,4.0
7675,3166,10.0
7676,3167,12.0
7677,3167,8.0
7678,3168,17.0
7679,3169,12.0
7680,3169,8.0
7681,3170,10.0
7682,3170,4.0
7683,3170,7.0
7684,3171,10.0
7685,3171,1.0
7686,3172,4.0
7687,3172,8.0
7688,3173,3.0
7689,3173,4.0
7690,3173,8.0
7691,3174,10.0
7692,3175,12.0
7693,3175,8.0
7694,3176,10.0
7695,3176,11.0
7696,3177,15.0
7697,3177,4.0
7698,3177,14.0
7699,3178,4.0
7700,3179,10.0
7701,3179,11.0
7702,3180,0.0
7703,3180,3.0
7704,3180,4.0
7705,3181,10.0
7706,3181,4.0
7707,3182,10.0
7708,3183,11.0
7709,3183,4.0
7710,3183,7.0
7711,3184,0.0
7712,3184,5.0
7713,3184,10.0
7714,3185,4.0
7715,3186,10.0
7716,3186,4.0
7717,3186,11.0
7718,3187,10.0
7719,3187,16.0
7720,3188,4.0
7721,3188,16.0
7722,3189,12.0
7723,3189,13.0
7724,3190,17.0
7725,3190,16.0
7726,3190,7.0
7727,3191,4.0
7728,3191,18.0
7729,3191,14.0
7730,3192,12.0
7731,3192,8.0
7732,3193,10.0
7733,3194,10.0
7734,3194,4.0
7735,3195,4.0
7736,3196,4.0
7737,3196,7.0
7738,3196,18.0
7739,3197,3.0
7740,3197,4.0
7741,3197,14.0
7742,3198,10.0
7743,3198,11.0
7744,3199,8.0
7745,3199,13.0
7746,3199,3.0
7747,3200,4.0
7748,3200,11.0
7749,3201,4.0
7750,3201,11.0
7751,3202,1.0
7752,3202,10.0
7753,3203,6.0
7754,3203,5.0
7755,3204,8.0
7756,3204,13.0
7757,3204,5.0
7758,3205,4.0
7759,3205,14.0
7760,3205,15.0
7761,3206,4.0
7762,3207,8.0
7763,3207,3.0
7764,3207,13.0
7765,3208,0.0
7766,3208,1.0
7767,3208,6.0
7768,3209,8.0
7769,3209,0.0
7770,3209,4.0
7771,3210,12.0
7772,3210,10.0
7773,3211,4.0
7774,3211,16.0
7775,3211,11.0
7776,3212,4.0
7777,3212,16.0
7778,3212,11.0
7779,3213,10.0
7780,3214,5.0
7781,3215,1.0
7782,3215,7.0
7783,3216,10.0
7784,3217,4.0
7785,3218,11.0
7786,3218,10.0
7787,3219,4.0
7788,3219,11.0
7789,3220,12.0
7790,3220,4.0
7791,3220,8.0
7792,3221,0.0
7793,3221,4.0
7794,3221,14.0
7795,3222,4.0
7796,3222,11.0
7797,3223,4.0
7798,3223,11.0
7799,3224,0.0
7800,3224,1.0
7801,3224,4.0
7802,3225,1.0
7803,3225,4.0
7804,3225,8.0
7805,3226,4.0
7806,3226,18.0
7807,3226,11.0
7808,3227,4.0
7809,3227,14.0
7810,3227,15.0
7811,3228,11.0
7812,3229,4.0
7813,3229,14.0
7814,3229,11.0
7815,3230,12.0
7816,3230,10.0
7817,3230,16.0
7818,3231,1.0
7819,3231,4.0
7820,3231,0.0
7821,3232,8.0
7822,3232,3.0
7823,3233,1.0
7824,3233,10.0
7825,3233,7.0
7826,3234,3.0
7827,3234,4.0
7828,3234,8.0
7829,3235,10.0
7830,3235,12.0
7831,3236,4.0
7832,3236,7.0
7833,3236,16.0
7834,3237,10.0
7835,3237,2.0
7836,3237,11.0
7837,3238,10.0
7838,3238,4.0
7839,3239,3.0
7840,3239,4.0
7841,3240,12.0
7842,3240,8.0
7843,3240,5.0
7844,3241,4.0
7845,3242,3.0
7846,3242,4.0
7847,3243,10.0
7848,3243,11.0
7849,3244,10.0
7850,3244,8.0
7851,3244,3.0
7852,3245,10.0
7853,3245,4.0
7854,3246,12.0
7855,3246,13.0
7856,3246,8.0
7857,3247,10.0
7858,3247,11.0
7859,3248,10.0
7860,3249,1.0
7861,3250,4.0
7862,3250,10.0
7863,3250,11.0
7864,3251,1.0
7865,3251,0.0
7866,3251,8.0
7867,3252,12.0
7868,3252,8.0
7869,3252,13.0
7870,3253,4.0
7871,3253,10.0
7872,3253,11.0
7873,3254,4.0
7874,3255,10.0
7875,3255,3.0
7876,3256,10.0
7877,3257,8.0
7878,3257,4.0
7879,3257,3.0
7880,3258,4.0
7881,3258,10.0
7882,3258,11.0
7883,3259,0.0
7884,3259,10.0
7885,3259,3.0
7886,3260,0.0
7887,3260,8.0
7888,3260,3.0
7889,3261,4.0
7890,3262,10.0
7891,3262,4.0
7892,3262,11.0
7893,3263,10.0
7894,3264,10.0
7895,3264,4.0
7896,3264,11.0
7897,3265,4.0
7898,3265,12.0
7899,3266,10.0
7900,3267,10.0
7901,3267,11.0
7902,3268,10.0
7903,3269,10.0
7904,3269,4.0
7905,3269,11.0
7906,3270,4.0
7907,3270,11.0
7908,3271,6.0
7909,3271,10.0
7910,3271,4.0
7911,3272,10.0
7912,3272,4.0
7913,3273,10.0
7914,3273,8.0
7915,3273,16.0
7916,3274,0.0
7917,3274,8.0
7918,3275,10.0
7919,3275,3.0
7920,3275,4.0
7921,3276,10.0
7922,3276,4.0
7923,3277,10.0
7924,3277,4.0
7925,3277,14.0
7926,3278,4.0
7927,3279,4.0
7928,3279,11.0
7929,3280,4.0
7930,3280,1.0
7931,3281,6.0
7932,3281,7.0
7933,3281,2.0
7934,3282,10.0
7935,3282,16.0
7936,3282,11.0
7937,3283,4.0
7938,3283,11.0
7939,3284,4.0
7940,3284,0.0
7941,3284,8.0
7942,3285,19.0
7943,3285,11.0
7944,3285,4.0
7945,3286,10.0
7946,3286,16.0
7947,3286,13.0
7948,3287,4.0
7949,3287,11.0
7950,3287,15.0
7951,3288,11.0
7952,3288,10.0
7953,3288,4.0
7954,3289,10.0
7955,3289,4.0
7956,3289,11.0
7957,3290,0.0
7958,3290,10.0
7959,3291,3.0
7960,3291,12.0
7961,3291,8.0
7962,3292,4.0
7963,3293,0.0
7964,3293,3.0
7965,3293,4.0
7966,3294,10.0
7967,3294,3.0
7968,3294,4.0
7969,3295,4.0
7970,3296,5.0
7971,3296,6.0
7972,3297,4.0
7973,3297,0.0
7974,3297,8.0
7975,3298,4.0
7976,3299,0.0
7977,3299,4.0
7978,3299,8.0
7979,3300,10.0
7980,3300,11.0
7981,3301,4.0
7982,3301,10.0
7983,3301,11.0
7984,3302,4.0
7985,3303,8.0
7986,3303,3.0
7987,3304,0.0
7988,3304,4.0
7989,3305,0.0
7990,3305,1.0
7991,3305,5.0
7992,3306,0.0
7993,3306,3.0
7994,3306,8.0
7995,3307,10.0
7996,3307,4.0
7997,3308,10.0
7998,3308,4.0
7999,3309,3.0
8000,3309,0.0
8001,3309,10.0
8002,3310,4.0
8003,3310,15.0
8004,3311,10.0
8005,3311,4.0
8006,3312,12.0
8007,3313,4.0
8008,3313,11.0
8009,3314,10.0
8010,3314,4.0
8011,3314,11.0
8012,3315,10.0
8013,3315,4.0
8014,3316,0.0
8015,3316,3.0
8016,3316,4.0
8017,3317,10.0
8018,3318,0.0
8019,3318,1.0
8020,3318,10.0
8021,3319,4.0
8022,3319,11.0
8023,3320,10.0
8024,3321,4.0
8025,3321,16.0
8026,3322,4.0
8027,3322,8.0
8028,3322,3.0
8029,3323,4.0
8030,3323,11.0
8031,3323,5.0
8032,3324,10.0
8033,3325,4.0
8034,3326,4.0
8035,3326,0.0
8036,3326,3.0
8037,3327,7.0
8038,3327,10.0
8039,3327,11.0
8040,3328,6.0
8041,3328,4.0
8042,3329,8.0
8043,3329,1.0
8044,3329,2.0
8045,3330,4.0
8046,3330,8.0
8047,3331,8.0
8048,3331,12.0
8049,3332,8.0
8050,3332,3.0
8051,3332,4.0
8052,3333,12.0
8053,3333,8.0
8054,3334,10.0
8055,3334,4.0
8056,3334,11.0
8057,3335,0.0
8058,3336,1.0
8059,3336,0.0
8060,3336,8.0
8061,3337,4.0
8062,3337,3.0
8063,3338,4.0
8064,3338,16.0
8065,3338,11.0
8066,3339,10.0
8067,3339,4.0
8068,3339,11.0
8069,3340,4.0
8070,3340,11.0
8071,3341,4.0
8072,3341,10.0
8073,3342,8.0
8074,3342,12.0
8075,3343,1.0
8076,3343,0.0
8077,3343,8.0
8078,3344,10.0
8079,3344,4.0
8080,3344,7.0
8081,3345,10.0
8082,3345,11.0
8083,3346,10.0
8084,3347,4.0
8085,3347,14.0
8086,3348,3.0
8087,3348,4.0
8088,3349,8.0
8089,3349,0.0
8090,3349,3.0
8091,3350,1.0
8092,3350,0.0
8093,3350,11.0
8094,3351,1.0
8095,3351,0.0
8096,3351,8.0
8097,3352,0.0
8098,3352,1.0
8099,3352,10.0
8100,3353,1.0
8101,3353,12.0
8102,3354,17.0
8103,3355,12.0
8104,3356,10.0
8105,3356,11.0
8106,3357,4.0
8107,3357,12.0
8108,3357,3.0
8109,3358,3.0
8110,3358,4.0
8111,3358,10.0
8112,3359,4.0
8113,3359,0.0
8114,3359,8.0
8115,3360,12.0
8116,3361,12.0
8117,3361,0.0
8118,3361,8.0
8119,3362,10.0
8120,3362,4.0
8121,3363,10.0
8122,3363,4.0
8123,3363,13.0
8124,3364,1.0
8125,3364,10.0
8126,3364,2.0
8127,3365,11.0
8128,3365,4.0
8129,3366,4.0
8130,3366,11.0
8131,3367,4.0
8132,3368,11.0
8133,3368,10.0
8134,3368,4.0
8135,3369,4.0
8136,3369,10.0
8137,3369,16.0
8138,3370,1.0
8139,3370,4.0
8140,3370,0.0
8141,3371,10.0
8142,3372,8.0
8143,3372,0.0
8144,3372,12.0
8145,3373,0.0
8146,3373,1.0
8147,3373,4.0
8148,3374,4.0
8149,3374,11.0
8150,3375,4.0
8151,3376,10.0
8152,3376,4.0
8153,3376,11.0
8154,3377,4.0
8155,3377,7.0
8156,3378,4.0
8157,3378,3.0
8158,3379,4.0
8159,3380,4.0
8160,3380,8.0
8161,3381,4.0
8162,3381,7.0
8163,3382,0.0
8164,3382,4.0
8165,3383,10.0
8166,3384,4.0
8167,3384,11.0
8168,3385,0.0
8169,3385,1.0
8170,3385,4.0
8171,3386,2.0
8172,3386,10.0
8173,3386,5.0
8174,3387,10.0
8175,3387,4.0
8176,3388,10.0
8177,3388,4.0
8178,3389,10.0
8179,3390,4.0
8180,3391,10.0
8181,3391,3.0
8182,3391,4.0
8183,3392,13.0
8184,3392,4.0
8185,3392,1.0
8186,3393,4.0
8187,3393,11.0
8188,3394,11.0
8189,3394,4.0
8190,3395,10.0
8191,3396,4.0
8192,3396,5.0
8193,3397,3.0
8194,3397,8.0
8195,3397,10.0
8196,3398,4.0
8197,3399,0.0
8198,3399,8.0
8199,3399,3.0
8200,3400,3.0
8201,3400,8.0
8202,3401,12.0
8203,3401,8.0
8204,3402,6.0
8205,3402,2.0
8206,3403,7.0
8207,3403,6.0
8208,3403,10.0
8209,3404,11.0
8210,3404,9.0
8211,3405,1.0
8212,3405,5.0
8213,3406,10.0
8214,3406,4.0
8215,3407,10.0
8216,3407,4.0
8217,3407,7.0
8218,3408,4.0
8219,3408,11.0
8220,3409,8.0
8221,3409,3.0
8222,3409,4.0
8223,3410,4.0
8224,3410,14.0
8225,3410,11.0
8226,3411,10.0
8227,3411,4.0
8228,3412,0.0
8229,3412,8.0
8230,3412,3.0
8231,3413,12.0
8232,3413,8.0
8233,3414,4.0
8234,3414,15.0
8235,3414,13.0
8236,3415,4.0
8237,3415,10.0
8238,3415,11.0
8239,3416,0.0
8240,3416,10.0
8241,3416,3.0
8242,3417,4.0
8243,3417,0.0
8244,3417,3.0
8245,3418,12.0
8246,3419,10.0
8247,3419,4.0
8248,3419,18.0
8249,3420,3.0
8250,3420,4.0
8251,3421,4.0
8252,3421,16.0
8253,3422,10.0
8254,3422,4.0
8255,3422,11.0
8256,3423,12.0
8257,3423,13.0
8258,3423,8.0
8259,3424,0.0
8260,3424,1.0
8261,3424,4.0
8262,3425,3.0
8263,3425,10.0
8264,3425,8.0
8265,3426,10.0
8266,3426,4.0
8267,3426,11.0
8268,3427,5.0
8269,3427,8.0
8270,3428,12.0
8271,3428,8.0
8272,3429,4.0
8273,3430,4.0
8274,3431,4.0
8275,3431,8.0
8276,3431,3.0
8277,3432,4.0
8278,3433,4.0
8279,3433,8.0
8280,3434,11.0
8281,3434,4.0
8282,3435,4.0
8283,3435,10.0
8284,3435,18.0
8285,3436,4.0
8286,3436,14.0
8287,3437,0.0
8288,3437,4.0
8289,3437,8.0
8290,3438,4.0
8291,3439,0.0
8292,3439,8.0
8293,3439,5.0
8294,3440,10.0
8295,3440,4.0
8296,3440,11.0
8297,3441,4.0
8298,3442,10.0
8299,3442,12.0
8300,3443,11.0
8301,3443,10.0
8302,3444,11.0
8303,3445,4.0
8304,3445,15.0
8305,3445,0.0
8306,3446,17.0
8307,3447,14.0
8308,3447,4.0
8309,3447,9.0
8310,3448,10.0
8311,3448,7.0
8312,3448,2.0
8313,3449,4.0
8314,3450,3.0
8315,3450,4.0
8316,3450,16.0
8317,3451,10.0
8318,3452,10.0
8319,3452,4.0
8320,3452,11.0
8321,3453,10.0
8322,3453,4.0
8323,3453,11.0
8324,3454,4.0
8325,3454,3.0
8326,3454,8.0
8327,3455,12.0
8328,3455,8.0
8329,3456,10.0
8330,3456,11.0
8331,3457,4.0
8332,3457,11.0
8333,3458,9.0
8334,3459,10.0
8335,3460,5.0
8336,3460,0.0
8337,3461,10.0
8338,3461,4.0
8339,3462,10.0
8340,3462,7.0
8341,3463,3.0
8342,3463,0.0
8343,3463,10.0
8344,3464,10.0
8345,3464,16.0
8346,3465,10.0
8347,3465,4.0
8348,3465,11.0
8349,3466,10.0
8350,3466,4.0
8351,3466,2.0
8352,3467,3.0
8353,3467,12.0
8354,3467,8.0
8355,3468,4.0
8356,3469,12.0
8357,3469,8.0
8358,3470,10.0
8359,3470,3.0
8360,3470,4.0
8361,3471,17.0
8362,3472,4.0
8363,3472,11.0
8364,3473,10.0
8365,3473,4.0
8366,3473,11.0
8367,3474,4.0
8368,3474,8.0
8369,3475,10.0
8370,3475,9.0
8371,3476,4.0
8372,3476,10.0
8373,3477,0.0
8374,3477,10.0
8375,3477,8.0
8376,3478,10.0
8377,3479,4.0
8378,3479,11.0
8379,3480,10.0
8380,3480,4.0
8381,3481,10.0
8382,3481,11.0
8383,3482,4.0
8384,3482,10.0
8385,3483,10.0
8386,3484,10.0
8387,3484,16.0
8388,3485,0.0
8389,3486,13.0
8390,3486,4.0
8391,3486,8.0
8392,3487,4.0
8393,3487,14.0
8394,3488,10.0
8395,3488,3.0
8396,3488,8.0
8397,3489,4.0
8398,3489,8.0
8399,3490,1.0
8400,3490,9.0
8401,3491,4.0
8402,3492,8.0
8403,3492,1.0
8404,3492,4.0
8405,3493,4.0
8406,3494,0.0
8407,3494,1.0
8408,3494,2.0
8409,3495,4.0
8410,3496,4.0
8411,3497,4.0
8412,3498,4.0
8413,3498,14.0
8414,3499,4.0
8415,3499,11.0
8416,3500,0.0
8417,3500,10.0
8418,3501,4.0
8419,3502,10.0
8420,3503,17.0
8421,3504,3.0
8422,3504,4.0
8423,3504,8.0
8424,3505,0.0
8425,3505,8.0
8426,3506,3.0
8427,3506,13.0
8428,3506,8.0
8429,3507,3.0
8430,3507,4.0
8431,3507,8.0
8432,3508,4.0
8433,3508,7.0
8434,3509,0.0
8435,3509,8.0
8436,3510,11.0
8437,3510,10.0
8438,3510,4.0
8439,3511,12.0
8440,3511,13.0
8441,3511,5.0
8442,3512,4.0
8443,3512,10.0
8444,3512,11.0
8445,3513,4.0
8446,3514,4.0
8447,3514,14.0
8448,3514,15.0
8449,3515,10.0
8450,3516,0.0
8451,3516,4.0
8452,3516,8.0
8453,3517,4.0
8454,3517,8.0
8455,3518,0.0
8456,3518,3.0
8457,3518,4.0
8458,3519,10.0
8459,3520,10.0
8460,3520,4.0
8461,3520,11.0
8462,3521,4.0
8463,3522,0.0
8464,3522,1.0
8465,3522,4.0
8466,3523,0.0
8467,3523,10.0
8468,3524,8.0
8469,3524,12.0
8470,3525,10.0
8471,3525,16.0
8472,3525,7.0
8473,3526,10.0
8474,3526,3.0
8475,3526,4.0
8476,3527,4.0
8477,3527,14.0
8478,3528,10.0
8479,3528,4.0
8480,3528,11.0
8481,3529,4.0
8482,3530,11.0
8483,3530,10.0
8484,3530,4.0
8485,3531,9.0
8486,3532,10.0
8487,3532,4.0
8488,3533,4.0
8489,3533,11.0
8490,3534,10.0
8491,3534,5.0
8492,3535,4.0
8493,3536,10.0
8494,3536,11.0
8495,3537,3.0
8496,3537,4.0
8497,3537,13.0
8498,3538,4.0
8499,3539,4.0
8500,3540,4.0
8501,3540,10.0
8502,3541,4.0
8503,3541,8.0
8504,3541,3.0
8505,3542,10.0
8506,3542,4.0
8507,3543,4.0
8508,3544,4.0
8509,3545,10.0
8510,3545,8.0
8511,3545,0.0
8512,3546,10.0
8513,3547,4.0
8514,3547,10.0
8515,3547,18.0
8516,3548,8.0
8517,3548,3.0
8518,3549,5.0
8519,3549,10.0
8520,3549,8.0
8521,3550,10.0
8522,3550,4.0
8523,3551,4.0
8524,3552,5.0
8525,3552,4.0
8526,3552,2.0
8527,3553,4.0
8528,3553,0.0
8529,3553,3.0
8530,3554,12.0
8531,3554,8.0
8532,3555,12.0
8533,3556,8.0
8534,3556,5.0
8535,3556,4.0
8536,3557,17.0
8537,3557,10.0
8538,3558,12.0
8539,3558,8.0
8540,3559,12.0
8541,3560,12.0
8542,3561,12.0
8543,3561,8.0
8544,3562,10.0
8545,3562,4.0
8546,3563,12.0
8547,3564,4.0
8548,3565,10.0
8549,3566,12.0
8550,3566,8.0
8551,3566,10.0
8552,3567,3.0
8553,3567,4.0
8554,3568,1.0
8555,3568,4.0
8556,3568,5.0
8557,3569,12.0
8558,3569,8.0
8559,3570,4.0
8560,3570,14.0
8561,3571,4.0
8562,3571,14.0
8563,3572,8.0
8564,3572,12.0
8565,3573,13.0
8566,3573,8.0
8567,3574,12.0
8568,3575,10.0
8569,3576,4.0
8570,3576,10.0
8571,3576,16.0
8572,3577,10.0
8573,3577,4.0
8574,3578,10.0
8575,3579,7.0
8576,3579,4.0
8577,3579,0.0
8578,3580,6.0
8579,3580,7.0
8580,3580,10.0
8581,3581,4.0
8582,3582,4.0
8583,3583,10.0
8584,3583,4.0
8585,3584,0.0
8586,3584,4.0
8587,3585,4.0
8588,3586,12.0
8589,3586,8.0
8590,3587,4.0
8591,3587,8.0
8592,3588,4.0
8593,3589,4.0
8594,3590,14.0
8595,3590,4.0
8596,3591,0.0
8597,3591,3.0
8598,3591,8.0
8599,3592,12.0
8600,3592,8.0
8601,3593,10.0
8602,3593,4.0
8603,3593,11.0
8604,3594,4.0
8605,3594,3.0
8606,3595,12.0
8607,3595,8.0
8608,3596,4.0
8609,3596,11.0
8610,3597,12.0
8611,3597,10.0
8612,3598,4.0
8613,3598,12.0
8614,3599,4.0
8615,3599,13.0
8616,3599,11.0
8617,3600,12.0
8618,3600,8.0
8619,3601,12.0
8620,3601,13.0
8621,3602,10.0
8622,3602,4.0
8623,3603,0.0
8624,3603,3.0
8625,3603,4.0
8626,3604,12.0
8627,3604,8.0
8628,3604,5.0
8629,3605,10.0
8630,3605,4.0
8631,3606,0.0
8632,3606,8.0
8633,3607,0.0
8634,3607,2.0
8635,3608,4.0
8636,3608,14.0
8637,3608,11.0
8638,3609,11.0
8639,3609,10.0
8640,3610,4.0
8641,3610,11.0
8642,3611,4.0
8643,3611,11.0
8644,3611,15.0
8645,3612,10.0
8646,3612,11.0
8647,3613,2.0
8648,3613,6.0
8649,3613,5.0
8650,3614,10.0
8651,3614,4.0
8652,3615,10.0
8653,3615,3.0
8654,3615,4.0
8655,3616,0.0
8656,3616,1.0
8657,3616,4.0
8658,3617,0.0
8659,3617,1.0
8660,3617,12.0
8661,3618,0.0
8662,3618,1.0
8663,3618,15.0
8664,3619,10.0
8665,3620,10.0
8666,3621,10.0
8667,3621,4.0
8668,3622,9.0
8669,3623,0.0
8670,3623,10.0
8671,3623,8.0
8672,3624,5.0
8673,3624,4.0
8674,3625,10.0
8675,3626,17.0
8676,3627,4.0
8677,3628,4.0
8678,3628,14.0
8679,3629,10.0
8680,3629,4.0
8681,3630,10.0
8682,3630,12.0
8683,3630,5.0
8684,3631,4.0
8685,3631,2.0
8686,3632,4.0
8687,3633,10.0
8688,3633,4.0
8689,3633,11.0
8690,3634,10.0
8691,3634,3.0
8692,3634,13.0
8693,3635,8.0
8694,3635,4.0
8695,3636,4.0
8696,3636,3.0
8697,3637,8.0
8698,3637,3.0
8699,3637,4.0
8700,3638,4.0
8701,3639,10.0
8702,3639,4.0
8703,3639,3.0
8704,3640,12.0
8705,3640,3.0
8706,3640,8.0
8707,3641,10.0
8708,3641,4.0
8709,3641,11.0
8710,3642,4.0
8711,3642,5.0
8712,3642,13.0
8713,3643,10.0
8714,3643,3.0
8715,3643,4.0
8716,3644,3.0
8717,3644,4.0
8718,3644,8.0
8719,3645,4.0
8720,3645,18.0
8721,3645,14.0
8722,3646,17.0
8723,3647,4.0
8724,3648,10.0
8725,3648,12.0
8726,3649,4.0
8727,3649,11.0
8728,3650,0.0
8729,3650,4.0
8730,3650,11.0
8731,3651,10.0
8732,3651,4.0
8733,3652,12.0
8734,3652,5.0
8735,3652,8.0
8736,3653,12.0
8737,3653,8.0
8738,3654,4.0
8739,3654,15.0
8740,3655,11.0
8741,3655,8.0
8742,3656,12.0
8743,3656,8.0
8744,3656,5.0
8745,3657,8.0
8746,3658,12.0
8747,3658,10.0
8748,3658,3.0
8749,3659,4.0
8750,3659,2.0
8751,3659,10.0
8752,3660,10.0
8753,3660,17.0
8754,3661,4.0
8755,3662,16.0
8756,3662,4.0
8757,3662,10.0
8758,3663,7.0
8759,3663,6.0
8760,3664,11.0
8761,3664,10.0
8762,3665,19.0
8763,3665,3.0
8764,3665,4.0
8765,3666,8.0
8766,3666,4.0
8767,3667,0.0
8768,3667,8.0
8769,3667,15.0
8770,3668,4.0
8771,3668,0.0
8772,3668,8.0
8773,3669,10.0
8774,3669,4.0
8775,3670,7.0
8776,3671,10.0
8777,3671,2.0
8778,3671,12.0
8779,3672,12.0
8780,3672,0.0
8781,3673,10.0
8782,3673,4.0
8783,3674,4.0
8784,3674,10.0
8785,3675,4.0
8786,3676,12.0
8787,3676,8.0
8788,3677,12.0
8789,3678,10.0
8790,3678,4.0
8791,3679,8.0
8792,3679,4.0
8793,3680,12.0
8794,3680,8.0
8795,3681,4.0
8796,3681,10.0
8797,3682,10.0
8798,3683,12.0
8799,3684,9.0
8800,3685,4.0
8801,3685,8.0
8802,3685,3.0
8803,3686,4.0
8804,3686,11.0
8805,3687,10.0
8806,3687,11.0
8807,3688,4.0
8808,3688,7.0
8809,3689,0.0
8810,3689,10.0
8811,3689,4.0
8812,3690,4.0
8813,3690,10.0
8814,3690,11.0
8815,3691,4.0
8816,3691,10.0
8817,3692,4.0
8818,3693,4.0
8819,3694,10.0
8820,3694,3.0
8821,3695,11.0
8822,3695,1.0
8823,3695,4.0
8824,3696,10.0
8825,3696,4.0
8826,3696,11.0
8827,3697,10.0
8828,3698,1.0
8829,3698,4.0
8830,3699,3.0
8831,3699,4.0
8832,3700,3.0
8833,3700,4.0
8834,3700,11.0
8835,3701,3.0
8836,3701,4.0
8837,3702,16.0
8838,3702,11.0
8839,3703,4.0
8840,3703,18.0
8841,3703,11.0
8842,3704,4.0
8843,3705,10.0
8844,3706,2.0
8845,3706,4.0
8846,3706,13.0
8847,3707,0.0
8848,3707,10.0
8849,3707,18.0
8850,3708,4.0
8851,3708,18.0
8852,3708,14.0
8853,3709,10.0
8854,3709,3.0
8855,3709,4.0
8856,3710,10.0
8857,3710,4.0
8858,3711,4.0
8859,3711,8.0
8860,3712,4.0
8861,3713,10.0
8862,3713,4.0
8863,3714,0.0
8864,3714,3.0
8865,3714,8.0
8866,3715,1.0
8867,3715,0.0
8868,3715,9.0
8869,3716,3.0
8870,3716,4.0
8871,3717,4.0
8872,3717,12.0
8873,3717,13.0
8874,3718,10.0
8875,3718,4.0
8876,3718,8.0
8877,3719,4.0
8878,3720,10.0
8879,3720,12.0
8880,3721,10.0
8881,3722,8.0
8882,3722,0.0
8883,3722,4.0
8884,3723,4.0
8885,3723,7.0
8886,3724,1.0
8887,3724,0.0
8888,3725,0.0
8889,3725,4.0
8890,3725,3.0
8891,3726,3.0
8892,3726,4.0
8893,3726,8.0
8894,3727,4.0
8895,3727,8.0
8896,3727,3.0
8897,3728,4.0
8898,3728,7.0
8899,3729,4.0
8900,3729,7.0
8901,3729,18.0
8902,3730,8.0
8903,3730,13.0
8904,3730,5.0
8905,3731,10.0
8906,3731,4.0
8907,3731,7.0
8908,3732,4.0
8909,3732,11.0
8910,3732,18.0
8911,3733,2.0
8912,3733,0.0
8913,3733,8.0
8914,3734,11.0
8915,3734,3.0
8916,3734,4.0
8917,3735,10.0
8918,3736,12.0
8919,3736,5.0
8920,3737,12.0
8921,3738,4.0
8922,3739,10.0
8923,3739,4.0
8924,3739,11.0
8925,3740,0.0
8926,3740,4.0
8927,3740,11.0
8928,3741,4.0
8929,3741,11.0
8930,3742,12.0
8931,3743,4.0
8932,3743,11.0
8933,3744,12.0
8934,3744,10.0
8935,3745,11.0
8936,3745,4.0
8937,3745,10.0
8938,3746,8.0
8939,3747,4.0
8940,3748,10.0
8941,3748,4.0
8942,3749,0.0
8943,3749,12.0
8944,3749,5.0
8945,3750,1.0
8946,3750,4.0
8947,3750,14.0
8948,3751,17.0
8949,3752,12.0
8950,3752,8.0
8951,3753,4.0
8952,3754,10.0
8953,3754,13.0
8954,3755,0.0
8955,3755,10.0
8956,3756,0.0
8957,3756,10.0
8958,3756,11.0
8959,3757,4.0
8960,3757,11.0
8961,3758,4.0
8962,3758,0.0
8963,3758,11.0
8964,3759,4.0
8965,3759,8.0
8966,3760,10.0
8967,3760,3.0
8968,3761,12.0
8969,3761,4.0
8970,3761,8.0
8971,3762,10.0
8972,3762,12.0
8973,3763,10.0
8974,3763,4.0
8975,3763,11.0
8976,3764,0.0
8977,3764,4.0
8978,3764,13.0
8979,3765,10.0
8980,3765,3.0
8981,3766,3.0
8982,3766,10.0
8983,3767,10.0
8984,3767,4.0
8985,3767,11.0
8986,3768,17.0
8987,3769,4.0
8988,3770,16.0
8989,3770,10.0
8990,3771,10.0
8991,3771,11.0
8992,3772,10.0
8993,3772,3.0
8994,3772,8.0
8995,3773,10.0
8996,3773,4.0
8997,3774,12.0
8998,3774,0.0
8999,3774,8.0
9000,3775,2.0
9001,3776,4.0
9002,3776,17.0
9003,3777,2.0
9004,3777,1.0
9005,3778,4.0
9006,3778,11.0
9007,3779,8.0
9008,3779,4.0
9009,3780,10.0
9010,3780,4.0
9011,3780,8.0
9012,3781,4.0
9013,3782,4.0
9014,3782,2.0
9015,3783,4.0
9016,3784,3.0
9017,3784,10.0
9018,3784,11.0
9019,3785,3.0
9020,3785,4.0
9021,3785,12.0
9022,3786,10.0
9023,3787,10.0
9024,3787,18.0
9025,3788,4.0
9026,3789,3.0
9027,3789,4.0
9028,3789,8.0
9029,3790,10.0
9030,3790,3.0
9031,3791,10.0
9032,3791,11.0
9033,3792,4.0
9034,3793,4.0
9035,3793,11.0
9036,3794,4.0
9037,3795,4.0
9038,3795,12.0
9039,3795,0.0
9040,3796,4.0
9041,3797,4.0
9042,3798,10.0
9043,3798,4.0
9044,3799,1.0
9045,3799,0.0
9046,3799,8.0
9047,3800,10.0
9048,3800,2.0
9049,3800,5.0
9050,3801,4.0
9051,3802,4.0
9052,3802,10.0
9053,3802,14.0
9054,3803,8.0
9055,3803,11.0
9056,3804,0.0
9057,3804,4.0
9058,3804,14.0
9059,3805,10.0
9060,3805,4.0
9061,3805,11.0
9062,3806,12.0
9063,3807,12.0
9064,3808,12.0
9065,3809,10.0
9066,3809,11.0
9067,3809,19.0
9068,3810,11.0
9069,3810,1.0
9070,3810,4.0
9071,3811,4.0
9072,3811,14.0
9073,3812,4.0
9074,3813,4.0
9075,3813,11.0
9076,3813,15.0
9077,3814,4.0
9078,3815,15.0
9079,3815,9.0
9080,3816,0.0
9081,3816,10.0
9082,3816,16.0
9083,3817,10.0
9084,3817,3.0
9085,3817,4.0
9086,3818,4.0
9087,3819,4.0
9088,3819,0.0
9089,3819,10.0
9090,3820,16.0
9091,3820,11.0
9092,3821,4.0
9093,3821,10.0
9094,3821,11.0
9095,3822,10.0
9096,3822,4.0
9097,3823,4.0
9098,3824,10.0
9099,3825,10.0
9100,3826,8.0
9101,3826,1.0
9102,3826,0.0
9103,3827,10.0
9104,3828,4.0
9105,3828,0.0
9106,3828,3.0
9107,3829,12.0
9108,3830,0.0
9109,3830,10.0
9110,3830,9.0
9111,3831,3.0
9112,3831,4.0
9113,3832,4.0
9114,3833,0.0
9115,3833,4.0
9116,3833,8.0
9117,3834,3.0
9118,3834,4.0
9119,3834,13.0
9120,3835,13.0
9121,3835,12.0
9122,3836,0.0
9123,3836,10.0
9124,3837,10.0
9125,3837,11.0
9126,3838,4.0
9127,3839,3.0
9128,3839,4.0
9129,3839,13.0
9130,3840,12.0
9131,3840,8.0
9132,3841,12.0
9133,3841,10.0
9134,3841,2.0
9135,3842,0.0
9136,3842,10.0
9137,3843,19.0
9138,3843,12.0
9139,3844,4.0
9140,3844,18.0
9141,3845,2.0
9142,3845,12.0
9143,3846,10.0
9144,3846,11.0
9145,3847,10.0
9146,3847,4.0
9147,3848,0.0
9148,3849,3.0
9149,3849,0.0
9150,3850,3.0
9151,3850,4.0
9152,3850,13.0
9153,3851,0.0
9154,3851,3.0
9155,3851,10.0
9156,3852,4.0
9157,3853,12.0
9158,3853,8.0
9159,3853,13.0
9160,3854,0.0
9161,3854,6.0
9162,3855,17.0
9163,3856,0.0
9164,3856,1.0
9165,3856,4.0
9166,3857,0.0
9167,3857,4.0
9168,3857,8.0
9169,3858,4.0
9170,3859,3.0
9171,3859,13.0
9172,3859,8.0
9173,3860,10.0
9174,3860,16.0
9175,3861,17.0
9176,3861,7.0
9177,3862,8.0
9178,3862,4.0
9179,3863,4.0
9180,3864,10.0
9181,3864,4.0
9182,3865,4.0
9183,3866,4.0
9184,3866,3.0
9185,3867,10.0
9186,3867,4.0
9187,3868,4.0
9188,3868,16.0
9189,3869,13.0
9190,3869,4.0
9191,3869,3.0
9192,3870,4.0
9193,3871,10.0
9194,3871,7.0
9195,3872,4.0
9196,3872,11.0
9197,3873,0.0
9198,3873,4.0
9199,3873,12.0
9200,3874,10.0
9201,3875,11.0
9202,3875,4.0
9203,3876,4.0
9204,3877,12.0
9205,3877,4.0
9206,3877,13.0
9207,3878,9.0
9208,3879,4.0
9209,3879,11.0
9210,3880,4.0
9211,3880,8.0
9212,3880,3.0
9213,3881,4.0
9214,3881,11.0
9215,3881,10.0
9216,3882,0.0
9217,3882,10.0
9218,3882,12.0
9219,3883,10.0
9220,3884,1.0
9221,3884,0.0
9222,3884,8.0
9223,3885,5.0
9224,3885,12.0
9225,3886,4.0
9226,3886,7.0
9227,3886,2.0
9228,3887,4.0
9229,3887,3.0
9230,3888,10.0
9231,3889,12.0
9232,3889,8.0
9233,3890,10.0
9234,3890,11.0
9235,3891,17.0
9236,3892,4.0
9237,3893,12.0
9238,3894,4.0
9239,3894,11.0
9240,3895,5.0
9241,3895,12.0
9242,3895,8.0
9243,3896,12.0
9244,3896,8.0
9245,3896,13.0
9246,3897,10.0
9247,3898,4.0
9248,3898,11.0
9249,3899,1.0
9250,3899,5.0
9251,3899,13.0
9252,3900,10.0
9253,3900,7.0
9254,3900,4.0
9255,3901,1.0
9256,3901,2.0
9257,3901,6.0
9258,3902,12.0
9259,3902,13.0
9260,3902,8.0
9261,3903,4.0
9262,3903,14.0
9263,3903,15.0
9264,3904,10.0
9265,3904,7.0
9266,3904,5.0
9267,3905,10.0
9268,3905,3.0
9269,3905,8.0
9270,3906,10.0
9271,3906,4.0
9272,3906,11.0
9273,3907,2.0
9274,3907,12.0
9275,3907,8.0
9276,3908,13.0
9277,3908,8.0
9278,3909,10.0
9279,3909,17.0
9280,3909,16.0
9281,3910,11.0
9282,3910,8.0
9283,3910,9.0
9284,3911,4.0
9285,3911,16.0
9286,3911,11.0
9287,3912,0.0
9288,3912,10.0
9289,3912,3.0
9290,3913,4.0
9291,3914,4.0
9292,3914,14.0
9293,3915,10.0
9294,3915,11.0
9295,3916,9.0
9296,3917,10.0
9297,3917,11.0
9298,3918,11.0
9299,3918,4.0
9300,3919,10.0
9301,3919,2.0
9302,3919,7.0
9303,3920,0.0
9304,3920,12.0
9305,3920,5.0
9306,3921,4.0
9307,3922,10.0
9308,3922,4.0
9309,3923,4.0
9310,3923,18.0
9311,3923,11.0
9312,3924,10.0
9313,3925,10.0
9314,3925,11.0
9315,3926,4.0
9316,3926,14.0
9317,3926,11.0
9318,3927,10.0
9319,3927,4.0
9320,3928,7.0
9321,3928,2.0
9322,3929,2.0
9323,3929,12.0
9324,3929,5.0
9325,3930,10.0
9326,3930,3.0
9327,3931,4.0
9328,3931,11.0
9329,3932,4.0
9330,3933,10.0
9331,3934,4.0
9332,3934,14.0
9333,3935,10.0
9334,3935,4.0
9335,3936,3.0
9336,3936,4.0
9337,3937,10.0
9338,3937,4.0
9339,3938,10.0
9340,3938,17.0
9341,3939,10.0
9342,3939,12.0
9343,3940,4.0
9344,3940,8.0
9345,3940,13.0
9346,3941,0.0
9347,3941,4.0
9348,3941,7.0
9349,3942,0.0
9350,3942,10.0
9351,3942,8.0
9352,3943,0.0
9353,3943,10.0
9354,3944,10.0
9355,3944,4.0
9356,3944,8.0
9357,3945,19.0
9358,3945,0.0
9359,3945,4.0
9360,3946,4.0
9361,3947,10.0
9362,3947,11.0
9363,3948,12.0
9364,3948,5.0
9365,3948,8.0
9366,3949,10.0
9367,3949,11.0
9368,3950,4.0
9369,3950,16.0
9370,3950,7.0
9371,3951,10.0
9372,3952,10.0
9373,3952,4.0
9374,3953,15.0
9375,3953,4.0
9376,3953,14.0
9377,3954,12.0
9378,3954,8.0
9379,3955,4.0
9380,3955,10.0
9381,3956,5.0
9382,3957,4.0
9383,3957,12.0
9384,3957,11.0
9385,3958,8.0
9386,3958,12.0
9387,3959,10.0
9388,3960,10.0
9389,3960,7.0
9390,3961,4.0
9391,3962,0.0
9392,3962,4.0
9393,3962,8.0
9394,3963,10.0
9395,3964,10.0
9396,3965,4.0
9397,3965,0.0
9398,3966,0.0
9399,3966,3.0
9400,3966,4.0
9401,3967,4.0
9402,3967,10.0
9403,3968,8.0
9404,3969,13.0
9405,3969,8.0
9406,3970,8.0
9407,3971,
9408,3972,0.0
9409,3972,3.0
9410,3972,8.0
9411,3973,10.0
9412,3973,4.0
9413,3973,11.0
9414,3974,4.0
9415,3975,10.0
9416,3975,4.0
9417,3976,3.0
9418,3976,0.0
9419,3977,10.0
9420,3977,4.0
9421,3977,11.0
9422,3978,8.0
9423,3978,13.0
9424,3978,4.0
9425,3979,17.0
9426,3980,12.0
9427,3980,8.0
9428,3980,13.0
9429,3981,11.0
9430,3981,10.0
9431,3981,4.0
9432,3982,8.0
9433,3982,0.0
9434,3982,12.0
9435,3983,4.0
9436,3984,10.0
9437,3984,11.0
9438,3985,12.0
9439,3985,8.0
9440,3986,1.0
9441,3986,7.0
9442,3986,2.0
9443,3987,10.0
9444,3987,5.0
9445,3988,12.0
9446,3988,0.0
9447,3988,5.0
9448,3989,10.0
9449,3989,4.0
9450,3989,11.0
9451,3990,4.0
9452,3991,1.0
9453,3991,7.0
9454,3992,
9455,3993,0.0
9456,3993,1.0
9457,3993,6.0
9458,3994,1.0
9459,3994,10.0
9460,3994,11.0
9461,3995,10.0
9462,3995,4.0
9463,3996,4.0
9464,3996,11.0
9465,3996,15.0
9466,3997,9.0
9467,3997,10.0
9468,3998,12.0
9469,3998,8.0
9470,3999,4.0
9471,4000,4.0
9472,4000,11.0
9473,4001,10.0
9474,4002,17.0
9475,4003,5.0
9476,4003,8.0
9477,4004,0.0
9478,4004,1.0
9479,4004,10.0
9480,4005,12.0
9481,4005,8.0
9482,4006,10.0
9483,4006,16.0
9484,4006,11.0
9485,4007,17.0
9486,4008,10.0
9487,4008,12.0
9488,4009,17.0
9489,4010,10.0
9490,4010,4.0
9491,4011,12.0
9492,4011,13.0
9493,4011,5.0
9494,4012,0.0
9495,4012,5.0
9496,4013,0.0
9497,4013,4.0
9498,4013,9.0
9499,4014,10.0
9500,4014,17.0
9501,4015,4.0
9502,4015,11.0
9503,4016,10.0
9504,4016,4.0
9505,4016,11.0
9506,4017,4.0
9507,4017,11.0
9508,4018,12.0
9509,4018,13.0
9510,4018,8.0
9511,4019,10.0
9512,4019,4.0
9513,4019,11.0
9514,4020,10.0
9515,4020,11.0
9516,4021,4.0
9517,4022,5.0
9518,4022,10.0
9519,4022,4.0
9520,4023,4.0
9521,4023,11.0
9522,4024,10.0
9523,4024,4.0
9524,4024,11.0
9525,4025,10.0
9526,4025,17.0
9527,4026,17.0
9528,4026,4.0
9529,4027,4.0
9530,4028,4.0
9531,4029,17.0
9532,4030,10.0
9533,4030,11.0
9534,4031,12.0
9535,4031,8.0
9536,4032,4.0
9537,4032,5.0
9538,4032,8.0
9539,4033,10.0
9540,4033,0.0
9541,4033,4.0
9542,4034,10.0
9543,4034,7.0
9544,4035,10.0
9545,4035,12.0
9546,4036,12.0
9547,4037,4.0
9548,4038,4.0
9549,4038,12.0
9550,4038,8.0
9551,4039,1.0
9552,4039,10.0
9553,4039,5.0
9554,4040,3.0
9555,4041,4.0
9556,4041,3.0
9557,4042,0.0
9558,4042,1.0
9559,4042,5.0
9560,4043,10.0
9561,4043,16.0
9562,4044,4.0
9563,4044,7.0
9564,4045,10.0
9565,4045,4.0
9566,4045,7.0
9567,4046,16.0
9568,4046,11.0
9569,4047,4.0
9570,4048,8.0
9571,4049,2.0
9572,4049,1.0
9573,4049,6.0
9574,4050,6.0
9575,4050,7.0
9576,4050,16.0
9577,4051,8.0
9578,4051,4.0
9579,4052,12.0
9580,4052,8.0
9581,4053,12.0
9582,4053,8.0
9583,4054,4.0
9584,4055,2.0
9585,4055,4.0
9586,4056,8.0
9587,4056,11.0
9588,4057,4.0
9589,4058,8.0
9590,4058,4.0
9591,4059,10.0
9592,4059,11.0
9593,4059,18.0
9594,4060,11.0
9595,4060,10.0
9596,4060,16.0
9597,4061,0.0
9598,4061,10.0
9599,4061,12.0
9600,4062,4.0
9601,4062,14.0
9602,4062,11.0
9603,4063,3.0
9604,4063,4.0
9605,4064,10.0
9606,4064,4.0
9607,4065,4.0
9608,4065,3.0
9609,4066,12.0
9610,4066,13.0
9611,4067,4.0
9612,4067,13.0
9613,4067,8.0
9614,4068,
9615,4069,8.0
9616,4069,12.0
9617,4069,5.0
9618,4070,1.0
9619,4070,4.0
9620,4070,9.0
9621,4071,0.0
9622,4071,8.0
9623,4071,1.0
9624,4072,10.0
9625,4072,12.0
9626,4072,0.0
9627,4073,10.0
9628,4073,11.0
9629,4073,5.0
9630,4074,12.0
9631,4074,8.0
9632,4075,10.0
9633,4076,3.0
9634,4076,4.0
9635,4077,1.0
9636,4077,0.0
9637,4077,8.0
9638,4078,0.0
9639,4078,10.0
9640,4079,3.0
9641,4079,4.0
9642,4080,12.0
9643,4080,13.0
9644,4081,4.0
9645,4081,8.0
9646,4082,4.0
9647,4083,4.0
9648,4084,1.0
9649,4084,4.0
9650,4084,11.0
9651,4085,1.0
9652,4085,6.0
9653,4085,10.0
9654,4086,4.0
9655,4086,10.0
9656,4087,10.0
9657,4087,4.0
9658,4088,4.0
9659,4088,11.0
9660,4089,4.0
9661,4089,8.0
9662,4090,3.0
9663,4090,4.0
9664,4091,4.0
9665,4091,11.0
9666,4092,4.0
9667,4093,17.0
9668,4093,0.0
9669,4093,1.0
9670,4094,4.0
9671,4094,16.0
9672,4094,11.0
9673,4095,10.0
9674,4095,4.0
9675,4096,17.0
9676,4097,4.0
9677,4097,16.0
9678,4097,11.0
9679,4098,3.0
9680,4098,4.0
9681,4099,3.0
9682,4099,4.0
9683,4099,8.0
9684,4100,3.0
9685,4100,4.0
9686,4100,8.0
9687,4101,10.0
9688,4101,4.0
9689,4101,11.0
9690,4102,12.0
9691,4103,11.0
9692,4103,4.0
9693,4103,10.0
9694,4104,4.0
9695,4104,6.0
9696,4104,15.0
9697,4105,
9698,4106,17.0
9699,4107,4.0
9700,4107,11.0
9701,4108,17.0
9702,4109,4.0
9703,4109,9.0
9704,4110,14.0
9705,4110,17.0
9706,4111,4.0
9707,4111,0.0
9708,4111,8.0
9709,4112,10.0
9710,4112,4.0
9711,4113,10.0
9712,4114,0.0
9713,4114,8.0
9714,4115,10.0
9715,4115,4.0
9716,4116,10.0
9717,4116,12.0
9718,4117,0.0
9719,4117,1.0
9720,4117,5.0
9721,4118,
9722,4119,4.0
9723,4119,10.0
9724,4119,16.0
9725,4120,10.0
9726,4121,10.0
9727,4121,4.0
9728,4121,11.0
9729,4122,4.0
9730,4123,6.0
9731,4123,7.0
9732,4123,18.0
9733,4124,4.0
9734,4124,0.0
9735,4124,8.0
9736,4125,1.0
9737,4125,7.0
9738,4126,10.0
9739,4126,4.0
9740,4126,16.0
9741,4127,10.0
9742,4127,4.0
9743,4127,13.0
9744,4128,10.0
9745,4128,5.0
9746,4128,11.0
9747,4129,4.0
9748,4129,0.0
9749,4129,11.0
9750,4130,4.0
9751,4131,12.0
9752,4131,5.0
9753,4132,12.0
9754,4132,8.0
9755,4133,8.0
9756,4134,12.0
9757,4134,10.0
9758,4135,4.0
9759,4135,0.0
9760,4135,3.0
9761,4136,8.0
9762,4136,4.0
9763,4136,3.0
9764,4137,8.0
9765,4137,12.0
9766,4138,12.0
9767,4139,3.0
9768,4139,4.0
9769,4139,12.0
9770,4140,17.0
9771,4141,10.0
9772,4142,8.0
9773,4143,0.0
9774,4143,1.0
9775,4143,4.0
9776,4144,3.0
9777,4144,4.0
9778,4144,13.0
9779,4145,12.0
9780,4145,8.0
9781,4146,0.0
9782,4146,1.0
9783,4146,4.0
9784,4147,10.0
9785,4147,3.0
9786,4148,10.0
9787,4149,10.0
9788,4149,2.0
9789,4149,16.0
9790,4150,10.0
9791,4150,4.0
9792,4151,13.0
9793,4151,12.0
9794,4151,14.0
9795,4152,10.0
9796,4152,4.0
9797,4153,10.0
9798,4153,16.0
9799,4154,17.0
9800,4155,0.0
9801,4155,1.0
9802,4155,14.0
9803,4156,5.0
9804,4156,10.0
9805,4157,8.0
9806,4157,13.0
9807,4157,12.0
9808,4158,8.0
9809,4159,3.0
9810,4159,4.0
9811,4160,2.0
9812,4160,4.0
9813,4160,5.0
9814,4161,8.0
9815,4161,0.0
9816,4162,4.0
9817,4162,8.0
9818,4162,13.0
9819,4163,4.0
9820,4163,10.0
9821,4163,11.0
9822,4164,17.0
9823,4164,4.0
9824,4164,14.0
9825,4165,4.0
9826,4166,4.0
9827,4166,16.0
9828,4167,8.0
9829,4167,17.0
9830,4167,3.0
9831,4168,4.0
9832,4168,8.0
9833,4169,4.0
9834,4170,12.0
9835,4170,4.0
9836,4170,8.0
9837,4171,4.0
9838,4172,4.0
9839,4173,4.0
9840,4173,10.0
9841,4173,15.0
9842,4174,4.0
9843,4174,11.0
9844,4175,4.0
9845,4175,2.0
9846,4176,0.0
9847,4176,5.0
9848,4177,4.0
9849,4177,16.0
9850,4178,4.0
9851,4178,8.0
9852,4179,10.0
9853,4179,11.0
9854,4180,10.0
9855,4180,17.0
9856,4181,10.0
9857,4182,1.0
9858,4182,4.0
9859,4182,18.0
9860,4183,9.0
9861,4184,3.0
9862,4184,4.0
9863,4185,12.0
9864,4185,8.0
9865,4186,8.0
9866,4186,10.0
9867,4186,12.0
9868,4187,0.0
9869,4187,5.0
9870,4188,10.0
9871,4188,11.0
9872,4189,0.0
9873,4189,4.0
9874,4189,8.0
9875,4190,4.0
9876,4190,12.0
9877,4190,8.0
9878,4191,1.0
9879,4191,7.0
9880,4192,4.0
9881,4193,0.0
9882,4193,5.0
9883,4194,4.0
9884,4194,8.0
9885,4195,8.0
9886,4195,3.0
9887,4195,12.0
9888,4196,10.0
9889,4196,3.0
9890,4197,4.0
9891,4197,8.0
9892,4197,11.0
9893,4198,4.0
9894,4198,11.0
9895,4199,4.0
9896,4199,11.0
9897,4200,10.0
9898,4200,11.0
9899,4201,15.0
9900,4201,4.0
9901,4201,11.0
9902,4202,9.0
9903,4203,4.0
9904,4203,16.0
9905,4204,10.0
9906,4204,4.0
9907,4205,4.0
9908,4205,3.0
9909,4205,8.0
9910,4206,4.0
9911,4206,10.0
9912,4206,11.0
9913,4207,8.0
9914,4207,12.0
9915,4208,4.0
9916,4208,11.0
9917,4209,3.0
9918,4209,4.0
9919,4209,13.0
9920,4210,11.0
9921,4211,3.0
9922,4211,4.0
9923,4211,11.0
9924,4212,4.0
9925,4212,13.0
9926,4213,12.0
9927,4214,10.0
9928,4215,0.0
9929,4216,10.0
9930,4216,4.0
9931,4217,4.0
9932,4217,3.0
9933,4218,10.0
9934,4218,4.0
9935,4219,10.0
9936,4220,0.0
9937,4220,4.0
9938,4221,4.0
9939,4221,13.0
9940,4221,8.0
9941,4222,4.0
9942,4222,13.0
9943,4223,11.0
9944,4223,10.0
9945,4223,3.0
9946,4224,12.0
9947,4224,8.0
9948,4225,10.0
9949,4225,3.0
9950,4225,5.0
9951,4226,3.0
9952,4226,4.0
9953,4226,8.0
9954,4227,17.0
9955,4228,4.0
9956,4229,10.0
9957,4229,11.0
9958,4230,0.0
9959,4230,3.0
9960,4230,4.0
9961,4231,4.0
9962,4232,4.0
9963,4232,11.0
9964,4233,8.0
9965,4233,0.0
9966,4233,12.0
9967,4234,12.0
9968,4234,13.0
9969,4235,10.0
9970,4235,11.0
9971,4236,4.0
9972,4237,10.0
9973,4237,12.0
9974,4238,4.0
9975,4238,10.0
9976,4239,4.0
9977,4239,7.0
9978,4239,10.0
9979,4240,10.0
9980,4240,12.0
9981,4241,10.0
9982,4242,10.0
9983,4243,4.0
9984,4243,11.0
9985,4244,4.0
9986,4244,14.0
9987,4244,15.0
9988,4245,12.0
9989,4245,13.0
9990,4245,5.0
9991,4246,4.0
9992,4247,11.0
9993,4247,10.0
9994,4247,4.0
9995,4248,12.0
9996,4248,8.0
9997,4249,12.0
9998,4249,10.0
9999,4249,8.0
10000,4250,17.0
10001,4251,10.0
10002,4251,4.0
10003,4251,2.0
10004,4252,4.0
10005,4252,10.0
10006,4253,10.0
10007,4253,4.0
10008,4254,5.0
10009,4255,10.0
10010,4255,7.0
10011,4255,4.0
10012,4256,8.0
10013,4256,0.0
10014,4256,3.0
10015,4257,4.0
10016,4257,13.0
10017,4257,12.0
10018,4258,0.0
10019,4258,12.0
10020,4258,8.0
10021,4259,2.0
10022,4259,6.0
10023,4259,7.0
10024,4260,4.0
10025,4260,18.0
10026,4261,9.0
10027,4262,1.0
10028,4262,10.0
10029,4262,12.0
10030,4263,4.0
10031,4264,12.0
10032,4264,8.0
10033,4265,4.0
10034,4265,3.0
10035,4265,8.0
10036,4266,8.0
10037,4266,12.0
10038,4267,7.0
10039,4267,1.0
10040,4267,10.0
10041,4268,10.0
10042,4268,3.0
10043,4269,9.0
10044,4270,4.0
10045,4271,10.0
10046,4271,4.0
10047,4272,4.0
10048,4273,4.0
10049,4274,12.0
10050,4274,10.0
10051,4275,4.0
10052,4275,0.0
10053,4276,5.0
10054,4277,0.0
10055,4277,10.0
10056,4278,10.0
10057,4278,11.0
10058,4279,10.0
10059,4280,4.0
10060,4280,12.0
10061,4280,11.0
10062,4281,4.0
10063,4281,13.0
10064,4282,12.0
10065,4282,8.0
10066,4283,4.0
10067,4284,12.0
10068,4284,5.0
10069,4285,4.0
10070,4286,1.0
10071,4286,6.0
10072,4286,10.0
10073,4287,3.0
10074,4287,4.0
10075,4287,8.0
10076,4288,4.0
10077,4289,8.0
10078,4289,10.0
10079,4289,11.0
10080,4290,4.0
10081,4291,12.0
10082,4291,13.0
10083,4291,3.0
10084,4292,10.0
10085,4292,3.0
10086,4292,13.0
10087,4293,
10088,4294,10.0
10089,4294,4.0
10090,4295,10.0
10091,4295,4.0
10092,4295,11.0
10093,4296,4.0
10094,4296,11.0
10095,4297,10.0
10096,4297,13.0
10097,4297,8.0
10098,4298,10.0
10099,4299,4.0
10100,4300,3.0
10101,4300,8.0
10102,4301,4.0
10103,4301,7.0
10104,4301,2.0
10105,4302,9.0
10106,4303,4.0
10107,4304,4.0
10108,4304,10.0
10109,4305,10.0
10110,4305,16.0
10111,4306,17.0
10112,4307,10.0
10113,4308,4.0
10114,4308,11.0
10115,4309,4.0
10116,4309,10.0
10117,4310,3.0
10118,4310,10.0
10119,4310,4.0
10120,4311,10.0
10121,4312,0.0
10122,4312,1.0
10123,4312,4.0
10124,4313,8.0
10125,4313,12.0
10126,4314,
10127,4315,0.0
10128,4315,1.0
10129,4315,10.0
10130,4316,0.0
10131,4316,1.0
10132,4317,12.0
10133,4318,12.0
10134,4319,10.0
10135,4320,4.0
10136,4320,8.0
10137,4320,3.0
10138,4321,10.0
10139,4321,12.0
10140,4322,17.0
10141,4323,12.0
10142,4324,4.0
10143,4325,2.0
10144,4325,5.0
10145,4325,12.0
10146,4326,0.0
10147,4326,8.0
10148,4326,3.0
10149,4327,12.0
10150,4327,5.0
10151,4327,0.0
10152,4328,12.0
10153,4328,17.0
10154,4328,13.0
10155,4329,4.0
10156,4329,11.0
10157,4330,12.0
10158,4330,8.0
10159,4331,4.0
10160,4331,10.0
10161,4331,11.0
10162,4332,1.0
10163,4332,4.0
10164,4332,5.0
10165,4333,4.0
10166,4334,4.0
10167,4335,1.0
10168,4335,10.0
10169,4335,14.0
10170,4336,12.0
10171,4336,8.0
10172,4337,3.0
10173,4337,4.0
10174,4338,4.0
10175,4338,12.0
10176,4339,1.0
10177,4339,0.0
10178,4339,8.0
10179,4340,12.0
10180,4340,8.0
10181,4341,12.0
10182,4342,4.0
10183,4343,12.0
10184,4343,8.0
10185,4344,1.0
10186,4344,12.0
10187,4344,0.0
10188,4345,4.0
10189,4345,11.0
10190,4346,4.0
10191,4347,8.0
10192,4347,12.0
10193,4348,10.0
10194,4348,4.0
10195,4348,8.0
10196,4349,4.0
10197,4349,0.0
10198,4349,9.0
10199,4350,17.0
10200,4351,0.0
10201,4351,4.0
10202,4351,14.0
10203,4352,17.0
10204,4352,16.0
10205,4353,0.0
10206,4353,1.0
10207,4353,12.0
10208,4354,4.0
10209,4354,11.0
10210,4354,7.0
10211,4355,4.0
10212,4355,11.0
10213,4355,10.0
10214,4356,17.0
10215,4357,4.0
10216,4358,10.0
10217,4358,4.0
10218,4358,11.0
10219,4359,4.0
10220,4360,4.0
10221,4360,8.0
10222,4361,10.0
10223,4361,11.0
10224,4362,4.0
10225,4363,17.0
10226,4363,16.0
10227,4364,4.0
10228,4364,11.0
10229,4365,10.0
10230,4365,4.0
10231,4365,11.0
10232,4366,17.0
10233,4367,10.0
10234,4367,4.0
10235,4367,11.0
10236,4368,10.0
10237,4368,12.0
10238,4368,8.0
10239,4369,4.0
10240,4370,3.0
10241,4370,4.0
10242,4370,13.0
10243,4371,4.0
10244,4371,18.0
10245,4371,11.0
10246,4372,10.0
10247,4373,4.0
10248,4373,11.0
10249,4374,10.0
10250,4375,4.0
10251,4376,4.0
10252,4377,3.0
10253,4377,4.0
10254,4378,10.0
10255,4378,4.0
10256,4378,2.0
10257,4379,5.0
10258,4379,4.0
10259,4380,10.0
10260,4380,4.0
10261,4380,11.0
10262,4381,17.0
10263,4382,17.0
10264,4383,17.0
10265,4384,4.0
10266,4385,
10267,4386,4.0
10268,4386,1.0
10269,4386,17.0
10270,4387,17.0
10271,4388,4.0
10272,4388,0.0
10273,4389,8.0
10274,4390,13.0
10275,4390,12.0
10276,4391,10.0
10277,4391,8.0
10278,4391,3.0
10279,4392,10.0
10280,4392,3.0
10281,4393,11.0
10282,4393,4.0
10283,4393,3.0
10284,4394,10.0
10285,4394,4.0
10286,4395,0.0
10287,4395,10.0
10288,4396,10.0
10289,4396,11.0
10290,4397,3.0
10291,4397,4.0
10292,4397,11.0
10293,4398,4.0
10294,4398,5.0
10295,4399,4.0
10296,4399,2.0
10297,4399,5.0
10298,4400,
10299,4401,0.0
10300,4401,10.0
10301,4401,5.0
10302,4402,4.0
10303,4402,0.0
10304,4402,8.0
10305,4403,10.0
10306,4403,4.0
10307,4404,3.0
10308,4404,4.0
10309,4405,7.0
10310,4405,10.0
10311,4406,4.0
10312,4406,11.0
10313,4407,4.0
10314,4407,10.0
10315,4408,0.0
10316,4408,3.0
10317,4408,4.0
10318,4409,10.0
10319,4409,11.0
10320,4410,4.0
10321,4411,4.0
10322,4412,4.0
10323,4413,
10324,4414,12.0
10325,4415,12.0
10326,4415,8.0
10327,4416,11.0
10328,4416,4.0
10329,4417,10.0
10330,4417,4.0
10331,4417,11.0
10332,4418,10.0
10333,4418,11.0
10334,4419,9.0
10335,4420,8.0
10336,4420,12.0
10337,4421,12.0
10338,4421,8.0
10339,4421,13.0
10340,4422,4.0
10341,4422,8.0
10342,4423,5.0
10343,4423,4.0
10344,4423,16.0
10345,4424,12.0
10346,4425,10.0
10347,4425,0.0
10348,4425,5.0
10349,4426,4.0
10350,4427,4.0
10351,4427,11.0
10352,4427,5.0
10353,4428,12.0
10354,4428,8.0
10355,4429,4.0
10356,4429,13.0
10357,4429,8.0
10358,4430,10.0
10359,4430,11.0
10360,4431,17.0
10361,4432,3.0
10362,4432,4.0
10363,4433,10.0
10364,4434,4.0
10365,4435,12.0
10366,4436,4.0
10367,4436,8.0
10368,4437,4.0
10369,4437,8.0
10370,4438,4.0
10371,4439,4.0
10372,4440,10.0
10373,4440,2.0
10374,4440,8.0
10375,4441,6.0
10376,4441,4.0
10377,4441,7.0
10378,4442,10.0
10379,4443,4.0
10380,4443,10.0
10381,4443,11.0
10382,4444,4.0
10383,4445,4.0
10384,4446,10.0
10385,4447,10.0
10386,4447,4.0
10387,4447,11.0
10388,4448,10.0
10389,4448,4.0
10390,4448,7.0
10391,4449,3.0
10392,4449,4.0
10393,4449,8.0
10394,4450,0.0
10395,4450,10.0
10396,4450,5.0
10397,4451,8.0
10398,4451,13.0
10399,4452,4.0
10400,4453,10.0
10401,4453,4.0
10402,4453,8.0
10403,4454,10.0
10404,4454,4.0
10405,4455,4.0
10406,4455,11.0
10407,4456,4.0
10408,4456,11.0
10409,4457,4.0
10410,4457,8.0
10411,4457,11.0
10412,4458,
10413,4459,4.0
10414,4459,18.0
10415,4460,0.0
10416,4460,4.0
10417,4460,13.0
10418,4461,4.0
10419,4462,4.0
10420,4463,10.0
10421,4464,12.0
10422,4464,10.0
10423,4465,0.0
10424,4465,1.0
10425,4465,4.0
10426,4466,12.0
10427,4466,5.0
10428,4467,10.0
10429,4467,4.0
10430,4468,17.0
10431,4469,6.0
10432,4469,10.0
10433,4470,10.0
10434,4470,11.0
10435,4470,5.0
10436,4471,10.0
10437,4471,17.0
10438,4472,12.0
10439,4472,8.0
10440,4472,3.0
10441,4473,12.0
10442,4473,8.0
10443,4474,4.0
10444,4475,4.0
10445,4475,8.0
10446,4476,12.0
10447,4476,4.0
10448,4476,8.0
10449,4477,12.0
10450,4477,13.0
10451,4477,8.0
10452,4478,12.0
10453,4479,9.0
10454,4480,17.0
10455,4481,17.0
10456,4482,4.0
10457,4483,13.0
10458,4483,4.0
10459,4483,8.0
10460,4484,3.0
10461,4484,4.0
10462,4484,16.0
10463,4485,4.0
10464,4486,4.0
10465,4487,0.0
10466,4487,10.0
10467,4487,11.0
10468,4488,8.0
10469,4488,3.0
10470,4488,4.0
10471,4489,12.0
10472,4489,2.0
10473,4490,17.0
10474,4490,18.0
10475,4491,17.0
10476,4492,13.0
10477,4492,8.0
10478,4493,4.0
10479,4494,4.0
10480,4494,10.0
10481,4495,10.0
10482,4495,16.0
10483,4495,11.0
10484,4496,12.0
10485,4496,13.0
10486,4497,14.0
10487,4497,17.0
10488,4497,16.0
10489,4498,10.0
10490,4499,0.0
10491,4499,1.0
10492,4499,4.0
10493,4500,8.0
10494,4500,13.0
10495,4501,4.0
10496,4502,3.0
10497,4502,4.0
10498,4503,16.0
10499,4503,17.0
10500,4504,
10501,4505,4.0
10502,4505,10.0
10503,4506,8.0
10504,4507,10.0
10505,4507,16.0
10506,4508,17.0
10507,4509,4.0
10508,4509,8.0
10509,4510,10.0
10510,4510,4.0
10511,4511,4.0
10512,4512,17.0
10513,4512,4.0
10514,4513,1.0
10515,4513,7.0
10516,4513,11.0
10517,4514,4.0
10518,4514,8.0
10519,4515,10.0
10520,4516,12.0
10521,4516,5.0
10522,4517,17.0
10523,4517,7.0
10524,4518,4.0
10525,4518,10.0
10526,4519,4.0
10527,4520,17.0
10528,4521,17.0
10529,4522,10.0
10530,4522,4.0
10531,4522,7.0
10532,4523,4.0
10533,4524,17.0
10534,4525,4.0
10535,4525,16.0
10536,4525,11.0
10537,4526,10.0
10538,4526,3.0
10539,4526,7.0
10540,4527,4.0
10541,4527,11.0
10542,4528,3.0
10543,4528,4.0
10544,4529,11.0
10545,4529,3.0
10546,4529,4.0
10547,4530,10.0
10548,4530,11.0
10549,4531,3.0
10550,4531,4.0
10551,4531,8.0
10552,4532,10.0
10553,4532,4.0
10554,4532,11.0
10555,4533,11.0
10556,4533,4.0
10557,4534,17.0
10558,4535,0.0
10559,4535,4.0
10560,4536,17.0
10561,4537,10.0
10562,4537,11.0
10563,4538,10.0
10564,4539,10.0
10565,4539,4.0
10566,4539,2.0
10567,4540,4.0
10568,4540,10.0
10569,4540,11.0
10570,4541,4.0
10571,4542,4.0
10572,4542,8.0
10573,4542,5.0
10574,4543,4.0
10575,4543,10.0
10576,4544,10.0
10577,4545,10.0
10578,4545,12.0
10579,4546,0.0
10580,4546,10.0
10581,4547,17.0
10582,4547,16.0
10583,4548,4.0
10584,4549,0.0
10585,4549,4.0
10586,4549,8.0
10587,4550,
10588,4551,4.0
10589,4551,11.0
10590,4552,12.0
10591,4552,10.0
10592,4553,
10593,4554,0.0
10594,4554,8.0
10595,4554,13.0
10596,4555,13.0
10597,4555,5.0
10598,4555,8.0
10599,4556,3.0
10600,4556,4.0
10601,4557,11.0
10602,4557,0.0
10603,4558,16.0
10604,4558,12.0
10605,4559,8.0
10606,4559,10.0
10607,4559,13.0
10608,4560,7.0
10609,4561,17.0
10610,4562,
10611,4563,5.0
10612,4563,0.0
10613,4563,10.0
10614,4564,4.0
10615,4565,0.0
10616,4565,1.0
10617,4565,4.0
10618,4566,
10619,4567,4.0
10620,4567,11.0
10621,4568,12.0
10622,4568,10.0
10623,4569,
10624,4570,16.0
10625,4570,10.0
10626,4570,11.0
10627,4571,
10628,4572,10.0
10629,4572,4.0
10630,4573,11.0
10631,4573,4.0
10632,4573,10.0
10633,4574,12.0
10634,4574,4.0
10635,4575,10.0
10636,4576,3.0
10637,4576,8.0
10638,4577,12.0
10639,4577,13.0
10640,4578,17.0
10641,4579,1.0
10642,4579,10.0
10643,4579,2.0
10644,4580,4.0
10645,4581,
10646,4582,17.0
10647,4582,4.0
10648,4583,17.0
10649,4584,12.0
10650,4584,10.0
10651,4585,12.0
10652,4586,10.0
10653,4586,11.0
10654,4587,12.0
10655,4587,5.0
10656,4587,8.0
10657,4588,11.0
10658,4588,4.0
10659,4588,10.0
10660,4589,4.0
10661,4589,13.0
10662,4589,8.0
10663,4590,4.0
10664,4590,8.0
10665,4591,4.0
10666,4592,4.0
10667,4593,17.0
10668,4594,4.0
10669,4594,16.0
10670,4594,11.0
10671,4595,12.0
10672,4596,12.0
10673,4597,14.0
10674,4597,17.0
10675,4598,17.0
10676,4599,0.0
10677,4599,1.0
10678,4599,4.0
10679,4600,17.0
10680,4601,5.0
10681,4601,7.0
10682,4602,4.0
10683,4603,6.0
10684,4603,10.0
10685,4603,4.0
10686,4604,10.0
10687,4604,11.0
10688,4605,4.0
10689,4606,16.0
10690,4606,17.0
10691,4607,10.0
10692,4607,4.0
10693,4608,2.0
10694,4608,12.0
10695,4608,8.0
10696,4609,10.0
10697,4610,10.0
10698,4610,4.0
10699,4611,
10700,4612,4.0
10701,4613,4.0
10702,4614,4.0
10703,4615,4.0
10704,4615,8.0
10705,4616,17.0
10706,4617,17.0
10707,4618,4.0
10708,4619,4.0
10709,4620,0.0
10710,4620,1.0
10711,4620,4.0
10712,4621,0.0
10713,4621,8.0
10714,4622,
10715,4623,0.0
10716,4623,10.0
10717,4623,5.0
10718,4624,12.0
10719,4624,4.0
10720,4624,8.0
10721,4625,12.0
10722,4626,11.0
10723,4626,10.0
10724,4626,4.0
10725,4627,4.0
10726,4627,11.0
10727,4628,12.0
10728,4629,10.0
10729,4629,12.0
10730,4629,8.0
10731,4630,4.0
10732,4630,8.0
10733,4630,3.0
10734,4631,10.0
10735,4631,4.0
10736,4631,11.0
10737,4632,10.0
10738,4632,4.0
10739,4632,11.0
10740,4633,
10741,4634,3.0
10742,4634,4.0
10743,4635,10.0
10744,4635,4.0
10745,4635,11.0
10746,4636,10.0
10747,4636,4.0
10748,4637,4.0
10749,4637,10.0
10750,4637,11.0
10751,4638,4.0
10752,4638,0.0
10753,4638,3.0
10754,4639,8.0
10755,4639,5.0
10756,4639,13.0
10757,4640,10.0
10758,4640,11.0
10759,4641,4.0
10760,4641,10.0
10761,4641,6.0
10762,4642,4.0
10763,4642,13.0
10764,4642,8.0
10765,4643,4.0
10766,4643,11.0
10767,4644,12.0
10768,4645,10.0
10769,4646,4.0
10770,4646,10.0
10771,4647,8.0
10772,4647,4.0
10773,4648,4.0
10774,4649,4.0
10775,4649,8.0
10776,4650,8.0
10777,4650,13.0
10778,4651,5.0
10779,4651,4.0
10780,4652,16.0
10781,4653,4.0
10782,4654,0.0
10783,4654,2.0
10784,4655,4.0
10785,4655,7.0
10786,4656,3.0
10787,4656,4.0
10788,4657,
10789,4658,12.0
10790,4658,8.0
10791,4659,7.0
10792,4659,4.0
10793,4660,17.0
10794,4661,4.0
10795,4661,11.0
10796,4661,15.0
10797,4662,10.0
10798,4663,11.0
10799,4663,10.0
10800,4663,16.0
10801,4664,4.0
10802,4664,0.0
10803,4664,3.0
10804,4665,9.0
10805,4666,18.0
10806,4666,17.0
10807,4667,11.0
10808,4667,4.0
10809,4668,10.0
10810,4669,1.0
10811,4669,12.0
10812,4669,5.0
10813,4670,1.0
10814,4670,0.0
10815,4670,8.0
10816,4671,10.0
10817,4671,11.0
10818,4672,9.0
10819,4673,10.0
10820,4674,
10821,4675,4.0
10822,4676,4.0
10823,4677,11.0
10824,4677,4.0
10825,4677,10.0
10826,4678,16.0
10827,4678,4.0
10828,4679,17.0
10829,4680,3.0
10830,4680,12.0
10831,4680,8.0
10832,4681,
10833,4682,12.0
10834,4683,4.0
10835,4683,10.0
10836,4683,12.0
10837,4684,12.0
10838,4685,17.0
10839,4686,4.0
10840,4687,10.0
10841,4687,4.0
10842,4687,11.0
10843,4688,5.0
10844,4688,4.0
10845,4689,17.0
10846,4690,4.0
10847,4690,7.0
10848,4691,4.0
10849,4691,13.0
10850,4691,5.0
10851,4692,16.0
10852,4692,10.0
10853,4692,4.0
10854,4693,8.0
10855,4693,4.0
10856,4693,5.0
10857,4694,4.0
10858,4695,4.0
10859,4695,10.0
10860,4695,7.0
10861,4696,4.0
10862,4696,11.0
10863,4697,10.0
10864,4697,11.0
10865,4698,17.0
10866,4699,4.0
10867,4700,4.0
10868,4700,5.0
10869,4701,0.0
10870,4701,4.0
10871,4701,11.0
10872,4702,4.0
10873,4703,10.0
10874,4703,4.0
10875,4703,11.0
10876,4704,4.0
10877,4704,16.0
10878,4704,11.0
10879,4705,4.0
10880,4706,17.0
10881,4707,8.0
10882,4707,4.0
10883,4707,12.0
10884,4708,0.0
10885,4708,4.0
10886,4709,6.0
10887,4709,7.0
10888,4709,10.0
10889,4710,17.0
10890,4711,17.0
10891,4712,17.0
10892,4713,17.0
10893,4713,14.0
10894,4714,
10895,4715,5.0
10896,4715,4.0
10897,4715,13.0
10898,4716,
10899,4717,4.0
10900,4717,10.0
10901,4718,10.0
10902,4719,4.0
10903,4719,11.0
10904,4720,4.0
10905,4721,10.0
10906,4722,4.0
10907,4723,12.0
10908,4723,8.0
10909,4724,4.0
10910,4724,2.0
10911,4724,12.0
10912,4725,10.0
10913,4726,10.0
10914,4726,4.0
10915,4727,0.0
10916,4727,4.0
10917,4728,10.0
10918,4728,12.0
10919,4728,5.0
10920,4729,7.0
10921,4730,4.0
10922,4730,10.0
10923,4730,3.0
10924,4731,17.0
10925,4732,8.0
10926,4733,3.0
10927,4733,13.0
10928,4733,8.0
10929,4734,8.0
10930,4734,0.0
10931,4734,4.0
10932,4735,3.0
10933,4735,12.0
10934,4736,17.0
10935,4736,16.0
10936,4737,17.0
10937,4738,13.0
10938,4738,4.0
10939,4738,8.0
10940,4739,10.0
10941,4739,11.0
10942,4740,11.0
10943,4740,10.0
10944,4741,5.0
10945,4742,17.0
10946,4742,10.0
10947,4742,4.0
10948,4743,10.0
10949,4744,10.0
10950,4744,4.0
10951,4745,12.0
10952,4745,5.0
10953,4746,4.0
10954,4747,4.0
10955,4747,10.0
10956,4748,13.0
10957,4748,12.0
10958,4748,8.0
10959,4749,10.0
10960,4749,4.0
10961,4749,11.0
10962,4750,4.0
10963,4751,4.0
10964,4751,11.0
10965,4752,11.0
10966,4752,10.0
10967,4752,4.0
10968,4753,8.0
10969,4753,12.0
10970,4754,4.0
10971,4754,10.0
10972,4754,7.0
10973,4755,17.0
10974,4756,12.0
10975,4756,8.0
10976,4756,2.0
10977,4757,17.0
10978,4758,8.0
10979,4758,5.0
10980,4759,17.0
10981,4760,4.0
10982,4761,10.0
10983,4762,4.0
10984,4763,10.0
10985,4763,11.0
10986,4764,8.0
10987,4764,4.0
10988,4764,5.0
10989,4765,12.0
10990,4766,17.0
10991,4766,16.0
10992,4767,8.0
10993,4767,12.0
10994,4768,4.0
10995,4768,11.0
10996,4769,0.0
10997,4769,9.0
10998,4770,4.0
10999,4770,10.0
11000,4771,12.0
11001,4772,4.0
11002,4772,0.0
11003,4772,10.0
11004,4773,10.0
11005,4774,4.0
11006,4774,11.0
11007,4775,4.0
11008,4775,10.0
11009,4776,10.0
11010,4776,4.0
11011,4777,4.0
11012,4778,0.0
11013,4778,4.0
11014,4778,3.0
11015,4779,10.0
11016,4780,8.0
11017,4780,3.0
11018,4780,4.0
11019,4781,10.0
11020,4781,11.0
11021,4782,4.0
11022,4782,7.0
11023,4783,8.0
11024,4783,12.0
11025,4784,4.0
11026,4784,10.0
11027,4784,11.0
11028,4785,4.0
11029,4786,10.0
11030,4786,11.0
11031,4787,5.0
11032,4787,8.0
11033,4788,12.0
11034,4788,10.0
11035,4788,3.0
11036,4789,4.0
11037,4790,4.0
11038,4790,18.0
11039,4791,12.0
11040,4792,3.0
11041,4792,12.0
11042,4792,13.0
11043,4793,4.0
11044,4794,8.0
11045,4794,12.0
11046,4794,10.0
11047,4795,4.0
11048,4796,5.0
11049,4796,4.0
11050,4796,8.0
11051,4797,18.0
11052,4797,8.0
11053,4798,0.0
11054,4798,3.0
11055,4798,8.0
11056,4799,10.0
11057,4799,11.0
11058,4800,10.0
11059,4800,4.0
11060,4800,11.0
11061,4801,
11062,4802,17.0
0,4804,0.0
