username,movie_id,watch_date,rating,comment
alloydwilliamsa,3453,2011-04-23,4,
rwilcott10,4698,2015-07-31,4,
avasechkin2g,794,2017-04-19,2,
lshattock1e,959,2012-03-05,1,
vsecretan1z,1104,2025-08-27,2,
cwaszkiewicz1u,1717,2014-12-15,2,
mwhitnell7,1717,2016-09-28,3,
ccockerham8,1129,2019-10-03,3,
kstonestreet20,1449,2008-10-03,3,
dayllett1i,1690,2022-10-18,3,
alloydwilliamsa,2034,2012-10-15,2,
afradsonm,4066,2012-03-02,1,
msmedmore2n,1242,2021-03-17,4,
lshattock1e,877,2022-02-24,1,
apetchell15,942,2025-09-05,2,
pkyteley2j,2394,2016-09-08,2,
rbottrellt,2024,2016-04-05,1,
csedgeworthk,1852,2013-11-10,3,
gtapine,3546,2023-04-27,2,
glongbottom16,4411,2015-11-26,3,
garonovich1v,175,2015-04-29,1,
aheyward1g,4301,2018-03-01,2,
mgarioch1p,542,2023-04-12,3,
hseabrocke2m,4510,2021-01-18,3,
tlowden17,4158,2011-06-28,2,
rbottrellt,1330,2024-05-04,2,
cyannoni1w,4136,2017-06-15,3,
tpaulino2,2454,2016-09-27,3,
olechmere1k,3440,2009-09-22,1,
dsiene2k,1388,2020-08-30,3,
jmonini18,4056,2015-03-08,2,
apetchell15,1816,2008-07-20,2,
cyannoni1w,1712,2025-12-09,3,
vsecretan1z,4376,2017-03-31,1,
mmeka,2727,2013-09-29,1,
dsiene2k,2414,2016-05-13,2,
vmuslimf,3623,2008-09-16,1,
jmonini18,4625,2012-07-04,2,
jmccarterx,1319,2019-01-14,1,
gtoffolonio,3065,2012-11-13,3,
egabbatiss2p,1876,2025-04-04,4,
esouthwell2b,2210,2017-01-06,2,
jmccarterx,3095,2023-07-31,1,
mcharlot12,661,2015-12-03,4,
cschild1y,644,2014-08-21,4,
cfrankcom2d,3173,2017-12-22,2,
cniesel0,4671,2012-09-22,2,
cdevaneyc,3076,2015-01-01,4,
mromandl,4393,2015-06-15,4,
dayllett1i,1002,2025-05-13,3,
aeul1o,1073,2021-05-21,2,
elivingstonep,2042,2021-03-10,1,
alloydwilliamsa,2620,2017-02-01,2,
alloydwilliamsa,4627,2013-12-03,1,
tdundon1,3324,2016-04-24,4,
oaloshkinj,2147,2008-08-10,1,
garonovich1v,459,2014-08-27,2,
gbezemer1h,1245,2025-07-02,3,
egrestie2c,3440,2017-12-26,3,
olechmere1k,2514,2025-11-09,1,
gseadon28,4023,2011-08-25,1,
marnaez24,3877,2015-01-22,3,
pvicaryn,1940,2019-10-15,2,
mvasseh,506,2025-12-18,2,
hseabrocke2m,853,2011-11-04,2,
battwellz,1288,2017-10-22,1,
mvasseh,3384,2024-12-03,3,
rbottrellt,4666,2023-07-03,2,
dpiatto4,816,2011-05-24,3,
sponteq,4071,2017-05-06,1,
bfiggins23,3499,2018-03-11,2,
battwellz,1541,2018-09-22,1,
csedgeworthk,2730,2023-08-16,4,
mmeka,2246,2021-03-27,4,
egabbatiss2p,4160,2018-04-08,4,
gtoffolonio,1465,2023-06-24,3,
jhearsey25,2868,2011-11-30,2,
ppointon2l,3414,2011-10-30,2,
egrestie2c,615,2020-05-11,2,
jhaslen2e,4436,2017-07-25,4,
esouthwell2b,2317,2022-01-12,4,
ppointon2l,2212,2012-09-20,2,
swilemans,889,2025-04-08,3,
rrosten1x,2846,2017-09-12,1,
mcharlot12,2122,2025-03-26,2,
rgasgarthu,4713,2019-10-16,3,
mdampier2q,1953,2012-01-27,1,
kstonestreet20,1476,2015-11-02,4,
kstonestreet20,4406,2010-05-10,1,
astoate1c,449,2018-09-16,1,
dsiene2k,3670,2017-07-30,3,
rwilcott10,3817,2009-07-21,1,
egrestie2c,4043,2008-01-23,4,
gtapine,4097,2026-02-05,2,
jmonini18,646,2017-12-14,2,
egrestie2c,797,2018-06-24,3,
pcolleford2r,3053,2015-11-25,3,
tsowrah1t,973,2021-10-16,4,
vsecretan1z,779,2011-08-08,4,
oaloshkinj,3119,2021-01-17,4,
lshattock1e,1005,2013-12-25,4,
marnaez24,297,2020-01-14,2,
ashenton26,1485,2012-08-23,4,
battwellz,3594,2012-12-17,2,
mmeka,2854,2015-01-25,4,
esouthwell2b,3670,2022-08-05,4,
jmonini18,402,2019-05-13,3,
sponteq,4440,2021-03-05,2,
mgarioch1p,4738,2015-10-31,2,
tfley1q,3215,2015-03-15,2,
cosbaldestony,3087,2008-02-18,4,
cyannoni1w,1943,2017-04-10,3,
alloydwilliamsa,199,2021-12-05,1,
ksmedley1b,3491,2025-06-19,2,
dpiatto4,4326,2013-08-12,1,
tlowden17,65,2019-09-01,1,
lconaboy11,1293,2023-01-31,4,
mdampier2q,2009,2011-10-22,3,
mmeka,2070,2023-10-04,3,
esouthwell2b,1255,2021-12-26,2,
pkyteley2j,3193,2020-12-20,2,
ssparshettb,2620,2021-03-16,1,
dayllett1i,2605,2019-12-27,1,
marnaez24,128,2021-03-02,2,
pkyteley2j,3563,2010-08-22,1,
olechmere1k,4117,2011-07-31,3,
vmuslimf,963,2013-09-17,4,
ksmedley1b,492,2008-10-30,4,
cniesel0,1829,2008-10-13,4,
rwilcott10,2927,2025-06-29,4,
bboobierv,4620,2024-06-08,1,
ksmedley1b,1972,2010-09-09,4,
csedgeworthk,3453,2022-08-16,4,
pvicaryn,2102,2022-08-04,3,
cyannoni1w,999,2017-10-24,2,
lmaxtedg,3029,2008-08-02,3,
lshattock1e,4610,2014-04-15,1,
cniesel0,226,2022-11-04,4,
bfiggins23,4756,2009-11-28,4,
jhaslen2e,3012,2012-09-20,1,
fscreech6,4351,2021-11-14,1,
cdevaneyc,2682,2013-09-04,1,
sponteq,600,2018-08-22,1,
dsiene2k,4170,2023-02-23,3,
rbottrellt,2971,2024-02-27,3,
gtapine,2102,2008-10-22,1,
dsiene2k,610,2013-12-30,4,
mgarioch1p,3456,2012-11-20,2,
ppointon2l,2093,2018-01-16,3,
battwellz,2076,2026-02-07,3,
jmarkos29,3165,2025-02-13,4,
fbernon1j,3240,2019-02-03,4,
tlowden17,1926,2013-03-26,1,
bdundin1f,3849,2011-05-03,1,
wdjordjevic1r,4255,2024-02-17,3,
bdundin1f,1006,2025-02-11,2,
wleatt2o,1174,2016-09-10,3,
xbenion2f,4556,2018-11-17,4,
dpiatto4,3018,2015-02-02,4,
dbruckshaw1l,3933,2011-12-07,3,
aecclestone1d,3169,2011-06-23,2,
alloydwilliamsa,1158,2022-01-03,3,
cschild1y,4542,2010-04-05,2,
pvicaryn,436,2012-10-22,2,
ksmedley1b,442,2020-08-18,3,
ebatchelor22,1004,2008-01-13,1,
onewberryd,4504,2014-02-14,2,
tmusickaw,64,2010-08-08,1,
garonovich1v,3180,2019-03-12,4,
jmccarterx,1264,2015-02-13,2,
mwhitnell7,2251,2009-11-30,1,
jhaslen2e,1932,2010-06-23,3,
tpaulino2,3709,2021-05-06,3,
mgarioch1p,4571,2014-08-19,1,
lconaboy11,3138,2024-03-14,1,
alloydwilliamsa,4665,2017-05-30,1,
jhaslen2e,889,2021-05-24,1,
pvicaryn,754,2017-03-31,4,
tsowrah1t,3937,2011-05-08,3,
mwhitnell7,4789,2017-01-31,3,
aecclestone1d,1939,2012-09-29,1,
ahorbath1a,2156,2022-02-14,1,
bboobierv,3168,2020-09-20,4,
fscreech6,1384,2011-06-18,2,
dpiatto4,3688,2010-03-24,4,
ppointon2l,2975,2008-10-01,3,
lshattock1e,330,2024-06-20,1,
glongbottom16,2417,2025-07-30,4,
oaloshkinj,1869,2024-01-22,4,
tpaulino2,2349,2015-12-21,3,
bboobierv,3158,2014-09-18,3,
cwaszkiewicz1u,578,2016-05-27,1,
ccrippin21,2953,2018-03-16,2,
aheyward1g,3458,2014-02-09,2,
csedgeworthk,466,2020-08-12,2,
jmonini18,2036,2025-01-19,2,
wdjordjevic1r,1498,2025-10-10,3,
jmarkos29,1383,2009-11-30,3,
rfoulis13,1356,2010-02-09,2,
rgasgarthu,1412,2016-04-03,4,
hseabrocke2m,1523,2017-02-08,3,
bboobierv,4422,2017-10-05,4,
rbottrellt,1754,2016-02-01,3,
ebatchelor22,3304,2017-01-04,2,
jdellcasa1n,1542,2019-07-21,4,
cschild1y,4392,2009-02-05,1,
pkyteley2j,4685,2014-01-12,4,
egrestie2c,1656,2008-05-03,2,
tdundon1,4131,2009-01-13,1,
gtoffolonio,3659,2011-02-18,1,
mmeka,2231,2011-02-01,4,
rwilcott10,1902,2013-12-03,4,
egabbatiss2p,1563,2014-09-14,1,
lbudibent3,4473,2019-09-09,3,
mmeka,2560,2019-12-14,3,
bboobierv,1725,2024-02-21,1,
tmusickaw,3396,2015-08-04,4,
mromandl,2796,2013-01-13,2,
rtwitchings9,819,2015-10-10,1,
lmaxtedg,3763,2024-05-21,4,
afradsonm,1439,2015-05-03,3,
tsowrah1t,4091,2011-03-02,2,
alloydwilliamsa,2286,2012-07-25,2,
mwhitnell7,65,2025-02-24,2,
jcolyer5,1877,2016-08-06,4,
ashenton26,3140,2018-12-23,3,
dayllett1i,4700,2019-10-15,1,
gseadon28,3300,2010-03-24,4,
tdundon1,4399,2012-03-14,1,
jcolyer5,3139,2009-12-16,4,
mvasseh,372,2009-04-08,3,
lbudibent3,4382,2012-03-25,4,
jhaslen2e,496,2012-04-15,2,
mromandl,2827,2011-07-10,2,
prosenfelt14,2750,2009-08-22,1,
jdellcasa1n,3975,2022-08-02,4,
gbezemer1h,2134,2022-09-28,3,
aecclestone1d,82,2020-08-21,4,
swilemans,2544,2023-02-28,3,
rfoulis13,1762,2010-12-19,1,
jvasilenko2h,1067,2008-06-28,4,
bfiggins23,3589,2022-09-28,4,
lmaxtedg,3810,2015-05-17,2,
mdampier2q,2531,2009-06-24,3,
ebatchelor22,4360,2010-01-01,1,
rwilcott10,4125,2015-06-22,4,
cniesel0,557,2014-08-24,3,
apetchell15,2291,2019-03-20,3,
sbignell19,3280,2016-06-25,2,
aheyward1g,2624,2022-12-23,1,
gtoffolonio,4094,2021-12-23,2,
wleatt2o,3443,2011-01-29,3,
ksmedley1b,765,2019-04-14,3,
daleksidzer,1388,2022-07-22,2,
olechmere1k,2937,2022-01-18,1,
hpoundford2i,2108,2008-07-22,2,
tdundon1,4363,2017-08-12,2,
msmedmore2n,1485,2011-05-08,4,
elivingstonep,2140,2013-03-11,2,
bboobierv,4264,2012-02-28,2,
marnaez24,1340,2010-06-02,3,
cyannoni1w,4204,2020-01-11,1,
jmccarterx,1836,2019-08-06,4,
rwilcott10,1405,2025-02-22,3,
garonovich1v,2123,2011-08-15,2,
rfoulis13,4239,2022-05-29,4,
jmonini18,1580,2012-07-06,2,
gbezemer1h,3118,2023-05-29,3,
xbenion2f,1562,2008-12-15,1,
prosenfelt14,2447,2020-07-19,2,
thargess27,1805,2025-03-11,2,
lmaxtedg,1597,2026-03-24,1,
alloydwilliamsa,2125,2016-06-18,1,
tmusickaw,4566,2019-04-07,1,
aheyward1g,2237,2021-02-17,3,
mromandl,2333,2010-06-05,4,
sbignell19,4027,2025-04-29,1,
glongbottom16,991,2021-12-28,4,
pcolleford2r,3163,2025-10-24,1,
gtapine,372,2016-06-18,1,
daleksidzer,912,2013-12-11,2,
pkyteley2j,3339,2013-11-26,2,
cschild1y,3897,2017-06-12,1,
ksmedley1b,1943,2016-11-01,3,
mvasseh,3199,2018-03-10,2,
cdevaneyc,3168,2024-08-16,4,
tsowrah1t,3057,2012-04-20,3,
pcolleford2r,1626,2008-08-18,1,
gtapine,489,2008-03-16,3,
kstonestreet20,2205,2012-01-30,1,
bboobierv,1821,2015-09-19,4,
lmaxtedg,3535,2008-04-30,4,
olechmere1k,1517,2013-06-12,1,
marnaez24,1798,2008-07-05,1,
alloydwilliamsa,430,2010-03-25,2,
pvicaryn,1657,2010-05-07,3,
dpiatto4,3278,2022-10-09,4,
rfoulis13,176,2008-05-24,1,
daleksidzer,2604,2018-04-15,1,
cosbaldestony,1496,2008-03-07,4,
garonovich1v,4137,2018-10-12,4,
tfley1q,2334,2020-09-28,4,
pkyteley2j,945,2018-02-20,1,
lbudibent3,3508,2009-06-20,3,
rgasgarthu,3721,2017-10-18,1,
gtoffolonio,608,2011-12-11,3,
mvasseh,4677,2018-07-03,2,
kstammler1m,1973,2025-01-16,1,
hpoundford2i,1228,2023-07-16,4,
jdellcasa1n,988,2019-02-13,4,
fbernon1j,1104,2010-05-28,3,
ebatchelor22,1347,2017-11-22,1,
lconaboy11,1363,2024-10-13,2,
dayllett1i,989,2025-08-17,3,
kstammler1m,1559,2011-05-28,2,
jmccarterx,1092,2009-01-11,1,
jvasilenko2h,810,2012-04-12,1,
bfiggins23,4324,2008-10-23,2,
esouthwell2b,1994,2020-02-04,1,
oaloshkinj,982,2020-05-06,4,
gseadon28,1072,2011-01-25,2,
apetchell15,258,2023-11-20,2,
daleksidzer,2789,2024-03-19,2,
cniesel0,2017,2016-11-01,3,
kstonestreet20,1806,2009-06-27,2,
cwaszkiewicz1u,2314,2012-02-09,4,
cdevaneyc,1206,2011-06-07,4,
rgasgarthu,574,2025-06-06,4,
bfiggins23,1216,2015-10-26,3,
thargess27,3710,2015-04-07,4,
jcolyer5,2011,2010-03-03,4,
rfoulis13,2606,2018-05-09,1,
gbezemer1h,2022,2018-04-02,1,
dsiene2k,4437,2010-10-14,2,
cosbaldestony,758,2010-11-16,4,
sponteq,4599,2009-10-06,4,
thargess27,1211,2025-01-15,1,
avasechkin2g,622,2012-10-29,2,
aeul1o,3485,2013-07-30,4,
cfrankcom2d,2896,2011-06-15,3,
glongbottom16,1330,2020-09-26,1,
avasechkin2g,195,2025-07-22,3,
apetchell15,2724,2014-12-04,2,
msmedmore2n,1892,2019-01-26,3,
fbernon1j,4665,2023-12-31,4,
rwilcott10,3361,2025-04-24,4,
ppointon2l,248,2012-01-08,4,
llangloisi,1205,2014-07-22,1,
jcolyer5,378,2026-04-22,2,
bdundin1f,2001,2023-08-14,2,
ccockerham8,3952,2017-11-16,1,
gtoffolonio,1743,2024-05-21,4,
rrosten1x,301,2016-11-26,2,
bdundin1f,3973,2020-05-26,1,
aheyward1g,3312,2026-04-12,2,
marnaez24,2789,2017-02-16,2,
gtapine,150,2009-11-19,4,
rgasgarthu,4274,2012-11-12,1,
rtwitchings9,1462,2016-04-14,2,
tdundon1,4211,2014-08-02,4,
gtoffolonio,3763,2014-09-18,4,
ahorbath1a,1919,2018-06-16,4,
elivingstonep,2563,2010-01-08,4,
marnaez24,3963,2020-11-08,3,
lmaxtedg,395,2016-02-15,3,
jhearsey25,2372,2021-09-09,3,
mdampier2q,155,2011-08-24,3,
jvasilenko2h,4515,2023-04-27,3,
astoate1c,1393,2015-03-15,1,
ppointon2l,3678,2024-12-24,2,
sponteq,2421,2012-08-10,2,
ahorbath1a,2274,2008-09-30,3,
jmarkos29,2278,2016-05-06,3,
cosbaldestony,73,2021-06-13,4,
cdevaneyc,4565,2024-08-06,3,
fbernon1j,1060,2017-03-02,2,
afradsonm,2695,2014-01-12,4,
jdellcasa1n,3763,2026-02-18,2,
rbottrellt,3209,2024-05-05,3,
ebatchelor22,2001,2025-02-23,2,
bfiggins23,3072,2025-01-08,1,
dbruckshaw1l,23,2018-01-06,3,
vsecretan1z,2279,2014-04-12,2,
gtoffolonio,4709,2016-03-26,1,
jmccarterx,545,2010-06-19,2,
jvasilenko2h,296,2023-10-17,4,
kstonestreet20,3583,2008-12-22,1,
egrestie2c,1368,2024-07-03,3,
kstammler1m,1786,2024-03-26,4,
esouthwell2b,3696,2022-01-30,2,
ashenton26,3111,2023-10-18,3,
jmonini18,1214,2016-04-19,4,
rgasgarthu,3326,2026-01-09,4,
pvicaryn,65,2020-08-05,2,
ebatchelor22,4575,2024-01-14,1,
ashenton26,309,2014-02-18,1,
mgarioch1p,1912,2024-01-25,1,
sbignell19,2727,2023-12-27,2,
glongbottom16,1049,2022-03-05,4,
cniesel0,187,2019-03-07,1,
rgasgarthu,443,2008-03-30,2,
cosbaldestony,2558,2008-05-11,4,
gseadon28,4304,2019-01-13,2,
oaloshkinj,3486,2019-03-12,1,
daleksidzer,521,2021-06-15,1,
tfley1q,2669,2016-07-09,3,
rrosten1x,1101,2023-04-27,4,
dsiene2k,2570,2023-02-14,3,
knewling1s,4207,2016-12-15,2,
pcolleford2r,156,2020-08-15,4,
garonovich1v,4601,2024-09-13,1,
avasechkin2g,3228,2015-05-23,3,
onewberryd,2965,2022-06-15,4,
lmaxtedg,1283,2012-05-01,4,
ssimoes2a,1863,2017-06-23,1,
tfley1q,3768,2011-04-12,4,
sponteq,3936,2019-08-26,2,
ccockerham8,2468,2018-02-05,2,
avasechkin2g,2511,2022-06-22,1,
mwhitnell7,114,2020-05-11,2,
glongbottom16,3168,2010-03-04,4,
lbudibent3,3677,2018-09-01,1,
hseabrocke2m,577,2019-06-05,4,
glongbottom16,2370,2008-03-25,4,
cwaszkiewicz1u,4186,2024-09-07,1,
llangloisi,1353,2025-08-03,3,
tsowrah1t,321,2012-01-27,2,
jmccarterx,1086,2024-04-03,2,
mdampier2q,711,2008-12-14,2,
csedgeworthk,940,2010-09-14,2,
onewberryd,4006,2022-11-30,2,
msmedmore2n,3512,2016-01-27,2,
vmuslimf,584,2025-11-06,3,
astoate1c,4075,2010-01-20,4,
fbernon1j,3547,2010-03-30,1,
rrosten1x,3773,2011-08-29,3,
tmusickaw,3659,2011-08-18,3,
gtapine,1663,2010-04-22,4,
apetchell15,617,2008-02-20,1,
sbignell19,4445,2008-10-10,3,
tlowden17,3626,2009-03-04,2,
tlowden17,3755,2025-12-15,2,
ccockerham8,1365,2019-01-31,2,
dbruckshaw1l,1501,2010-11-23,3,
cyannoni1w,2314,2013-08-30,3,
rgasgarthu,3329,2025-02-21,3,
cniesel0,3248,2018-09-18,1,
rrosten1x,957,2024-07-16,4,
onewberryd,1793,2019-04-15,4,
lmaxtedg,3412,2008-05-07,3,
lbudibent3,933,2025-12-13,4,
rfoulis13,2082,2009-10-10,1,
aeul1o,1659,2009-04-18,1,
gbezemer1h,1529,2009-03-26,2,
battwellz,1312,2018-05-31,1,
cfrankcom2d,4554,2015-09-03,3,
egabbatiss2p,1203,2012-06-01,4,
lmaxtedg,3279,2022-04-14,2,
gseadon28,1948,2014-02-01,1,
lmaxtedg,98,2018-02-08,3,
rgasgarthu,4569,2015-07-07,2,
pvicaryn,1119,2021-01-27,4,
lconaboy11,2599,2008-08-13,1,
apetchell15,2310,2015-05-06,3,
dsiene2k,1087,2013-04-21,2,
dpiatto4,2089,2011-11-14,1,
gtapine,179,2018-08-08,2,
vsecretan1z,576,2024-02-10,2,
sponteq,281,2022-03-12,1,
avasechkin2g,4696,2017-02-17,1,
dbruckshaw1l,46,2016-03-23,1,
dsiene2k,4198,2021-09-24,4,
sponteq,1464,2009-03-23,3,
cyannoni1w,1619,2010-12-12,4,
sbignell19,137,2013-10-08,1,
kstammler1m,3106,2023-02-03,1,
pkyteley2j,2845,2014-06-29,2,
tpaulino2,2882,2014-09-12,4,
mdampier2q,792,2019-06-22,2,
daleksidzer,3523,2025-08-22,1,
ksmedley1b,4077,2017-10-16,4,
jvasilenko2h,2801,2025-04-29,3,
cosbaldestony,1911,2022-05-20,1,
pcolleford2r,4320,2008-05-30,3,
ccockerham8,317,2024-04-26,3,
gbezemer1h,3844,2009-06-02,2,
bdundin1f,4461,2022-11-17,4,
sbignell19,618,2012-01-17,3,
tlowden17,4289,2024-02-13,3,
lmaxtedg,531,2023-08-05,1,
lconaboy11,2310,2022-12-05,4,
cfrankcom2d,558,2023-12-08,1,
prosenfelt14,988,2011-06-21,4,
gtoffolonio,4646,2017-06-03,2,
vmuslimf,1635,2013-03-25,4,
battwellz,4140,2023-06-25,2,
tpaulino2,4556,2018-06-20,1,
dpiatto4,3302,2020-09-03,2,
cniesel0,3807,2024-03-24,3,
daleksidzer,3015,2019-07-19,2,
tlowden17,4233,2024-05-02,1,
csedgeworthk,4773,2010-03-13,1,
lconaboy11,1429,2025-08-07,2,
oaloshkinj,2042,2025-11-27,1,
cniesel0,3072,2024-11-29,3,
tpaulino2,3417,2023-08-19,2,
ssimoes2a,416,2025-08-12,1,
cschild1y,4489,2026-02-23,3,
xbenion2f,2305,2013-07-09,4,
mwhitnell7,3508,2013-01-25,1,
aeul1o,1412,2014-01-01,1,
garonovich1v,1613,2015-01-28,3,
ssimoes2a,445,2015-10-28,2,
tdundon1,4264,2020-09-01,1,
jcolyer5,503,2016-11-30,3,
llangloisi,3914,2010-03-23,1,
bdundin1f,4523,2009-03-27,1,
lconaboy11,1605,2013-01-28,3,
lshattock1e,3615,2022-02-28,3,
mcharlot12,2581,2017-10-01,3,
msmedmore2n,1405,2019-08-26,2,
ashenton26,2332,2021-10-27,2,
jhearsey25,1682,2008-10-20,3,
kstonestreet20,3782,2012-09-15,2,
glongbottom16,735,2010-04-20,4,
dayllett1i,3300,2022-07-29,2,
jmonini18,4235,2019-12-03,4,
knewling1s,1303,2021-11-26,3,
csedgeworthk,700,2019-03-27,1,
rbottrellt,2482,2011-05-18,4,
hpoundford2i,2342,2019-03-10,1,
egrestie2c,4074,2014-07-16,1,
onewberryd,1342,2012-09-21,2,
jhearsey25,3976,2023-09-17,1,
jvasilenko2h,4522,2018-01-06,2,
vsecretan1z,99,2023-09-19,2,
xbenion2f,1281,2021-05-09,4,
ccockerham8,3512,2012-06-02,2,
onewberryd,4690,2021-11-09,1,
avasechkin2g,931,2025-02-22,3,
sbignell19,1428,2010-09-10,2,
kstonestreet20,658,2015-04-04,3,
fbernon1j,46,2020-05-18,4,
aheyward1g,4441,2023-09-09,4,
lshattock1e,2196,2010-07-06,4,
sponteq,2212,2020-05-14,1,
lconaboy11,4794,2008-11-11,4,
astoate1c,1438,2025-09-23,1,
lmaxtedg,3169,2020-10-18,4,
rwilcott10,2344,2023-12-14,3,
tmusickaw,3651,2010-02-19,1,
tlowden17,2124,2016-01-10,4,
lmaxtedg,1125,2021-10-18,3,
mcharlot12,4514,2017-05-27,2,
vmuslimf,4503,2018-04-10,1,
tlowden17,760,2011-08-20,3,
rgasgarthu,4116,2026-03-05,2,
cdevaneyc,3761,2026-03-05,2,
cyannoni1w,1900,2021-10-14,4,
garonovich1v,1276,2012-01-26,1,
fscreech6,1456,2024-11-29,2,
egrestie2c,3073,2021-05-08,3,
bfiggins23,3595,2022-10-23,2,
csedgeworthk,943,2024-12-29,4,
cosbaldestony,934,2023-09-21,4,
glongbottom16,1323,2014-08-03,4,
dbruckshaw1l,1849,2008-10-21,4,
daleksidzer,4137,2015-03-24,4,
jmarkos29,1232,2025-09-17,3,
ebatchelor22,1427,2018-01-10,1,
fscreech6,183,2017-01-30,3,
rwilcott10,3750,2014-08-19,2,
cyannoni1w,2318,2013-02-12,3,
rfoulis13,2996,2022-12-09,2,
ebatchelor22,4787,2016-01-04,4,
jmonini18,4751,2008-09-05,2,
sbignell19,4057,2023-11-03,1,
cwaszkiewicz1u,3179,2014-02-07,4,
mromandl,277,2024-12-02,4,
dpiatto4,287,2026-03-24,1,
mgarioch1p,4010,2023-09-21,2,
oaloshkinj,1995,2023-09-02,3,
llangloisi,1432,2012-01-29,4,
rfoulis13,3106,2009-11-05,2,
afradsonm,2075,2015-11-13,4,
lmaxtedg,2361,2010-09-28,1,
kstonestreet20,2701,2017-08-27,3,
rwilcott10,1282,2022-08-24,3,
jvasilenko2h,3009,2008-11-03,2,
rgasgarthu,4180,2018-09-20,1,
cyannoni1w,4454,2009-01-29,3,
jmccarterx,3347,2021-12-29,3,
lmaxtedg,1938,2017-11-16,2,
rtwitchings9,3892,2016-04-03,1,
mwhitnell7,3093,2020-08-29,1,
msmedmore2n,472,2016-10-20,1,
rtwitchings9,2031,2017-08-14,2,
aeul1o,4218,2011-07-12,1,
cosbaldestony,1224,2011-02-19,3,
cschild1y,1772,2010-01-02,2,
avasechkin2g,1460,2024-08-31,2,
wleatt2o,3189,2020-07-01,2,
olechmere1k,4773,2008-11-25,3,
ccockerham8,4425,2020-02-14,4,
cschild1y,3123,2019-12-28,2,
egabbatiss2p,2279,2020-03-01,1,
tlowden17,989,2021-09-30,4,
aheyward1g,3362,2023-11-25,4,
ccrippin21,3882,2013-04-23,2,
csedgeworthk,2525,2011-11-23,4,
rbottrellt,4708,2011-03-17,3,
lshattock1e,4767,2011-08-20,1,
wleatt2o,900,2026-03-25,4,
vsecretan1z,4754,2019-09-03,1,
hseabrocke2m,2949,2009-07-01,3,
jvasilenko2h,494,2008-10-08,4,
sbignell19,4586,2019-03-13,1,
jmccarterx,3220,2011-07-22,1,
jcolyer5,3412,2011-12-02,4,
jmarkos29,1582,2017-08-05,2,
mdampier2q,232,2011-03-28,3,
rgasgarthu,2088,2009-11-28,3,
mvasseh,124,2020-03-28,2,
kstammler1m,1737,2011-09-17,1,
pvicaryn,4766,2010-06-16,1,
kstonestreet20,2566,2014-10-28,3,
rgasgarthu,1108,2012-11-03,4,
pvicaryn,1574,2010-09-16,3,
tlowden17,3144,2012-09-27,3,
jmonini18,2678,2011-03-13,4,
fscreech6,4696,2016-11-18,2,
jmonini18,521,2023-02-28,2,
avasechkin2g,548,2019-02-08,4,
sponteq,4030,2009-10-04,3,
jhaslen2e,3688,2015-10-21,4,
ashenton26,4224,2023-07-29,2,
wleatt2o,353,2026-03-02,2,
rtwitchings9,806,2018-07-09,3,
glongbottom16,3597,2017-06-27,2,
knewling1s,2274,2021-12-16,4,
wleatt2o,1357,2014-03-16,2,
jmccarterx,4786,2023-06-23,4,
esouthwell2b,1802,2022-08-22,4,
tmusickaw,672,2017-07-17,2,
llangloisi,1753,2025-01-03,1,
mmeka,4678,2011-02-03,1,
ksmedley1b,256,2022-01-27,4,
tsowrah1t,1004,2019-07-01,3,
mcharlot12,3840,2016-08-14,2,
oaloshkinj,1318,2018-10-08,2,
afradsonm,1875,2010-07-30,3,
tfley1q,69,2014-04-18,3,
cwaszkiewicz1u,3932,2018-07-24,4,
ccockerham8,79,2020-07-03,1,
dbruckshaw1l,2886,2024-01-19,4,
jmccarterx,2673,2008-07-31,3,
egrestie2c,2815,2015-09-27,4,
battwellz,1675,2023-04-18,4,
jdellcasa1n,4783,2012-11-17,2,
battwellz,2318,2008-08-05,4,
egabbatiss2p,2820,2021-01-13,2,
oaloshkinj,2806,2020-03-03,4,
gseadon28,1918,2018-01-19,3,
kstonestreet20,282,2016-03-22,1,
bdundin1f,1544,2014-03-15,2,
ksmedley1b,90,2018-03-27,2,
kstonestreet20,4185,2010-03-06,3,
jmonini18,2312,2022-05-13,1,
cdevaneyc,3981,2010-08-28,4,
elivingstonep,457,2021-07-03,4,
fbernon1j,2511,2022-06-02,3,
ksmedley1b,75,2023-03-26,2,
jvasilenko2h,4008,2024-10-25,2,
thargess27,371,2023-07-11,1,
pcolleford2r,3801,2021-01-26,1,
cwaszkiewicz1u,601,2015-08-10,2,
mwhitnell7,1214,2014-07-15,3,
jdellcasa1n,4013,2019-07-24,1,
vsecretan1z,3066,2015-02-18,2,
cwaszkiewicz1u,4185,2022-07-31,2,
fbernon1j,1816,2018-04-13,2,
tpaulino2,135,2015-02-08,2,
hseabrocke2m,963,2025-04-24,2,
prosenfelt14,2274,2014-10-26,2,
msmedmore2n,1884,2015-06-02,1,
apetchell15,3991,2011-05-28,3,
lshattock1e,379,2022-03-26,1,
gseadon28,32,2021-02-12,3,
pcolleford2r,4709,2022-11-28,4,
gbezemer1h,1613,2020-01-12,1,
tsowrah1t,3180,2019-09-12,4,
dbruckshaw1l,1954,2026-03-21,3,
cfrankcom2d,1605,2012-12-16,3,
bdundin1f,2085,2023-10-13,1,
ssparshettb,2124,2018-08-23,4,
ssimoes2a,4123,2011-12-28,2,
dsiene2k,1900,2019-06-27,4,
dpiatto4,3167,2023-02-03,3,
gtapine,4211,2008-12-09,3,
pkyteley2j,4246,2009-01-23,3,
lbudibent3,3400,2010-11-20,4,
xbenion2f,1590,2025-07-11,1,
mcharlot12,3998,2014-01-25,2,
ashenton26,2430,2008-11-04,3,
lshattock1e,4728,2018-11-06,1,
wleatt2o,3236,2024-04-20,4,
fscreech6,874,2009-10-20,2,
prosenfelt14,2044,2022-12-23,3,
aecclestone1d,2770,2009-09-21,3,
garonovich1v,68,2021-09-06,4,
rfoulis13,1655,2015-05-11,1,
sbignell19,3425,2008-05-19,4,
mwhitnell7,4614,2016-12-10,1,
gseadon28,1233,2013-11-23,3,
cfrankcom2d,811,2025-05-01,1,
egrestie2c,906,2017-03-17,2,
mwhitnell7,3208,2021-04-12,4,
bfiggins23,334,2025-03-16,4,
ahorbath1a,3067,2024-12-08,4,
ebatchelor22,4498,2008-06-16,4,
cosbaldestony,1665,2024-11-21,1,
prosenfelt14,719,2021-01-29,2,
sbignell19,3133,2023-01-06,1,
dsiene2k,192,2012-11-12,2,
lmaxtedg,458,2020-11-02,3,
mvasseh,1355,2016-11-02,4,
astoate1c,3638,2008-05-15,2,
aheyward1g,3769,2008-06-09,1,
mmeka,116,2024-07-01,1,
lconaboy11,2094,2025-12-04,2,
tsowrah1t,2885,2019-12-29,3,
jhearsey25,2459,2015-03-09,4,
lbudibent3,190,2019-10-14,1,
jhearsey25,831,2025-03-22,1,
mdampier2q,1936,2008-04-13,4,
pcolleford2r,2499,2015-07-18,2,
bdundin1f,2564,2015-01-13,1,
ksmedley1b,2984,2009-09-20,3,
tlowden17,4347,2026-03-06,1,
gbezemer1h,3625,2020-12-06,2,
swilemans,3837,2025-10-03,4,
aeul1o,2115,2010-12-18,4,
cwaszkiewicz1u,2061,2017-06-11,4,
gbezemer1h,4253,2009-02-07,4,
rtwitchings9,2026,2024-07-31,2,
daleksidzer,1399,2016-03-18,2,
cdevaneyc,4049,2012-07-18,1,
bfiggins23,864,2015-04-28,1,
ebatchelor22,1371,2009-05-24,2,
swilemans,2189,2017-05-25,2,
ahorbath1a,1002,2019-03-03,3,
bboobierv,1726,2009-09-24,3,
bboobierv,4462,2016-08-12,3,
egrestie2c,2362,2011-11-09,2,
dsiene2k,4306,2021-07-01,3,
pvicaryn,4215,2022-06-25,2,
cschild1y,372,2008-08-05,1,
hseabrocke2m,4178,2023-03-28,4,
sbignell19,1227,2017-09-11,3,
fbernon1j,1464,2020-01-07,1,
cschild1y,3411,2012-04-01,1,
mromandl,3611,2009-11-04,4,
jmccarterx,3102,2024-11-15,3,
xbenion2f,1937,2015-10-10,3,
tfley1q,2665,2021-02-20,4,
rtwitchings9,4610,2023-08-22,3,
cyannoni1w,1984,2018-12-01,4,
ashenton26,1033,2024-12-29,1,
tpaulino2,3277,2018-05-06,2,
kstonestreet20,4695,2017-08-14,3,
cosbaldestony,2470,2012-10-10,4,
tlowden17,456,2009-08-19,1,
aeul1o,3485,2013-07-17,1,
rbottrellt,2052,2019-08-06,1,
cniesel0,2205,2016-06-05,4,
gtoffolonio,2469,2009-01-27,2,
tlowden17,2757,2011-12-29,3,
gtapine,2960,2016-07-05,2,
aecclestone1d,1215,2020-04-01,4,
gtapine,480,2020-10-22,3,
jmccarterx,1616,2017-06-14,4,
jmccarterx,3457,2025-09-10,4,
msmedmore2n,4618,2020-06-20,1,
jvasilenko2h,1508,2008-03-27,4,
tpaulino2,3001,2013-07-02,3,
jhearsey25,1537,2010-10-17,1,
avasechkin2g,4219,2021-12-12,3,
msmedmore2n,3742,2013-10-11,1,
afradsonm,996,2008-05-02,4,
lmaxtedg,4703,2025-07-20,2,
mcharlot12,2749,2011-11-25,1,
elivingstonep,1179,2015-11-25,4,
bfiggins23,1904,2026-02-10,3,
battwellz,4623,2019-12-05,3,
vmuslimf,2985,2021-07-01,1,
pkyteley2j,1485,2019-07-21,3,
cdevaneyc,4204,2022-11-07,3,
prosenfelt14,4317,2015-12-20,2,
garonovich1v,3637,2015-04-01,2,
marnaez24,2432,2015-01-11,3,
tsowrah1t,1045,2022-03-03,3,
rrosten1x,849,2015-08-18,4,
elivingstonep,1002,2010-09-11,1,
aheyward1g,1024,2008-12-11,2,
llangloisi,4376,2018-01-27,1,
ccrippin21,3501,2014-09-08,2,
bfiggins23,2532,2013-01-11,4,
jhearsey25,664,2023-03-07,4,
jvasilenko2h,3919,2012-09-13,4,
tdundon1,1215,2009-07-05,3,
sbignell19,4429,2019-03-09,3,
gtoffolonio,2930,2015-01-10,2,
cniesel0,1956,2008-09-09,1,
jhearsey25,1613,2012-10-08,3,
marnaez24,3574,2017-06-17,1,
vmuslimf,2779,2010-10-28,2,
jmarkos29,390,2014-07-24,2,
hpoundford2i,566,2025-04-25,4,
cfrankcom2d,4319,2011-05-21,1,
mvasseh,3356,2021-04-05,4,
rfoulis13,3034,2016-10-14,3,
dsiene2k,2957,2023-11-11,4,
rfoulis13,1954,2018-06-05,1,
csedgeworthk,412,2016-11-26,2,
gbezemer1h,2701,2014-05-25,4,
aecclestone1d,3664,2009-05-08,3,
ppointon2l,4750,2024-11-14,3,
jhearsey25,880,2011-12-06,2,
gseadon28,54,2013-01-01,4,
tpaulino2,846,2022-02-11,4,
apetchell15,3769,2019-02-07,4,
mmeka,3644,2018-01-17,4,
pvicaryn,3974,2017-10-12,3,
bdundin1f,2610,2017-08-11,3,
cyannoni1w,752,2012-12-13,1,
wleatt2o,1135,2022-08-29,1,
gbezemer1h,1022,2022-07-22,2,
jdellcasa1n,877,2013-05-08,4,
cniesel0,366,2015-05-19,4,
mgarioch1p,807,2012-03-26,3,
ccrippin21,3971,2019-06-05,2,
jdellcasa1n,3971,2015-01-17,1,
vmuslimf,2202,2022-10-26,1,
cniesel0,3433,2018-04-04,4,
pkyteley2j,1836,2013-05-31,3,
pkyteley2j,1571,2017-10-20,1,
vsecretan1z,49,2025-06-16,1,
llangloisi,2418,2025-05-27,3,
xbenion2f,3516,2010-09-13,4,
tpaulino2,2113,2009-01-22,4,
dsiene2k,1576,2012-07-16,1,
knewling1s,456,2019-04-05,4,
lconaboy11,4738,2021-07-20,1,
vsecretan1z,2237,2012-06-11,1,
pkyteley2j,3244,2017-09-17,4,
cyannoni1w,3451,2008-02-26,2,
tlowden17,191,2023-04-19,1,
gtapine,3450,2017-12-25,3,
pvicaryn,2684,2013-02-21,3,
lshattock1e,3049,2012-01-26,1,
alloydwilliamsa,4509,2017-10-31,4,
ksmedley1b,3319,2018-04-23,1,
ashenton26,2712,2021-03-17,4,
ppointon2l,1106,2016-09-01,3,
gseadon28,1256,2009-10-12,4,
ppointon2l,3161,2019-03-20,2,
alloydwilliamsa,2131,2019-11-16,4,
egrestie2c,2480,2013-09-09,3,
prosenfelt14,433,2020-04-08,4,
dsiene2k,4704,2018-07-15,2,
fscreech6,484,2010-09-18,2,
tlowden17,2029,2017-07-10,4,
hpoundford2i,49,2008-12-06,3,
xbenion2f,890,2011-01-04,2,
vsecretan1z,1100,2024-09-19,4,
cschild1y,194,2014-10-12,3,
dayllett1i,925,2012-08-12,1,
cfrankcom2d,2275,2012-09-22,2,
mvasseh,2957,2013-05-03,1,
daleksidzer,1528,2018-08-31,2,
rtwitchings9,866,2025-04-24,2,
alloydwilliamsa,3234,2024-11-04,4,
msmedmore2n,1552,2023-01-01,3,
jvasilenko2h,3285,2009-01-28,4,
ashenton26,1434,2022-10-26,4,
tdundon1,3666,2011-10-19,3,
swilemans,877,2025-06-02,1,
jdellcasa1n,3374,2023-11-22,1,
tmusickaw,1313,2020-08-21,4,
kstammler1m,118,2010-02-02,3,
msmedmore2n,3163,2014-12-01,2,
gtapine,1553,2009-02-23,2,
wleatt2o,3592,2015-03-31,1,
garonovich1v,211,2024-05-03,2,
cdevaneyc,3764,2024-08-22,4,
csedgeworthk,4037,2010-01-27,2,
rfoulis13,284,2021-11-02,1,
sponteq,4537,2016-06-20,1,
apetchell15,2491,2016-03-24,2,
rgasgarthu,2922,2025-03-17,2,
cwaszkiewicz1u,1589,2010-12-17,3,
msmedmore2n,1632,2018-06-29,3,
rfoulis13,1510,2010-04-14,2,
ppointon2l,1523,2010-09-26,4,
tpaulino2,4609,2012-05-24,1,
jdellcasa1n,1843,2016-12-26,2,
cdevaneyc,1071,2012-10-15,3,
jcolyer5,3900,2024-09-01,3,
vmuslimf,1641,2011-07-28,3,
hseabrocke2m,3733,2026-03-19,1,
pvicaryn,4002,2026-02-13,1,
astoate1c,640,2009-08-04,3,
vsecretan1z,1255,2021-10-13,1,
rfoulis13,1336,2023-06-15,4,
knewling1s,4785,2024-10-19,2,
cniesel0,3567,2023-11-21,2,
mgarioch1p,3568,2010-10-29,1,
ppointon2l,3187,2019-05-12,2,
jhaslen2e,4255,2011-06-10,3,
ssimoes2a,3799,2010-08-16,2,
tdundon1,528,2020-08-26,3,
sbignell19,1316,2025-08-09,1,
onewberryd,1255,2018-01-09,3,
jmccarterx,530,2024-10-27,2,
ahorbath1a,2400,2022-02-13,3,
gseadon28,373,2017-12-11,2,
avasechkin2g,4208,2022-05-10,4,
tlowden17,718,2020-06-21,4,
tdundon1,3153,2018-06-23,2,
cosbaldestony,2460,2017-04-23,2,
cschild1y,2358,2018-12-27,2,
xbenion2f,2378,2022-03-29,2,
onewberryd,1674,2018-08-13,3,
ahorbath1a,2259,2016-04-04,4,
cschild1y,4513,2021-12-28,2,
jmonini18,4630,2010-10-02,4,
jmonini18,4024,2012-06-10,2,
ebatchelor22,3562,2022-01-30,4,
aeul1o,91,2019-07-05,3,
jmonini18,3374,2023-04-19,4,
thargess27,3071,2025-06-07,2,
sbignell19,2789,2021-09-03,2,
kstonestreet20,1512,2020-10-22,2,
daleksidzer,665,2012-03-24,1,
esouthwell2b,1867,2021-10-01,1,
vmuslimf,2265,2021-03-23,4,
elivingstonep,1526,2018-10-06,2,
tsowrah1t,2799,2026-01-29,1,
afradsonm,717,2024-02-24,2,
garonovich1v,1920,2022-11-15,2,
gtapine,4380,2012-01-02,1,
bboobierv,2723,2016-03-01,3,
jmccarterx,3240,2008-09-20,4,
jhaslen2e,4567,2013-05-30,1,
battwellz,2105,2020-09-19,3,
cosbaldestony,2836,2025-06-03,4,
tmusickaw,1812,2021-07-05,3,
kstonestreet20,1081,2017-10-08,1,
ashenton26,493,2015-07-07,4,
tsowrah1t,1438,2012-12-17,3,
thargess27,2798,2021-06-07,4,
elivingstonep,3598,2022-10-27,3,
lconaboy11,193,2014-07-14,2,
bboobierv,1100,2016-12-31,4,
aeul1o,274,2024-08-13,2,
knewling1s,3008,2009-02-25,1,
dbruckshaw1l,2191,2015-11-04,4,
gbezemer1h,3078,2017-07-15,3,
kstonestreet20,2437,2024-01-04,3,
cschild1y,2651,2019-02-22,4,
ssparshettb,1834,2014-10-08,4,
ebatchelor22,2208,2023-06-29,4,
marnaez24,4292,2022-05-04,1,
tfley1q,4021,2023-06-25,4,
aheyward1g,2917,2025-07-23,2,
mcharlot12,1499,2008-11-05,2,
cosbaldestony,4428,2026-03-30,3,
elivingstonep,627,2020-03-30,3,
cfrankcom2d,2367,2013-01-30,2,
afradsonm,4685,2026-04-06,2,
alloydwilliamsa,3996,2017-04-11,3,
xbenion2f,2830,2018-05-18,1,
rbottrellt,538,2010-12-09,3,
marnaez24,1077,2018-07-20,2,
ahorbath1a,242,2008-02-09,3,
tmusickaw,123,2014-10-23,1,
pvicaryn,4703,2011-03-31,1,
ccrippin21,3415,2019-09-27,4,
llangloisi,458,2021-12-27,2,
ssparshettb,4014,2018-04-16,3,
daleksidzer,205,2017-04-03,4,
bfiggins23,1526,2020-04-25,4,
ccockerham8,1393,2018-10-13,4,
gbezemer1h,461,2011-08-01,4,
lconaboy11,1658,2009-01-17,3,
bfiggins23,4636,2009-03-14,4,
rfoulis13,2809,2013-10-01,4,
daleksidzer,4312,2023-02-07,2,
mromandl,1318,2017-03-03,1,
aecclestone1d,2421,2008-12-20,2,
rrosten1x,678,2017-01-27,1,
mvasseh,1982,2009-05-19,4,
thargess27,855,2018-11-29,1,
ahorbath1a,4103,2023-07-07,2,
alloydwilliamsa,3040,2021-09-17,3,
garonovich1v,4763,2010-09-22,3,
cfrankcom2d,1226,2011-10-08,3,
elivingstonep,2297,2010-10-31,1,
pcolleford2r,2636,2010-04-05,4,
rrosten1x,106,2008-06-30,2,
pkyteley2j,3730,2016-08-07,1,
rbottrellt,1787,2021-11-07,1,
olechmere1k,2099,2015-07-12,3,
aecclestone1d,2597,2008-01-08,1,
esouthwell2b,455,2016-11-10,1,
dsiene2k,2049,2025-09-13,1,
fscreech6,2568,2021-01-23,3,
lmaxtedg,3703,2017-02-27,3,
rtwitchings9,3460,2026-01-28,4,
jhearsey25,1373,2025-11-06,3,
hpoundford2i,3131,2010-12-18,2,
ccockerham8,2456,2012-09-22,4,
cfrankcom2d,3400,2022-11-19,4,
tmusickaw,4185,2014-03-10,4,
rwilcott10,3878,2025-11-09,2,
ppointon2l,2439,2023-04-13,3,
mgarioch1p,890,2012-08-11,1,
jvasilenko2h,861,2014-11-27,4,
ppointon2l,3592,2015-05-08,1,
fscreech6,2398,2017-08-09,4,
pkyteley2j,2642,2014-10-19,3,
tsowrah1t,110,2012-09-02,1,
fbernon1j,2614,2009-10-17,4,
kstammler1m,199,2013-04-08,1,
prosenfelt14,595,2025-12-06,3,
tpaulino2,4064,2015-03-13,2,
rfoulis13,4770,2016-02-20,4,
onewberryd,3633,2021-05-30,4,
knewling1s,4440,2017-09-16,4,
rwilcott10,485,2022-06-01,3,
cfrankcom2d,730,2010-09-19,1,
pkyteley2j,1101,2012-01-22,4,
jvasilenko2h,866,2012-01-18,2,
gtapine,1666,2024-03-16,1,
gtapine,1647,2023-08-15,2,
cwaszkiewicz1u,1135,2024-04-05,1,
lconaboy11,2864,2020-11-17,3,
olechmere1k,1597,2016-07-30,3,
dsiene2k,2737,2016-11-09,1,
tdundon1,2073,2025-11-04,2,
bdundin1f,1809,2014-08-04,3,
mcharlot12,2751,2014-06-26,2,
astoate1c,196,2008-05-21,3,
tsowrah1t,2525,2026-02-22,2,
ppointon2l,2426,2013-05-26,4,
fscreech6,2567,2008-07-10,3,
gseadon28,957,2021-12-31,1,
ashenton26,3718,2019-11-27,1,
mvasseh,1877,2009-12-13,1,
glongbottom16,203,2008-10-14,1,
ksmedley1b,619,2011-12-16,3,
hpoundford2i,2827,2015-12-01,1,
ahorbath1a,4569,2009-12-17,3,
cyannoni1w,3604,2021-02-25,4,
ebatchelor22,709,2016-05-26,4,
glongbottom16,245,2017-11-24,1,
hpoundford2i,553,2021-07-13,4,
csedgeworthk,3830,2016-12-05,3,
onewberryd,4474,2010-02-21,2,
tmusickaw,4174,2009-02-21,2,
gseadon28,1120,2015-11-13,2,
msmedmore2n,4014,2010-03-12,4,
rbottrellt,2828,2021-02-02,4,
onewberryd,1212,2025-08-12,4,
swilemans,1072,2016-01-12,2,
hseabrocke2m,2311,2014-04-27,4,
apetchell15,4455,2015-03-16,4,
ashenton26,1748,2022-10-25,1,
pkyteley2j,3819,2012-02-22,1,
hseabrocke2m,627,2026-04-10,1,
ashenton26,2124,2010-09-15,3,
tmusickaw,4410,2012-10-16,1,
ssimoes2a,2380,2013-11-08,2,
rbottrellt,1736,2020-05-03,2,
mgarioch1p,1708,2012-08-05,2,
hseabrocke2m,4467,2015-03-18,4,
bdundin1f,2577,2015-05-27,1,
elivingstonep,2018,2010-11-27,2,
battwellz,606,2025-09-30,4,
ahorbath1a,208,2010-06-19,3,
wleatt2o,770,2010-06-24,3,
ccockerham8,4617,2023-08-24,4,
ssimoes2a,3775,2011-09-29,2,
rwilcott10,3993,2022-11-26,3,
tmusickaw,2265,2019-03-29,1,
marnaez24,1941,2024-03-30,2,
bdundin1f,2750,2020-11-23,1,
avasechkin2g,3761,2019-05-07,2,
bboobierv,3466,2012-07-17,3,
mwhitnell7,2083,2011-03-30,4,
aheyward1g,909,2010-02-14,3,
bdundin1f,2891,2019-09-02,4,
kstammler1m,2083,2013-01-25,4,
jmonini18,3577,2021-07-06,2,
aeul1o,821,2019-06-01,3,
cosbaldestony,3581,2010-01-13,4,
msmedmore2n,2484,2009-11-30,4,
tpaulino2,3206,2016-06-28,3,
cniesel0,2003,2010-05-30,2,
ksmedley1b,2926,2022-09-11,1,
cfrankcom2d,483,2023-04-19,2,
elivingstonep,4049,2018-08-12,4,
tlowden17,1277,2017-11-19,3,
tfley1q,418,2010-04-07,4,
olechmere1k,1910,2022-02-21,4,
daleksidzer,1442,2016-11-21,3,
vmuslimf,1270,2016-01-14,4,
gtoffolonio,4093,2022-05-08,2,
tdundon1,1512,2021-12-15,3,
ccrippin21,2218,2024-09-04,3,
rwilcott10,1278,2022-05-21,4,
thargess27,4559,2021-04-26,4,
lshattock1e,2000,2018-08-05,3,
bfiggins23,4296,2025-11-26,1,
rgasgarthu,1943,2008-02-16,4,
battwellz,2405,2016-09-16,3,
sponteq,3885,2011-07-15,3,
glongbottom16,26,2022-10-11,4,
egrestie2c,432,2012-11-23,2,
wdjordjevic1r,1656,2020-04-17,4,
mmeka,2673,2019-06-26,2,
pvicaryn,4656,2024-07-08,1,
prosenfelt14,4523,2018-01-07,2,
sbignell19,610,2019-08-08,2,
rgasgarthu,4269,2015-04-21,1,
jvasilenko2h,3870,2022-01-22,3,
bboobierv,1609,2024-10-24,4,
jhaslen2e,1928,2019-07-25,1,
mmeka,4360,2015-11-21,2,
pcolleford2r,1207,2010-05-16,2,
mgarioch1p,44,2013-08-15,3,
egrestie2c,1684,2010-04-21,3,
ppointon2l,649,2012-05-31,3,
bfiggins23,4325,2016-09-05,3,
ppointon2l,4533,2020-03-07,4,
tpaulino2,3488,2025-12-17,4,
llangloisi,568,2017-10-08,2,
cfrankcom2d,4329,2014-06-17,2,
hseabrocke2m,110,2023-05-06,3,
jhaslen2e,1792,2016-10-26,1,
rbottrellt,4295,2024-12-28,2,
wleatt2o,347,2025-08-18,1,
mromandl,4206,2023-09-18,2,
vsecretan1z,255,2008-06-23,3,
rwilcott10,3392,2022-12-26,3,
rgasgarthu,1909,2017-06-13,4,
marnaez24,1350,2010-06-09,3,
rgasgarthu,3081,2012-02-11,4,
csedgeworthk,4532,2010-12-03,2,
ccockerham8,4217,2015-11-10,3,
ccockerham8,2649,2016-07-22,3,
ccrippin21,3132,2025-10-26,1,
tpaulino2,1249,2011-03-11,1,
gtoffolonio,1352,2017-07-21,1,
mmeka,3174,2010-10-20,1,
apetchell15,2565,2025-05-17,2,
lconaboy11,4012,2015-05-28,4,
hpoundford2i,2356,2010-06-26,3,
csedgeworthk,2637,2013-09-11,4,
sbignell19,2222,2014-03-12,4,
sbignell19,1122,2025-04-23,2,
llangloisi,1173,2026-04-08,3,
glongbottom16,4168,2009-03-08,4,
gbezemer1h,3986,2023-02-24,1,
jcolyer5,2089,2020-08-28,3,
jmarkos29,3336,2016-11-22,4,
gtapine,4234,2024-03-18,4,
thargess27,1476,2016-04-13,2,
vsecretan1z,3543,2016-10-26,1,
gtapine,4168,2014-01-22,4,
pvicaryn,3710,2011-11-03,4,
ccrippin21,4470,2021-08-05,1,
astoate1c,86,2022-02-06,1,
tdundon1,734,2020-07-21,4,
marnaez24,777,2019-12-27,4,
egrestie2c,2784,2013-01-16,2,
ashenton26,3448,2010-06-17,1,
kstonestreet20,322,2016-11-02,3,
mdampier2q,59,2026-03-09,4,
cniesel0,4477,2015-11-18,2,
mgarioch1p,921,2014-12-30,1,
ppointon2l,1270,2020-08-05,2,
wdjordjevic1r,2591,2008-03-04,2,
jhaslen2e,4111,2010-10-28,2,
rtwitchings9,630,2022-02-01,4,
cosbaldestony,3950,2008-02-19,2,
pkyteley2j,1261,2020-04-03,2,
jhaslen2e,728,2018-04-24,1,
hpoundford2i,1619,2024-07-07,1,
dbruckshaw1l,3163,2012-09-24,4,
ccockerham8,2686,2014-05-22,3,
rrosten1x,2492,2024-05-05,3,
hseabrocke2m,2960,2012-09-05,1,
cdevaneyc,1303,2013-01-07,1,
mwhitnell7,4303,2014-08-20,1,
msmedmore2n,2345,2011-09-16,4,
gtoffolonio,1851,2024-04-23,3,
vmuslimf,1872,2008-04-13,1,
ebatchelor22,3214,2020-04-22,2,
cwaszkiewicz1u,1470,2009-08-23,1,
cyannoni1w,382,2022-11-24,2,
aheyward1g,3164,2017-02-08,4,
wdjordjevic1r,641,2014-11-20,3,
cdevaneyc,305,2009-02-15,1,
pvicaryn,2829,2019-07-30,2,
mromandl,950,2011-11-14,2,
knewling1s,2903,2022-08-10,2,
esouthwell2b,4608,2019-09-17,3,
cosbaldestony,647,2009-05-09,3,
fbernon1j,4570,2020-10-08,1,
egrestie2c,4288,2024-08-18,4,
tfley1q,4134,2017-05-20,1,
afradsonm,1364,2025-01-21,2,
vsecretan1z,3067,2022-01-01,3,
jmccarterx,4475,2008-08-31,4,
hseabrocke2m,3585,2023-11-07,1,
vsecretan1z,4664,2012-07-30,3,
dayllett1i,2793,2025-02-21,1,
ppointon2l,3194,2012-07-12,3,
aecclestone1d,3488,2009-02-09,1,
rgasgarthu,4030,2013-12-10,2,
mmeka,3042,2009-08-30,4,
dayllett1i,2802,2011-02-25,3,
bfiggins23,2841,2024-05-05,4,
dayllett1i,4302,2023-05-08,1,
thargess27,1215,2012-01-14,2,
pcolleford2r,4265,2009-03-04,4,
cwaszkiewicz1u,4698,2023-03-21,2,
gbezemer1h,574,2010-06-13,4,
ccockerham8,285,2008-11-14,2,
lbudibent3,1565,2024-06-29,2,
cfrankcom2d,1846,2012-03-07,4,
pcolleford2r,1737,2008-03-19,3,
jcolyer5,1297,2023-09-15,4,
mdampier2q,3128,2020-05-16,1,
gtoffolonio,1105,2019-10-17,4,
marnaez24,4041,2024-04-03,2,
kstonestreet20,4249,2009-10-11,2,
mromandl,3260,2025-11-12,4,
egrestie2c,4087,2025-04-03,1,
mdampier2q,1784,2011-11-01,1,
mvasseh,4479,2021-10-02,3,
cosbaldestony,2584,2023-12-12,4,
jmonini18,1994,2025-11-05,3,
apetchell15,4461,2020-10-04,1,
lmaxtedg,390,2021-05-21,3,
cfrankcom2d,2695,2015-05-05,2,
jhearsey25,380,2015-09-10,1,
mromandl,3935,2022-10-14,1,
marnaez24,4060,2024-01-17,4,
ppointon2l,3485,2026-02-27,3,
rfoulis13,1958,2011-04-08,1,
rbottrellt,3892,2014-06-30,3,
dsiene2k,1863,2020-06-25,4,
ssimoes2a,1735,2022-08-19,2,
jmccarterx,717,2018-04-08,2,
rgasgarthu,3925,2022-06-15,4,
hseabrocke2m,3327,2015-09-07,2,
marnaez24,3664,2012-01-31,2,
tsowrah1t,4356,2024-04-11,2,
tlowden17,4617,2011-04-30,3,
rfoulis13,3741,2025-02-18,1,
mmeka,2131,2021-02-28,2,
tfley1q,1721,2017-01-21,2,
wleatt2o,3882,2018-04-20,3,
bboobierv,3854,2009-12-13,3,
mwhitnell7,3105,2018-02-09,1,
cfrankcom2d,4774,2025-07-11,2,
afradsonm,4719,2008-04-02,1,
onewberryd,3325,2021-12-26,4,
csedgeworthk,1035,2025-08-18,2,
ccockerham8,3004,2019-07-07,1,
ccockerham8,2292,2016-05-07,1,
pvicaryn,2404,2016-06-21,2,
apetchell15,1635,2021-12-30,4,
xbenion2f,1871,2010-04-20,2,
kstammler1m,975,2019-09-06,4,
tmusickaw,2727,2025-04-24,1,
jmarkos29,4497,2024-01-31,2,
prosenfelt14,1631,2008-10-28,3,
oaloshkinj,1101,2024-11-01,2,
olechmere1k,161,2012-08-05,3,
lbudibent3,2319,2017-03-22,3,
tsowrah1t,3463,2020-07-17,3,
mdampier2q,4045,2010-09-22,4,
hseabrocke2m,3138,2020-05-17,2,
jmccarterx,3740,2019-03-09,2,
ccockerham8,3878,2024-01-12,1,
jmccarterx,3071,2011-09-02,1,
olechmere1k,1559,2020-04-06,4,
lconaboy11,3034,2025-07-19,1,
tmusickaw,3092,2015-05-24,3,
tsowrah1t,1117,2011-05-11,4,
jhaslen2e,4751,2012-03-08,4,
jcolyer5,3539,2011-11-04,2,
cdevaneyc,1678,2016-09-10,1,
jhaslen2e,3883,2009-09-13,1,
jmccarterx,3881,2014-06-03,3,
rfoulis13,4245,2016-06-08,4,
ssparshettb,2180,2014-09-10,4,
dbruckshaw1l,1015,2016-08-16,4,
jcolyer5,3116,2014-07-17,3,
tdundon1,2922,2020-04-01,2,
dsiene2k,1814,2008-04-08,4,
olechmere1k,4369,2008-12-13,3,
aheyward1g,2436,2021-06-12,2,
ksmedley1b,4326,2016-10-24,2,
gseadon28,2635,2018-06-01,2,
jhearsey25,2001,2024-05-21,1,
jmccarterx,2689,2015-06-16,2,
pvicaryn,2918,2010-05-23,3,
mmeka,1822,2019-07-28,1,
mromandl,2134,2021-01-23,1,
glongbottom16,2727,2011-03-31,3,
wleatt2o,2888,2015-10-15,3,
ccockerham8,3476,2008-04-25,2,
gtoffolonio,3800,2008-04-29,2,
lshattock1e,4283,2020-10-18,2,
aheyward1g,1405,2019-10-16,3,
ebatchelor22,3531,2025-01-04,3,
jcolyer5,1512,2013-10-23,1,
mwhitnell7,4097,2022-03-21,2,
jhaslen2e,1933,2009-09-22,3,
kstonestreet20,2124,2009-10-21,1,
jhaslen2e,1061,2012-08-03,1,
aeul1o,719,2021-11-17,4,
ashenton26,2081,2022-05-10,2,
lshattock1e,2633,2022-04-03,4,
ccrippin21,1691,2012-07-10,3,
egabbatiss2p,2455,2025-11-20,4,
daleksidzer,4155,2025-09-25,3,
tmusickaw,115,2017-09-21,4,
lmaxtedg,1853,2025-11-29,4,
wdjordjevic1r,2825,2009-07-15,2,
rbottrellt,848,2012-02-21,2,
ssparshettb,3584,2020-03-26,4,
jvasilenko2h,3572,2018-12-12,3,
alloydwilliamsa,827,2024-10-10,4,
elivingstonep,3880,2018-04-17,4,
ccrippin21,459,2012-07-25,4,
tmusickaw,2053,2021-01-27,4,
kstammler1m,1052,2009-11-18,4,
rbottrellt,2702,2024-05-06,2,
rtwitchings9,4517,2022-05-17,2,
vmuslimf,4624,2011-05-25,1,
alloydwilliamsa,459,2009-01-24,2,
hpoundford2i,2072,2017-01-15,2,
gbezemer1h,321,2011-03-29,2,
cschild1y,954,2012-04-10,2,
mwhitnell7,2194,2024-12-22,3,
aecclestone1d,2096,2011-09-22,4,
sbignell19,2066,2014-08-24,4,
jdellcasa1n,2636,2008-11-28,1,
mromandl,1448,2010-01-03,3,
jhaslen2e,3232,2017-11-19,4,
avasechkin2g,4158,2024-08-15,3,
rgasgarthu,2040,2021-09-06,2,
rbottrellt,3898,2018-06-22,3,
tsowrah1t,2917,2018-07-18,2,
rwilcott10,2060,2009-01-09,4,
apetchell15,664,2011-10-03,3,
esouthwell2b,1025,2024-12-08,4,
bboobierv,1966,2011-03-05,1,
ssimoes2a,1749,2017-08-13,2,
mcharlot12,2866,2010-05-01,1,
tlowden17,3044,2008-07-10,1,
rfoulis13,3458,2014-01-14,2,
dsiene2k,3926,2015-07-20,1,
avasechkin2g,3655,2014-07-19,2,
alloydwilliamsa,1812,2021-04-19,2,
gtapine,3528,2008-04-08,3,
rbottrellt,339,2023-03-30,1,
cniesel0,751,2022-09-04,1,
csedgeworthk,394,2019-06-14,2,
jmonini18,2342,2019-02-20,2,
prosenfelt14,2327,2010-03-25,3,
ksmedley1b,1782,2018-03-17,1,
knewling1s,1662,2009-12-28,3,
marnaez24,4362,2019-04-21,4,
llangloisi,225,2018-12-23,1,
battwellz,3249,2016-05-22,3,
bboobierv,3476,2021-09-03,2,
llangloisi,1542,2012-11-20,3,
battwellz,317,2017-04-23,1,
dsiene2k,1068,2016-11-19,2,
fscreech6,1083,2009-06-16,2,
kstammler1m,789,2010-05-11,2,
mmeka,3888,2024-11-04,4,
tpaulino2,3900,2015-07-03,4,
afradsonm,1804,2011-03-23,2,
tsowrah1t,4153,2022-06-15,4,
jhearsey25,662,2025-02-04,4,
alloydwilliamsa,3344,2011-02-06,2,
xbenion2f,4624,2009-04-06,2,
wleatt2o,2234,2014-07-05,4,
ashenton26,3548,2024-06-24,1,
oaloshkinj,1325,2008-04-15,1,
battwellz,2123,2024-08-10,2,
jhaslen2e,2918,2017-05-10,2,
kstonestreet20,538,2022-12-08,1,
wdjordjevic1r,4318,2011-11-23,2,
cosbaldestony,352,2015-04-10,4,
marnaez24,3783,2021-04-25,4,
wdjordjevic1r,1105,2024-11-10,4,
msmedmore2n,2734,2011-05-21,2,
egabbatiss2p,4134,2015-11-04,2,
lbudibent3,1874,2022-07-19,4,
ebatchelor22,706,2010-06-11,1,
rbottrellt,3377,2018-08-04,4,
rrosten1x,4179,2013-02-15,2,
fbernon1j,3770,2014-03-05,3,
tfley1q,3663,2013-10-17,1,
dayllett1i,476,2008-06-01,3,
xbenion2f,2522,2019-05-22,1,
apetchell15,3712,2026-03-04,4,
cwaszkiewicz1u,2202,2025-07-05,4,
egabbatiss2p,1032,2021-05-10,3,
lconaboy11,216,2011-01-15,2,
egrestie2c,1248,2025-02-22,1,
dsiene2k,1872,2022-01-25,2,
msmedmore2n,503,2024-07-19,4,
mwhitnell7,1984,2021-08-25,2,
sponteq,921,2012-04-27,1,
tsowrah1t,257,2019-05-13,3,
olechmere1k,406,2013-06-27,4,
pcolleford2r,2725,2009-10-16,1,
pvicaryn,394,2012-11-28,1,
afradsonm,3504,2018-07-17,4,
tdundon1,2932,2011-07-31,2,
tpaulino2,4648,2023-03-20,1,
swilemans,3159,2014-06-05,3,
kstammler1m,3432,2008-01-01,1,
daleksidzer,4292,2022-01-01,1,
astoate1c,1267,2015-12-25,4,
csedgeworthk,3075,2022-01-10,3,
pkyteley2j,1791,2012-02-08,1,
lbudibent3,856,2011-10-09,2,
knewling1s,4504,2010-12-18,3,
rwilcott10,1016,2022-05-04,3,
cosbaldestony,994,2023-02-21,1,
sbignell19,198,2020-11-15,1,
apetchell15,289,2025-01-12,1,
rgasgarthu,770,2023-03-15,1,
tsowrah1t,4261,2008-06-03,3,
cosbaldestony,253,2011-02-09,4,
hseabrocke2m,4441,2011-09-20,1,
cosbaldestony,3557,2008-10-25,1,
xbenion2f,1731,2011-12-15,1,
jhearsey25,4205,2009-06-08,4,
jmarkos29,3289,2009-01-08,4,
jmonini18,2276,2020-04-13,4,
tpaulino2,1654,2025-10-20,3,
alloydwilliamsa,1232,2021-04-23,1,
ksmedley1b,1650,2017-05-23,1,
wleatt2o,4101,2019-09-15,1,
cosbaldestony,2371,2024-04-24,2,
avasechkin2g,967,2019-01-16,3,
dayllett1i,2923,2018-12-12,2,
marnaez24,1021,2025-01-12,1,
dpiatto4,561,2022-11-26,3,
ppointon2l,683,2015-07-10,2,
rtwitchings9,4084,2019-11-27,3,
mwhitnell7,1659,2011-01-10,4,
battwellz,4548,2011-01-10,3,
hpoundford2i,3573,2015-01-13,3,
ppointon2l,1807,2019-11-28,4,
jmccarterx,3682,2021-08-14,4,
ashenton26,2810,2010-05-27,2,
knewling1s,3520,2022-07-28,2,
msmedmore2n,4024,2012-03-15,2,
dbruckshaw1l,308,2012-03-10,2,
lmaxtedg,1546,2014-10-04,4,
vmuslimf,2887,2022-12-05,4,
prosenfelt14,3151,2025-02-18,2,
garonovich1v,718,2026-04-02,3,
apetchell15,1434,2025-01-22,1,
cyannoni1w,2056,2009-05-09,1,
alloydwilliamsa,4159,2021-07-15,2,
rtwitchings9,1031,2021-05-19,3,
lmaxtedg,2195,2023-09-20,1,
ksmedley1b,4298,2019-10-23,2,
rtwitchings9,17,2012-12-19,1,
gbezemer1h,1872,2013-02-15,3,
marnaez24,3745,2018-09-30,2,
gseadon28,3427,2010-09-07,2,
esouthwell2b,1372,2008-04-17,2,
msmedmore2n,4717,2011-06-24,3,
llangloisi,4693,2021-06-27,4,
ppointon2l,1410,2024-04-22,2,
olechmere1k,4064,2015-09-03,3,
elivingstonep,540,2018-08-15,3,
dpiatto4,1050,2023-12-29,1,
kstammler1m,294,2017-05-28,3,
gbezemer1h,3888,2025-06-22,3,
cniesel0,763,2020-12-09,2,
jhaslen2e,3555,2016-09-04,4,
ebatchelor22,2941,2012-03-19,2,
cyannoni1w,224,2021-09-05,2,
jhearsey25,4022,2011-07-31,4,
ebatchelor22,1028,2008-09-07,3,
rtwitchings9,964,2012-07-16,3,
afradsonm,1129,2019-03-18,2,
aheyward1g,644,2020-05-10,1,
gtoffolonio,4330,2008-08-11,4,
avasechkin2g,490,2022-05-25,3,
lbudibent3,3785,2020-10-15,2,
ksmedley1b,3265,2025-03-04,1,
gseadon28,87,2016-10-08,4,
fscreech6,4746,2008-04-28,4,
jcolyer5,620,2017-03-08,1,
dayllett1i,4205,2012-03-10,2,
ksmedley1b,4110,2019-03-11,1,
wdjordjevic1r,2112,2018-12-29,4,
rtwitchings9,673,2025-02-01,2,
ssimoes2a,2971,2010-07-25,2,
wdjordjevic1r,2734,2011-09-26,2,
tpaulino2,2883,2025-05-04,2,
cyannoni1w,2564,2010-04-10,3,
lmaxtedg,4039,2024-02-02,3,
ppointon2l,8,2022-10-05,2,
fbernon1j,1632,2018-05-03,1,
battwellz,757,2011-12-01,1,
ksmedley1b,331,2017-07-04,1,
mgarioch1p,3118,2024-02-25,4,
dpiatto4,905,2019-11-09,3,
gbezemer1h,4570,2014-09-12,3,
msmedmore2n,617,2013-08-07,2,
cyannoni1w,648,2011-01-16,3,
rrosten1x,2151,2016-09-12,2,
pvicaryn,566,2023-11-30,4,
jdellcasa1n,4256,2019-08-08,4,
esouthwell2b,1429,2010-04-05,4,
mgarioch1p,357,2008-05-01,1,
ssimoes2a,4592,2012-10-04,3,
dayllett1i,881,2026-04-26,1,
apetchell15,282,2015-10-26,2,
tdundon1,2248,2019-12-31,4,
bfiggins23,4662,2022-12-02,4,
kstammler1m,232,2019-08-13,4,
thargess27,4326,2017-11-20,1,
jhaslen2e,3684,2010-07-20,1,
wdjordjevic1r,921,2019-02-12,4,
gseadon28,4179,2012-07-24,3,
mdampier2q,4377,2021-06-30,1,
glongbottom16,2253,2016-05-23,3,
apetchell15,1332,2024-05-25,1,
vsecretan1z,3859,2016-10-12,2,
egrestie2c,1975,2014-11-04,2,
jdellcasa1n,1653,2018-10-24,2,
fbernon1j,1641,2008-03-12,4,
jmccarterx,3703,2010-10-21,3,
cfrankcom2d,3947,2020-06-12,3,
hseabrocke2m,3849,2025-02-04,3,
pvicaryn,1122,2008-03-12,2,
cyannoni1w,3102,2009-01-23,2,
rbottrellt,817,2014-09-03,4,
hseabrocke2m,251,2024-05-01,4,
tdundon1,4042,2024-11-11,1,
olechmere1k,114,2025-02-25,2,
pvicaryn,2929,2015-10-02,2,
mwhitnell7,2486,2014-04-23,1,
ssimoes2a,889,2021-04-08,1,
jvasilenko2h,2707,2015-05-27,1,
wleatt2o,3587,2013-06-19,2,
ssimoes2a,3219,2011-08-05,3,
apetchell15,3519,2023-03-29,1,
battwellz,3291,2013-02-21,1,
hseabrocke2m,2023,2009-10-15,1,
vmuslimf,2083,2022-03-07,1,
ashenton26,4480,2017-05-31,4,
aeul1o,3134,2019-01-21,2,
apetchell15,615,2008-08-04,3,
jmarkos29,3031,2023-03-07,4,
tsowrah1t,4308,2008-03-12,1,
ccrippin21,1603,2021-09-06,3,
ahorbath1a,3752,2010-12-16,3,
bfiggins23,2681,2024-02-23,1,
jmarkos29,1180,2010-03-28,3,
cfrankcom2d,209,2009-02-08,2,
swilemans,1746,2021-07-08,1,
cyannoni1w,2833,2026-03-23,1,
csedgeworthk,3452,2014-12-29,3,
mgarioch1p,717,2016-12-23,2,
ssparshettb,160,2014-11-15,1,
tdundon1,3150,2010-11-14,3,
lconaboy11,4689,2014-07-10,2,
pcolleford2r,4413,2015-12-24,2,
tmusickaw,539,2014-03-20,3,
mgarioch1p,3112,2026-02-19,4,
cwaszkiewicz1u,2727,2017-08-27,1,
prosenfelt14,3334,2015-01-18,1,
bdundin1f,1061,2010-11-24,2,
lshattock1e,2047,2019-05-30,1,
rrosten1x,2032,2009-07-02,1,
gtapine,1603,2024-09-29,2,
cschild1y,4470,2025-11-01,3,
rwilcott10,310,2016-03-01,3,
jhaslen2e,2257,2013-07-22,1,
oaloshkinj,1967,2009-10-05,2,
vmuslimf,757,2020-03-10,3,
bfiggins23,1104,2008-10-20,3,
jdellcasa1n,373,2026-04-29,1,
tlowden17,1452,2026-02-16,3,
jvasilenko2h,108,2015-09-14,2,
aecclestone1d,3974,2020-08-08,3,
aheyward1g,2245,2023-05-03,1,
mgarioch1p,3428,2008-11-19,1,
hpoundford2i,1385,2021-03-04,2,
vsecretan1z,816,2020-11-27,2,
glongbottom16,4146,2009-10-04,4,
battwellz,3320,2011-10-05,4,
garonovich1v,809,2010-04-17,1,
rgasgarthu,1964,2008-05-12,1,
tdundon1,1259,2008-05-27,1,
tdundon1,1922,2026-03-20,1,
bdundin1f,3957,2016-10-09,4,
jvasilenko2h,4382,2011-11-12,2,
msmedmore2n,3030,2010-08-24,2,
tdundon1,2886,2014-11-08,2,
tsowrah1t,1667,2019-06-15,1,
cniesel0,1219,2009-10-26,2,
battwellz,3597,2026-02-25,1,
mwhitnell7,1299,2016-01-07,2,
gbezemer1h,3935,2009-08-29,2,
sbignell19,1465,2013-10-22,3,
pkyteley2j,138,2024-06-28,3,
jvasilenko2h,1820,2015-09-15,1,
ssparshettb,394,2026-03-01,4,
aecclestone1d,96,2018-10-12,1,
ahorbath1a,1342,2008-03-31,4,
vsecretan1z,2340,2016-10-26,3,
onewberryd,3216,2018-09-26,2,
cosbaldestony,2178,2013-10-26,4,
gseadon28,524,2018-08-02,4,
ccockerham8,1774,2008-10-30,1,
rwilcott10,1109,2014-11-04,1,
egrestie2c,4040,2010-10-09,4,
gbezemer1h,1490,2020-07-28,1,
lconaboy11,3935,2012-02-02,2,
pcolleford2r,3597,2017-04-16,4,
jhaslen2e,4457,2009-10-17,3,
jdellcasa1n,3954,2011-12-01,4,
egabbatiss2p,2665,2018-11-12,3,
gseadon28,3759,2014-04-10,4,
tpaulino2,679,2009-02-27,1,
bdundin1f,4496,2018-11-10,2,
ssimoes2a,2148,2020-10-07,1,
gbezemer1h,1734,2009-08-25,4,
prosenfelt14,565,2009-04-23,3,
lconaboy11,1438,2012-01-03,3,
tpaulino2,3769,2014-01-22,2,
cfrankcom2d,3749,2014-12-17,3,
wdjordjevic1r,4133,2009-10-06,2,
vsecretan1z,4343,2013-02-03,4,
pcolleford2r,3068,2021-05-11,3,
kstonestreet20,3379,2024-10-02,4,
msmedmore2n,778,2015-09-26,1,
ppointon2l,1201,2012-08-03,2,
lshattock1e,3670,2013-07-16,1,
ppointon2l,3912,2016-07-25,1,
pcolleford2r,4802,2015-07-26,2,
vsecretan1z,2193,2011-09-02,4,
bfiggins23,3911,2025-06-26,3,
elivingstonep,4152,2025-11-18,4,
kstammler1m,1918,2025-03-21,3,
mdampier2q,1933,2016-04-04,1,
tpaulino2,4707,2008-04-24,2,
gtoffolonio,1979,2020-01-13,3,
vsecretan1z,1716,2014-04-12,3,
jvasilenko2h,3361,2021-12-29,3,
cfrankcom2d,993,2010-08-15,4,
aecclestone1d,1476,2012-06-09,3,
csedgeworthk,4373,2017-04-11,4,
cniesel0,2847,2018-05-04,2,
battwellz,1645,2016-02-07,2,
jcolyer5,3583,2013-01-16,1,
tpaulino2,262,2017-05-07,2,
dayllett1i,4022,2013-01-04,2,
vsecretan1z,1461,2013-04-26,1,
llangloisi,2481,2013-11-11,3,
onewberryd,3278,2011-10-29,4,
alloydwilliamsa,776,2022-02-23,1,
thargess27,2121,2010-01-13,1,
bdundin1f,215,2025-03-18,3,
bboobierv,698,2015-11-11,4,
ssparshettb,3828,2022-04-17,4,
mwhitnell7,1798,2011-06-18,4,
swilemans,2151,2017-08-11,3,
alloydwilliamsa,1650,2016-05-09,4,
tdundon1,2316,2025-01-07,1,
cosbaldestony,586,2010-07-03,4,
afradsonm,2121,2013-05-13,3,
esouthwell2b,505,2009-08-21,4,
aheyward1g,2230,2008-08-30,4,
tfley1q,2397,2019-08-21,2,
ssimoes2a,595,2018-01-06,1,
sbignell19,3656,2014-04-10,1,
esouthwell2b,3045,2012-12-31,1,
sbignell19,3323,2016-11-29,3,
jmonini18,3799,2024-02-21,3,
dpiatto4,459,2008-08-07,2,
rrosten1x,4278,2014-03-15,2,
avasechkin2g,4409,2008-02-26,4,
tmusickaw,2008,2013-09-21,2,
ashenton26,2361,2019-08-11,4,
aheyward1g,3989,2022-06-01,3,
xbenion2f,3723,2026-04-16,1,
lconaboy11,1817,2011-09-18,3,
cfrankcom2d,879,2014-04-17,4,
rtwitchings9,1431,2017-04-17,2,
lshattock1e,402,2022-10-12,2,
pcolleford2r,1153,2016-02-24,1,
gseadon28,1068,2024-07-20,1,
avasechkin2g,2226,2021-08-08,2,
jvasilenko2h,1373,2010-09-05,1,
knewling1s,555,2008-11-13,4,
astoate1c,2328,2011-07-22,4,
rbottrellt,3463,2016-07-15,3,
jvasilenko2h,224,2014-05-16,2,
kstammler1m,299,2019-08-15,2,
wdjordjevic1r,2766,2022-04-26,3,
rrosten1x,74,2014-12-06,4,
fscreech6,3865,2024-10-31,1,
mvasseh,1001,2018-07-30,3,
pvicaryn,3106,2014-09-05,2,
gseadon28,2116,2017-11-06,1,
tdundon1,230,2024-02-10,3,
rgasgarthu,4460,2023-04-18,1,
egrestie2c,3517,2025-07-25,2,
oaloshkinj,918,2016-06-08,1,
tmusickaw,446,2009-11-05,1,
wdjordjevic1r,3250,2024-12-25,2,
mgarioch1p,2680,2010-02-16,4,
lconaboy11,1860,2008-01-31,3,
jcolyer5,4597,2023-10-22,4,
cfrankcom2d,3028,2010-02-23,1,
lshattock1e,979,2022-12-27,3,
glongbottom16,1832,2020-02-23,1,
ssparshettb,1925,2010-12-23,1,
jhaslen2e,3366,2021-04-19,3,
tpaulino2,2845,2013-02-15,2,
jhaslen2e,2677,2012-06-13,4,
mdampier2q,3298,2013-12-22,4,
lmaxtedg,2726,2019-02-19,4,
aeul1o,1718,2025-10-17,1,
fscreech6,4305,2012-11-05,1,
tsowrah1t,1663,2017-12-03,4,
ssparshettb,4186,2025-12-11,4,
astoate1c,3991,2018-06-14,1,
ebatchelor22,2473,2018-08-06,3,
tpaulino2,2056,2009-02-17,3,
mromandl,2800,2020-09-01,1,
ccrippin21,3297,2016-09-07,2,
gtoffolonio,1573,2019-05-27,4,
elivingstonep,1513,2019-12-07,3,
aeul1o,3841,2019-08-03,1,
cdevaneyc,2062,2012-02-15,1,
kstammler1m,3911,2016-07-27,1,
egabbatiss2p,1367,2011-09-11,4,
ccockerham8,2676,2011-02-16,1,
gtapine,2762,2011-04-02,1,
jmonini18,3824,2016-08-19,4,
daleksidzer,1609,2009-10-28,2,
bfiggins23,4258,2009-03-28,2,
aeul1o,849,2018-01-12,2,
ksmedley1b,4244,2013-11-06,2,
bfiggins23,1901,2021-05-01,3,
jmonini18,4494,2022-06-16,2,
fscreech6,1372,2014-10-24,1,
oaloshkinj,3816,2019-06-13,4,
rwilcott10,616,2023-02-22,2,
ssparshettb,4634,2016-07-15,3,
mmeka,1050,2018-10-10,1,
avasechkin2g,2396,2021-10-29,4,
alloydwilliamsa,2443,2018-03-03,2,
knewling1s,1403,2022-01-14,1,
egabbatiss2p,2726,2021-09-08,1,
sponteq,2666,2018-11-14,3,
thargess27,1732,2014-06-09,4,
cniesel0,3663,2024-08-02,2,
gtoffolonio,1883,2018-06-22,2,
hpoundford2i,3309,2020-01-20,3,
marnaez24,3413,2021-06-29,3,
lshattock1e,2399,2011-03-25,2,
jmarkos29,4285,2008-01-18,3,
mdampier2q,3882,2008-03-13,3,
gbezemer1h,3456,2019-11-12,1,
mvasseh,740,2025-05-25,1,
ksmedley1b,3563,2009-06-30,3,
jhaslen2e,4591,2021-05-13,3,
jmonini18,1640,2021-02-02,1,
lconaboy11,4716,2020-08-28,2,
lbudibent3,912,2010-08-27,3,
mvasseh,1342,2020-02-28,4,
thargess27,4646,2022-03-17,4,
jhaslen2e,877,2008-02-19,4,
cosbaldestony,4170,2023-10-21,1,
fscreech6,552,2022-04-12,3,
jhaslen2e,166,2025-10-21,3,
lconaboy11,4485,2014-05-12,2,
tlowden17,2041,2015-10-09,4,
olechmere1k,598,2026-02-25,1,
ccockerham8,4133,2023-01-26,3,
kstonestreet20,2400,2009-01-23,1,
mwhitnell7,1125,2009-04-12,3,
astoate1c,2056,2025-08-13,2,
battwellz,4108,2024-07-16,3,
elivingstonep,1499,2015-10-10,1,
prosenfelt14,4576,2011-01-22,2,
olechmere1k,249,2017-07-28,3,
tsowrah1t,2293,2014-10-16,1,
battwellz,76,2021-06-15,1,
ccrippin21,3049,2010-01-24,1,
rrosten1x,3381,2020-01-09,1,
aheyward1g,2767,2008-06-17,1,
rfoulis13,1071,2012-09-08,2,
avasechkin2g,3144,2023-06-20,1,
dayllett1i,1767,2014-12-13,2,
mgarioch1p,1319,2025-06-20,1,
knewling1s,3587,2009-02-27,4,
tfley1q,593,2023-11-11,1,
mdampier2q,3646,2022-04-15,1,
lshattock1e,2045,2014-09-07,2,
fbernon1j,3421,2014-06-17,2,
xbenion2f,474,2022-06-19,3,
jcolyer5,1028,2009-09-15,4,
astoate1c,3724,2021-09-18,2,
apetchell15,2449,2011-07-08,1,
csedgeworthk,644,2019-09-05,1,
prosenfelt14,3908,2008-10-12,3,
bboobierv,3077,2023-12-03,1,
csedgeworthk,3227,2008-03-10,1,
ksmedley1b,4674,2015-01-29,3,
gseadon28,164,2023-10-01,1,
elivingstonep,19,2019-04-21,3,
jcolyer5,3941,2016-06-06,3,
kstonestreet20,697,2022-12-25,2,
wdjordjevic1r,2819,2018-10-18,4,
llangloisi,1646,2025-12-29,3,
llangloisi,4491,2025-05-13,3,
ssparshettb,1916,2020-07-29,4,
avasechkin2g,707,2016-01-27,4,
tsowrah1t,1004,2016-10-12,4,
cniesel0,3109,2012-10-23,4,
dayllett1i,4502,2009-02-19,1,
mromandl,994,2023-09-04,1,
dpiatto4,4555,2016-11-11,2,
rfoulis13,2501,2026-02-12,2,
thargess27,2148,2022-09-20,3,
xbenion2f,3322,2022-04-29,1,
ssparshettb,4187,2010-04-11,4,
mvasseh,1422,2025-06-19,2,
jmonini18,2096,2009-11-28,1,
mgarioch1p,3615,2008-05-11,1,
wleatt2o,1699,2019-05-16,4,
jhearsey25,3152,2015-01-27,1,
onewberryd,687,2018-11-08,1,
pvicaryn,2800,2016-06-04,1,
onewberryd,3287,2009-06-25,1,
msmedmore2n,2951,2024-04-27,2,
ccrippin21,2479,2015-09-28,2,
aheyward1g,3521,2020-07-06,2,
alloydwilliamsa,2808,2008-01-28,3,
cwaszkiewicz1u,2918,2023-05-19,2,
tlowden17,1889,2012-09-28,1,
ebatchelor22,1164,2022-09-27,4,
cyannoni1w,1663,2021-05-24,4,
lshattock1e,2214,2019-07-14,2,
mvasseh,3217,2010-10-26,4,
bfiggins23,1577,2021-06-03,4,
tmusickaw,48,2017-05-02,3,
gtapine,1849,2010-03-04,4,
msmedmore2n,4639,2014-07-12,4,
jcolyer5,176,2015-01-21,3,
jdellcasa1n,4400,2008-09-28,3,
tmusickaw,434,2025-11-14,3,
mvasseh,1540,2016-01-21,4,
ebatchelor22,2503,2016-08-09,3,
bfiggins23,1462,2018-04-21,1,
fscreech6,4055,2013-11-20,4,
csedgeworthk,260,2015-08-24,1,
aecclestone1d,1942,2023-07-13,2,
jmccarterx,2252,2021-11-13,2,
onewberryd,696,2021-05-27,2,
olechmere1k,2658,2016-09-14,3,
lshattock1e,640,2011-05-30,4,
kstonestreet20,2295,2021-07-23,2,
elivingstonep,3214,2012-09-05,1,
tfley1q,615,2013-09-18,3,
mromandl,2436,2024-06-25,3,
afradsonm,1347,2015-04-07,3,
aecclestone1d,1579,2013-11-09,3,
jhaslen2e,706,2025-11-05,3,
hseabrocke2m,700,2013-06-10,1,
dsiene2k,1412,2018-09-26,1,
onewberryd,1459,2011-06-23,1,
avasechkin2g,3644,2012-04-13,4,
cfrankcom2d,2877,2021-11-30,1,
apetchell15,3482,2023-06-04,3,
ccockerham8,4219,2013-01-07,1,
onewberryd,3995,2011-03-14,2,
dayllett1i,3620,2020-03-11,4,
vmuslimf,4572,2008-04-10,2,
tmusickaw,1418,2016-11-17,1,
oaloshkinj,4328,2026-02-05,3,
gseadon28,4175,2024-12-04,2,
jmonini18,1080,2024-12-21,1,
marnaez24,985,2014-03-29,4,
mromandl,3420,2010-01-17,2,
pkyteley2j,2545,2017-08-18,3,
jhearsey25,3558,2010-01-13,4,
thargess27,545,2012-02-12,3,
xbenion2f,3911,2016-06-25,3,
ccrippin21,1274,2014-11-05,2,
lconaboy11,450,2021-10-22,1,
wleatt2o,3049,2009-03-09,3,
thargess27,3141,2022-04-19,2,
rbottrellt,2675,2012-04-30,4,
dsiene2k,3504,2013-09-23,3,
gtapine,4573,2010-09-23,4,
ashenton26,1501,2020-02-11,3,
lbudibent3,1892,2011-07-10,4,
xbenion2f,1702,2014-07-14,4,
dayllett1i,1082,2014-01-23,2,
fscreech6,1696,2008-05-13,2,
knewling1s,1902,2013-09-10,1,
rtwitchings9,4278,2024-07-10,3,
cyannoni1w,2487,2024-09-22,4,
garonovich1v,1729,2015-04-11,2,
cwaszkiewicz1u,30,2020-02-07,4,
gbezemer1h,2791,2010-04-01,1,
cwaszkiewicz1u,3624,2017-04-11,2,
olechmere1k,752,2019-06-28,2,
lshattock1e,529,2023-02-22,4,
llangloisi,2491,2008-07-10,1,
lconaboy11,2759,2024-04-05,3,
lmaxtedg,2223,2010-05-25,4,
ccrippin21,3600,2009-04-12,4,
mmeka,2886,2018-09-30,1,
tsowrah1t,2315,2015-09-04,1,
egrestie2c,1271,2022-08-11,3,
jhearsey25,477,2016-08-05,3,
egrestie2c,3903,2010-05-28,1,
sponteq,4628,2010-07-22,2,
apetchell15,2527,2016-08-09,3,
pcolleford2r,945,2016-09-16,1,
mvasseh,3904,2017-01-14,1,
pkyteley2j,1640,2017-12-07,2,
cschild1y,4636,2012-11-04,2,
cdevaneyc,2831,2010-07-24,2,
lconaboy11,4760,2020-04-19,3,
tsowrah1t,2191,2019-06-08,4,
mromandl,3519,2018-05-09,3,
sponteq,2179,2022-07-13,2,
dpiatto4,1217,2014-03-14,4,
aheyward1g,2906,2018-06-25,2,
wleatt2o,4739,2016-12-07,4,
jhaslen2e,2272,2010-10-10,3,
cwaszkiewicz1u,738,2024-02-26,3,
gtoffolonio,2038,2010-04-06,3,
pvicaryn,4541,2019-02-26,2,
tsowrah1t,3964,2021-11-23,4,
fscreech6,2167,2016-03-09,3,
bboobierv,4073,2015-07-31,1,
jmonini18,4054,2008-03-02,3,
ccockerham8,2473,2021-10-19,1,
dbruckshaw1l,2907,2024-02-24,4,
msmedmore2n,3869,2017-08-16,4,
cdevaneyc,3196,2015-06-16,1,
oaloshkinj,1393,2008-03-07,3,
pvicaryn,4152,2022-06-11,3,
rfoulis13,3267,2026-02-23,4,
jmarkos29,2311,2023-08-30,3,
mromandl,2947,2015-01-31,1,
marnaez24,1367,2023-01-24,3,
dayllett1i,1453,2023-05-27,4,
mgarioch1p,495,2023-10-09,1,
jmccarterx,4490,2024-02-17,3,
gtoffolonio,2422,2010-12-16,3,
kstonestreet20,3663,2025-04-08,3,
bdundin1f,651,2008-02-26,3,
knewling1s,1775,2012-03-03,3,
cdevaneyc,858,2025-02-27,2,
bdundin1f,2641,2018-08-28,1,
afradsonm,508,2012-06-18,4,
onewberryd,1889,2016-10-14,2,
elivingstonep,4792,2022-01-26,1,
gseadon28,1702,2020-06-19,2,
vmuslimf,2184,2014-08-28,1,
pvicaryn,1384,2013-03-29,2,
rtwitchings9,3993,2025-01-10,2,
rrosten1x,4218,2025-09-06,3,
apetchell15,510,2020-03-13,4,
mwhitnell7,400,2013-07-25,4,
gtapine,4216,2016-01-14,1,
jmonini18,2751,2011-09-11,2,
rbottrellt,4183,2014-10-27,4,
lmaxtedg,4140,2014-10-19,3,
dpiatto4,2067,2021-08-15,4,
jvasilenko2h,2137,2023-08-25,3,
oaloshkinj,637,2017-01-19,3,
cdevaneyc,1773,2020-09-11,2,
tdundon1,2371,2018-08-11,2,
dsiene2k,3730,2019-07-04,4,
egabbatiss2p,2230,2017-07-07,4,
cdevaneyc,943,2018-10-16,1,
tpaulino2,2729,2016-12-09,3,
gbezemer1h,195,2018-08-31,3,
marnaez24,819,2018-06-06,2,
tfley1q,2500,2020-05-28,1,
ashenton26,3645,2013-10-18,1,
tfley1q,4258,2014-10-21,4,
dbruckshaw1l,2296,2024-09-23,2,
ssparshettb,2294,2018-12-25,3,
jvasilenko2h,1079,2023-02-10,4,
lmaxtedg,722,2022-10-28,2,
cosbaldestony,389,2021-05-19,3,
lmaxtedg,576,2019-09-11,4,
pvicaryn,2189,2011-08-26,3,
knewling1s,4473,2019-12-19,1,
gtoffolonio,1979,2025-10-21,4,
llangloisi,3908,2023-01-16,3,
mvasseh,1103,2008-10-13,1,
rtwitchings9,2257,2026-01-13,3,
mwhitnell7,2093,2012-11-16,1,
ccockerham8,3709,2008-09-05,1,
bfiggins23,4410,2017-09-28,4,
alloydwilliamsa,2801,2011-08-31,4,
jhaslen2e,1289,2013-03-13,2,
elivingstonep,3616,2014-03-11,2,
aecclestone1d,2985,2022-07-12,4,
vsecretan1z,583,2012-02-02,4,
rrosten1x,4071,2010-08-22,2,
alloydwilliamsa,3915,2025-02-23,1,
tdundon1,4072,2024-02-02,3,
kstonestreet20,373,2012-07-30,4,
avasechkin2g,3057,2017-10-08,3,
aecclestone1d,1168,2024-03-29,2,
aeul1o,1726,2014-04-23,3,
marnaez24,2442,2008-03-29,1,
fscreech6,639,2018-03-22,2,
pkyteley2j,856,2009-01-07,2,
jmonini18,1890,2009-03-19,4,
mcharlot12,1122,2020-12-04,1,
hpoundford2i,89,2017-10-31,1,
ccockerham8,2412,2022-03-02,4,
bdundin1f,4364,2018-05-28,1,
gtoffolonio,1247,2014-12-23,4,
cdevaneyc,4485,2012-04-07,2,
cwaszkiewicz1u,1439,2020-01-09,1,
jhaslen2e,684,2018-04-20,3,
gbezemer1h,2543,2017-10-19,1,
bfiggins23,2774,2008-12-09,2,
rwilcott10,4767,2010-11-11,4,
esouthwell2b,1045,2020-09-30,2,
jmccarterx,3850,2011-03-27,1,
gtapine,83,2021-04-21,4,
gseadon28,3240,2016-11-24,3,
oaloshkinj,4671,2008-10-08,4,
mgarioch1p,3698,2009-05-15,3,
ahorbath1a,2602,2009-01-01,3,
rgasgarthu,4511,2022-12-27,2,
rrosten1x,2409,2010-10-08,3,
lmaxtedg,1698,2024-04-05,3,
alloydwilliamsa,1118,2011-04-28,2,
ebatchelor22,3288,2024-02-01,2,
mgarioch1p,4434,2018-12-24,3,
ksmedley1b,597,2009-10-08,3,
kstonestreet20,3498,2011-07-08,1,
mcharlot12,3968,2024-05-27,1,
ssimoes2a,2433,2008-05-24,1,
gbezemer1h,2275,2022-04-09,3,
avasechkin2g,2903,2008-05-29,4,
tdundon1,3424,2015-02-06,2,
mdampier2q,2304,2009-10-14,4,
kstammler1m,869,2015-08-21,3,
kstammler1m,3641,2021-08-20,4,
egrestie2c,2459,2014-11-02,4,
bboobierv,3509,2018-04-29,4,
marnaez24,901,2017-01-28,2,
cniesel0,1805,2023-03-31,1,
swilemans,398,2024-02-15,4,
gtoffolonio,2983,2020-01-23,3,
tmusickaw,780,2021-11-02,2,
ahorbath1a,2656,2023-09-30,3,
tdundon1,2153,2022-07-27,3,
wleatt2o,3765,2018-06-25,1,
egabbatiss2p,1248,2018-08-11,1,
pkyteley2j,2743,2023-03-13,4,
hpoundford2i,3087,2021-12-05,3,
battwellz,2991,2010-01-29,2,
prosenfelt14,4269,2014-11-08,1,
cyannoni1w,1586,2022-05-30,3,
elivingstonep,514,2016-02-22,3,
sbignell19,1777,2008-04-04,4,
cwaszkiewicz1u,170,2022-03-02,1,
jcolyer5,48,2022-01-28,1,
jmccarterx,1085,2008-07-17,1,
jdellcasa1n,2191,2008-04-30,1,
mvasseh,3096,2010-11-10,3,
tdundon1,3448,2021-11-01,4,
vsecretan1z,757,2009-08-15,3,
mvasseh,3710,2017-06-02,1,
wdjordjevic1r,1267,2025-10-03,1,
elivingstonep,4308,2024-04-25,3,
ashenton26,897,2021-11-17,3,
ahorbath1a,333,2022-02-10,1,
jvasilenko2h,4247,2021-03-17,3,
battwellz,3200,2010-01-02,4,
ksmedley1b,582,2013-01-24,2,
msmedmore2n,1956,2012-10-30,1,
gtapine,578,2022-09-28,2,
jcolyer5,371,2012-08-02,3,
tfley1q,3899,2020-02-23,2,
cschild1y,3394,2021-02-18,3,
ebatchelor22,222,2024-10-19,1,
jhearsey25,4016,2014-05-06,2,
avasechkin2g,1177,2012-12-19,1,
ccrippin21,2117,2020-12-27,3,
gbezemer1h,3963,2018-04-19,1,
daleksidzer,2588,2025-06-21,1,
jdellcasa1n,3852,2010-03-10,1,
msmedmore2n,1946,2020-03-29,4,
cosbaldestony,549,2016-04-07,2,
mdampier2q,347,2009-03-26,2,
lbudibent3,3142,2025-10-23,4,
cschild1y,1819,2009-05-02,4,
avasechkin2g,2482,2015-09-26,4,
jhearsey25,302,2009-12-13,4,
tfley1q,2672,2022-10-14,4,
prosenfelt14,1949,2008-11-11,4,
lbudibent3,2920,2012-01-08,2,
jhearsey25,1824,2012-09-17,2,
pvicaryn,3894,2018-08-11,2,
tlowden17,860,2008-09-15,3,
vsecretan1z,4113,2016-10-10,2,
rrosten1x,1915,2021-04-06,3,
lmaxtedg,2604,2009-09-29,1,
cschild1y,3652,2022-02-17,2,
jmarkos29,4343,2023-12-26,1,
tdundon1,561,2021-05-24,4,
cyannoni1w,692,2009-10-18,2,
ashenton26,2560,2017-03-20,2,
kstonestreet20,410,2018-12-03,3,
ssparshettb,4028,2012-03-26,4,
ebatchelor22,253,2008-06-13,3,
battwellz,2459,2025-07-27,4,
thargess27,224,2020-06-11,3,
kstonestreet20,979,2013-11-29,3,
jcolyer5,2765,2015-12-03,1,
ssimoes2a,3038,2011-07-30,1,
bdundin1f,2705,2021-02-27,3,
sponteq,704,2019-02-16,3,
vsecretan1z,2549,2024-09-20,3,
jdellcasa1n,1722,2010-01-19,1,
ashenton26,2713,2023-10-02,1,
lshattock1e,868,2012-05-18,1,
gtoffolonio,1979,2020-12-11,2,
cdevaneyc,4192,2010-05-01,4,
csedgeworthk,1922,2015-12-19,3,
kstonestreet20,381,2019-10-03,2,
aheyward1g,1146,2012-06-18,4,
lshattock1e,212,2008-04-04,4,
mmeka,3241,2016-10-17,2,
gtoffolonio,4524,2014-04-04,4,
rwilcott10,3736,2024-04-19,2,
jhaslen2e,4357,2014-12-11,2,
thargess27,2804,2009-09-28,4,
dayllett1i,2201,2026-01-01,2,
tmusickaw,4438,2015-10-11,4,
xbenion2f,4714,2017-01-07,4,
bfiggins23,4546,2015-05-07,4,
mgarioch1p,4518,2017-01-03,1,
kstonestreet20,3739,2009-04-17,3,
rgasgarthu,4617,2024-06-07,2,
knewling1s,1602,2015-04-01,3,
astoate1c,3782,2022-05-13,3,
tsowrah1t,2993,2020-01-25,4,
ssimoes2a,3742,2012-03-28,2,
battwellz,1769,2020-05-21,3,
marnaez24,2579,2009-12-22,3,
marnaez24,1696,2022-03-16,1,
fscreech6,1916,2018-11-18,1,
mcharlot12,592,2013-07-14,3,
cdevaneyc,1809,2021-12-17,3,
ebatchelor22,853,2022-11-22,1,
egrestie2c,666,2017-04-20,4,
elivingstonep,1077,2009-02-08,4,
wleatt2o,3793,2011-05-22,4,
thargess27,759,2021-03-31,3,
rrosten1x,981,2024-08-05,4,
jmccarterx,3107,2016-05-17,2,
gtapine,2177,2010-03-29,2,
alloydwilliamsa,2315,2017-06-05,2,
ccockerham8,1879,2018-05-27,1,
tsowrah1t,1946,2014-03-08,4,
tpaulino2,1448,2021-05-25,4,
csedgeworthk,1989,2022-11-14,2,
pcolleford2r,182,2017-05-11,1,
gseadon28,3191,2011-12-25,4,
bfiggins23,427,2016-02-08,1,
sbignell19,2943,2022-02-21,3,
ccockerham8,4087,2013-01-12,2,
sponteq,810,2022-04-02,1,
tmusickaw,2073,2013-02-05,1,
cwaszkiewicz1u,3767,2020-11-21,1,
wdjordjevic1r,2144,2011-09-27,3,
kstonestreet20,4461,2011-09-04,1,
rrosten1x,3692,2021-09-16,4,
egrestie2c,2325,2019-10-25,2,
jhaslen2e,1138,2024-11-12,4,
kstonestreet20,925,2022-10-05,3,
jvasilenko2h,3249,2017-10-15,2,
elivingstonep,24,2011-05-22,4,
daleksidzer,741,2024-06-23,2,
ccockerham8,3246,2008-01-14,4,
gtapine,2767,2023-06-08,1,
marnaez24,1682,2018-07-13,1,
llangloisi,4603,2009-01-09,3,
cwaszkiewicz1u,1287,2017-03-07,1,
hseabrocke2m,1717,2020-08-27,1,
dbruckshaw1l,60,2021-04-03,4,
lbudibent3,3267,2018-07-28,1,
tdundon1,1274,2015-08-05,1,
lmaxtedg,1350,2011-08-10,3,
marnaez24,2082,2024-10-22,4,
tpaulino2,435,2023-04-09,2,
sbignell19,3367,2021-04-04,4,
cniesel0,3409,2023-01-03,4,
fbernon1j,4045,2014-05-07,3,
jdellcasa1n,2280,2021-12-13,3,
mgarioch1p,184,2008-09-18,4,
daleksidzer,3249,2016-11-24,4,
cdevaneyc,4161,2008-10-22,3,
glongbottom16,4165,2008-05-12,1,
dbruckshaw1l,3709,2014-07-07,2,
jcolyer5,3315,2015-09-06,1,
cfrankcom2d,2934,2022-07-31,3,
egabbatiss2p,865,2015-04-06,1,
knewling1s,4707,2020-07-11,4,
pcolleford2r,1651,2013-02-13,3,
jcolyer5,3740,2020-06-18,3,
dsiene2k,857,2010-12-18,1,
hpoundford2i,3498,2012-05-18,1,
elivingstonep,548,2016-08-10,4,
mgarioch1p,1450,2023-05-12,1,
jmccarterx,3873,2023-07-10,3,
jhearsey25,1885,2016-09-22,4,
gtoffolonio,55,2022-08-28,2,
aeul1o,3270,2025-05-16,4,
cschild1y,3205,2020-06-16,1,
lshattock1e,2618,2014-12-10,4,
tpaulino2,2387,2019-08-07,1,
cniesel0,810,2010-11-24,3,
jhearsey25,4435,2021-09-19,1,
kstammler1m,2205,2010-01-13,4,
lshattock1e,4452,2024-08-21,1,
tmusickaw,2689,2014-04-16,3,
glongbottom16,2239,2023-09-29,3,
battwellz,3713,2023-06-02,2,
thargess27,3063,2011-09-18,1,
cyannoni1w,1511,2022-12-03,4,
mvasseh,1833,2011-11-13,1,
ksmedley1b,3247,2016-09-21,2,
mdampier2q,1043,2012-12-16,3,
aheyward1g,2798,2021-04-08,4,
jhearsey25,3708,2020-10-14,3,
wleatt2o,1598,2013-10-15,4,
lmaxtedg,3148,2014-05-09,2,
tsowrah1t,2742,2023-01-14,4,
sponteq,2811,2021-02-13,2,
gtapine,977,2016-03-27,4,
cniesel0,994,2023-11-01,1,
egabbatiss2p,1773,2017-10-26,2,
wdjordjevic1r,4687,2015-01-14,4,
kstonestreet20,4129,2021-09-03,4,
oaloshkinj,1915,2019-11-17,1,
rgasgarthu,3792,2017-06-20,1,
swilemans,2371,2010-02-24,3,
garonovich1v,3722,2024-11-25,2,
dsiene2k,2432,2019-06-11,2,
fbernon1j,769,2024-05-04,3,
tmusickaw,378,2011-05-06,2,
marnaez24,1193,2014-09-24,4,
ssimoes2a,109,2020-08-03,4,
lmaxtedg,2758,2020-10-31,4,
hpoundford2i,1740,2024-10-03,3,
csedgeworthk,139,2015-07-24,1,
bfiggins23,2345,2014-06-17,2,
rwilcott10,854,2014-10-20,3,
wleatt2o,3193,2020-12-05,1,
ashenton26,4729,2012-04-12,1,
ebatchelor22,2130,2011-09-26,4,
bfiggins23,4109,2016-08-20,2,
knewling1s,655,2009-03-13,2,
oaloshkinj,2527,2012-08-19,3,
ppointon2l,2232,2022-01-31,3,
rfoulis13,3757,2013-07-27,4,
cyannoni1w,3056,2025-06-26,3,
aeul1o,4364,2020-01-15,4,
ksmedley1b,373,2023-10-24,3,
aheyward1g,3409,2009-04-06,1,
rwilcott10,1316,2026-03-01,3,
kstonestreet20,3710,2009-04-01,3,
tmusickaw,4330,2012-03-18,3,
rrosten1x,1560,2018-07-17,1,
jcolyer5,1315,2009-03-02,1,
sponteq,2799,2018-09-10,3,
sponteq,2742,2009-01-17,3,
tdundon1,2329,2011-03-04,1,
mvasseh,2460,2015-11-21,1,
tsowrah1t,803,2012-10-12,4,
tsowrah1t,1728,2015-04-13,2,
cosbaldestony,1286,2013-09-10,4,
lconaboy11,895,2015-12-21,1,
onewberryd,4383,2024-09-06,4,
dayllett1i,4520,2022-02-24,1,
rfoulis13,2107,2020-02-02,3,
glongbottom16,2410,2020-02-24,4,
pcolleford2r,1588,2014-12-04,2,
daleksidzer,3791,2018-03-03,1,
mdampier2q,2081,2024-09-02,1,
mvasseh,1432,2016-02-11,2,
llangloisi,347,2023-03-29,1,
ssparshettb,1506,2020-02-11,1,
jmarkos29,2240,2011-07-28,2,
egrestie2c,4298,2008-08-17,2,
ccockerham8,3994,2020-02-15,1,
rgasgarthu,2635,2009-12-12,4,
onewberryd,1360,2025-10-25,2,
mdampier2q,640,2015-09-22,2,
thargess27,2538,2010-09-23,4,
ccockerham8,2953,2021-07-11,3,
alloydwilliamsa,1176,2021-12-27,3,
afradsonm,2088,2022-02-01,4,
llangloisi,1211,2018-05-07,3,
elivingstonep,4720,2022-04-22,4,
prosenfelt14,3489,2015-08-20,1,
gseadon28,560,2012-04-18,4,
wdjordjevic1r,4724,2023-12-02,2,
kstammler1m,2406,2025-09-22,4,
cfrankcom2d,2390,2016-06-26,2,
vmuslimf,4473,2009-06-20,2,
rtwitchings9,1141,2008-04-24,4,
rrosten1x,164,2015-05-04,2,
mgarioch1p,4707,2025-03-18,2,
jhearsey25,3934,2025-01-23,2,
ksmedley1b,467,2015-06-06,3,
olechmere1k,2868,2019-02-14,1,
ebatchelor22,3491,2024-02-06,3,
knewling1s,289,2020-03-17,2,
jmonini18,3335,2017-09-01,3,
apetchell15,1785,2009-11-19,1,
pcolleford2r,1503,2013-06-19,3,
vsecretan1z,4591,2022-02-28,4,
kstonestreet20,2122,2023-08-24,3,
dbruckshaw1l,4243,2022-07-29,4,
elivingstonep,3917,2025-12-11,2,
aecclestone1d,4792,2024-08-18,4,
mwhitnell7,1293,2020-12-22,4,
rtwitchings9,585,2017-10-23,3,
tpaulino2,509,2014-06-26,2,
jhearsey25,828,2025-09-25,2,
cschild1y,2253,2021-08-11,4,
pkyteley2j,4685,2017-08-04,4,
pkyteley2j,94,2011-10-30,3,
ashenton26,2973,2016-02-19,2,
dsiene2k,2197,2020-11-25,3,
aheyward1g,417,2009-11-27,4,
pkyteley2j,2263,2023-02-01,4,
vmuslimf,482,2021-02-07,1,
mdampier2q,3377,2024-02-16,3,
wdjordjevic1r,4600,2021-08-14,3,
cdevaneyc,2676,2023-04-13,2,
bfiggins23,96,2025-03-15,4,
tsowrah1t,1139,2019-05-21,1,
msmedmore2n,4421,2023-07-25,4,
wdjordjevic1r,3484,2020-11-28,4,
kstammler1m,980,2015-07-12,3,
aeul1o,3762,2021-07-09,3,
mcharlot12,259,2009-08-09,2,
thargess27,3327,2015-01-23,4,
wleatt2o,520,2010-06-19,3,
alloydwilliamsa,3934,2009-04-10,1,
tpaulino2,4507,2009-11-06,3,
ebatchelor22,2732,2021-01-25,2,
battwellz,4604,2017-03-18,2,
wdjordjevic1r,2707,2022-11-30,4,
dayllett1i,3140,2022-03-07,2,
astoate1c,2672,2024-04-30,3,
apetchell15,4123,2014-06-01,4,
kstammler1m,606,2012-02-21,2,
avasechkin2g,4345,2024-09-22,3,
aeul1o,3133,2023-06-24,1,
rrosten1x,1170,2020-11-18,3,
tdundon1,2750,2025-12-27,1,
cosbaldestony,2777,2022-12-10,4,
cyannoni1w,1880,2015-02-15,1,
gtoffolonio,1886,2020-09-21,2,
esouthwell2b,377,2015-03-18,4,
bfiggins23,148,2019-03-13,3,
olechmere1k,909,2010-05-30,4,
gseadon28,1904,2009-11-22,4,
apetchell15,1713,2010-04-10,4,
jhaslen2e,2350,2011-12-13,2,
rgasgarthu,3151,2015-04-11,4,
tfley1q,3595,2008-03-02,1,
ssimoes2a,2585,2013-04-27,1,
tdundon1,3937,2025-01-11,1,
dbruckshaw1l,3477,2012-01-06,3,
rbottrellt,2811,2010-07-08,4,
battwellz,1491,2019-06-03,2,
glongbottom16,1209,2013-07-16,3,
mmeka,250,2009-12-14,4,
prosenfelt14,2301,2017-07-09,2,
ssimoes2a,530,2012-01-07,4,
jmccarterx,853,2023-01-15,3,
mgarioch1p,1925,2009-03-02,2,
kstammler1m,4306,2011-07-17,4,
kstammler1m,1998,2015-10-09,4,
fscreech6,4693,2019-08-14,1,
ccockerham8,1367,2011-09-30,4,
fscreech6,1378,2009-01-21,4,
ssimoes2a,2618,2019-08-06,3,
ashenton26,2180,2024-06-21,1,
lconaboy11,1715,2014-05-24,2,
bfiggins23,4216,2016-01-20,2,
mcharlot12,1133,2008-02-17,2,
cfrankcom2d,1996,2017-03-07,3,
ahorbath1a,3649,2010-08-28,2,
aheyward1g,2619,2014-01-21,4,
mmeka,4234,2011-04-27,3,
xbenion2f,2803,2010-07-04,1,
ccockerham8,3671,2011-12-27,3,
knewling1s,4275,2019-07-06,2,
tmusickaw,3804,2016-07-02,2,
lbudibent3,345,2017-06-09,4,
gseadon28,741,2013-12-29,3,
wdjordjevic1r,1525,2010-05-31,2,
tlowden17,1933,2024-05-12,3,
cosbaldestony,3100,2010-04-03,2,
jdellcasa1n,273,2009-03-05,4,
mmeka,603,2013-03-13,2,
lbudibent3,4387,2023-03-28,3,
mvasseh,2627,2014-08-13,1,
cfrankcom2d,2798,2009-02-01,2,
csedgeworthk,4328,2009-03-12,2,
ebatchelor22,3574,2024-03-28,3,
bdundin1f,1565,2010-01-02,1,
jvasilenko2h,2230,2026-04-24,3,
tsowrah1t,2207,2021-01-15,4,
fscreech6,4371,2022-05-15,2,
afradsonm,1257,2009-07-02,1,
kstammler1m,3843,2014-03-23,4,
esouthwell2b,4178,2010-09-07,3,
jdellcasa1n,4165,2016-10-24,2,
bdundin1f,2766,2018-10-26,3,
rrosten1x,3877,2010-05-02,1,
rwilcott10,1459,2019-08-12,3,
daleksidzer,2955,2011-11-05,4,
swilemans,3139,2014-03-27,2,
tpaulino2,2134,2013-02-14,4,
egrestie2c,96,2016-12-04,2,
ccrippin21,2981,2023-04-07,4,
egabbatiss2p,1102,2019-01-26,4,
ccrippin21,2225,2014-06-18,1,
daleksidzer,1365,2009-09-14,1,
fbernon1j,2899,2019-07-07,3,
tfley1q,1857,2014-08-05,4,
tmusickaw,2631,2012-09-28,4,
battwellz,2856,2016-09-04,1,
xbenion2f,2820,2017-04-23,3,
cdevaneyc,4298,2019-06-15,1,
lmaxtedg,4472,2021-01-16,2,
bfiggins23,4124,2009-03-07,4,
rbottrellt,798,2009-03-04,4,
kstammler1m,3244,2013-03-02,2,
mmeka,235,2013-03-27,3,
llangloisi,1470,2016-10-24,4,
dpiatto4,2936,2020-12-20,3,
glongbottom16,2580,2023-09-14,1,
mcharlot12,4368,2010-03-24,3,
gtoffolonio,1351,2017-03-14,1,
hseabrocke2m,3993,2022-05-06,3,
bfiggins23,514,2008-01-05,4,
msmedmore2n,1998,2023-03-24,4,
jmonini18,4357,2024-01-12,4,
xbenion2f,4459,2025-03-10,1,
kstammler1m,1964,2014-05-25,1,
llangloisi,1969,2023-10-12,2,
sponteq,1869,2013-11-03,1,
gtoffolonio,2296,2009-03-18,2,
fscreech6,4758,2019-02-26,3,
lbudibent3,3208,2021-03-03,4,
tsowrah1t,992,2011-08-28,2,
alloydwilliamsa,2503,2019-12-27,2,
csedgeworthk,432,2024-03-05,4,
swilemans,1202,2025-06-12,3,
gbezemer1h,1162,2016-05-11,3,
gtoffolonio,330,2010-12-30,3,
knewling1s,3143,2012-11-23,3,
mgarioch1p,2313,2009-10-05,3,
aeul1o,144,2011-10-15,3,
fbernon1j,2907,2021-12-27,1,
apetchell15,785,2016-08-07,3,
vmuslimf,4286,2024-07-14,2,
egabbatiss2p,3954,2009-12-15,1,
alloydwilliamsa,47,2023-07-18,2,
elivingstonep,3878,2023-08-23,4,
cniesel0,3723,2019-07-05,4,
aecclestone1d,97,2008-02-11,4,
xbenion2f,3557,2015-02-26,4,
astoate1c,1008,2025-07-02,2,
daleksidzer,4097,2015-12-27,4,
onewberryd,945,2020-06-15,4,
jmonini18,1432,2009-05-04,2,
olechmere1k,56,2022-05-11,3,
ebatchelor22,4511,2009-09-29,2,
thargess27,369,2012-09-19,2,
egrestie2c,1154,2018-02-07,4,
mcharlot12,406,2008-10-25,1,
rtwitchings9,3316,2026-04-22,1,
tlowden17,3865,2018-04-18,4,
rtwitchings9,839,2019-10-16,1,
hseabrocke2m,587,2014-07-20,3,
mdampier2q,3357,2016-12-07,3,
olechmere1k,1028,2023-03-08,3,
jhearsey25,3210,2023-08-28,1,
gtapine,254,2017-07-28,1,
tpaulino2,1714,2022-03-06,1,
wdjordjevic1r,2477,2026-04-28,2,
sbignell19,3357,2017-04-10,2,
gseadon28,3572,2023-10-09,1,
ccrippin21,2625,2012-04-08,2,
dsiene2k,1258,2008-12-30,4,
lbudibent3,2048,2025-03-19,1,
xbenion2f,3902,2022-09-16,1,
cwaszkiewicz1u,3222,2013-01-05,4,
garonovich1v,2761,2011-07-18,1,
avasechkin2g,79,2013-07-17,1,
mdampier2q,4497,2018-04-25,3,
bdundin1f,3218,2026-03-02,4,
elivingstonep,2655,2010-03-13,1,
pcolleford2r,4083,2023-09-13,4,
oaloshkinj,4007,2017-05-14,2,
jvasilenko2h,2084,2022-11-09,3,
fbernon1j,4416,2011-06-03,3,
ccockerham8,2477,2022-06-19,2,
ssparshettb,219,2024-05-02,3,
ksmedley1b,2037,2021-03-01,1,
tpaulino2,105,2010-05-16,1,
egrestie2c,2440,2019-04-14,4,
dpiatto4,399,2012-03-31,4,
dsiene2k,10,2011-09-21,2,
alloydwilliamsa,239,2008-12-24,2,
jhaslen2e,3215,2018-04-08,1,
wleatt2o,2940,2016-12-14,3,
tlowden17,560,2009-07-07,4,
ssparshettb,2841,2019-07-29,1,
cfrankcom2d,4376,2022-12-22,2,
jdellcasa1n,4430,2022-02-03,3,
bdundin1f,1221,2016-12-16,3,
fbernon1j,2272,2020-04-28,4,
lbudibent3,3179,2014-10-24,1,
llangloisi,3929,2024-07-31,1,
daleksidzer,2497,2020-04-15,3,
marnaez24,4007,2011-07-08,2,
rbottrellt,1598,2015-08-31,1,
rgasgarthu,2113,2018-05-30,3,
wleatt2o,2163,2023-01-06,3,
mdampier2q,2586,2010-04-09,3,
ccockerham8,1061,2017-12-07,3,
rtwitchings9,3567,2009-11-07,3,
wdjordjevic1r,4729,2025-02-07,2,
hseabrocke2m,1815,2017-10-08,1,
apetchell15,3709,2012-09-26,3,
wdjordjevic1r,4531,2011-09-13,1,
ashenton26,1210,2023-10-12,2,
afradsonm,2896,2019-10-22,3,
tlowden17,566,2013-11-06,2,
egabbatiss2p,1615,2009-12-23,1,
egrestie2c,4694,2020-03-05,1,
wleatt2o,2291,2015-10-13,4,
ssimoes2a,2519,2011-01-15,2,
sbignell19,2462,2009-08-03,2,
avasechkin2g,3894,2014-03-09,1,
jdellcasa1n,369,2012-03-15,1,
apetchell15,4518,2024-12-14,2,
dayllett1i,2317,2016-08-28,4,
battwellz,1457,2024-06-04,3,
rfoulis13,3927,2023-07-27,2,
gseadon28,4341,2026-04-09,1,
vsecretan1z,363,2009-02-19,4,
oaloshkinj,441,2023-10-04,1,
tdundon1,1901,2019-12-10,2,
tmusickaw,128,2023-04-30,1,
sbignell19,1623,2026-01-27,1,
bfiggins23,154,2013-03-06,3,
glongbottom16,4332,2016-11-14,3,
bfiggins23,3123,2022-01-20,1,
vmuslimf,4438,2022-01-21,2,
bdundin1f,2201,2019-02-17,2,
prosenfelt14,3133,2023-10-16,2,
rfoulis13,253,2017-07-13,1,
jcolyer5,2700,2020-06-08,2,
knewling1s,3704,2024-04-23,2,
csedgeworthk,3334,2022-06-01,4,
olechmere1k,1141,2019-06-11,1,
bboobierv,1092,2014-10-08,1,
pcolleford2r,682,2018-01-12,1,
ksmedley1b,2049,2011-11-19,4,
avasechkin2g,1632,2024-12-10,1,
esouthwell2b,390,2018-02-10,2,
jcolyer5,654,2010-11-12,2,
mgarioch1p,1540,2009-10-07,1,
mromandl,1489,2012-05-05,3,
apetchell15,1845,2012-03-18,2,
cdevaneyc,915,2023-12-01,2,
tdundon1,2654,2011-12-17,2,
vmuslimf,3351,2016-06-07,4,
jvasilenko2h,2293,2012-01-05,4,
pcolleford2r,4693,2021-09-09,1,
tsowrah1t,2915,2013-11-28,4,
egrestie2c,1964,2025-05-05,4,
gbezemer1h,2120,2015-09-10,2,
onewberryd,411,2024-02-16,4,
mromandl,1543,2019-12-02,3,
mwhitnell7,3707,2014-08-09,1,
mdampier2q,1293,2015-06-21,4,
ccockerham8,3631,2008-04-20,3,
tmusickaw,1962,2016-08-29,1,
mmeka,404,2014-06-10,3,
lshattock1e,3644,2024-07-03,3,
hseabrocke2m,637,2024-02-02,1,
knewling1s,4304,2016-03-27,3,
rbottrellt,4269,2024-03-25,2,
mmeka,685,2016-07-10,4,
sbignell19,689,2009-12-29,3,
ppointon2l,3335,2012-12-11,1,
glongbottom16,992,2011-09-18,1,
mwhitnell7,2894,2014-09-24,1,
bfiggins23,353,2015-12-28,3,
egrestie2c,3893,2023-01-29,1,
mgarioch1p,2977,2019-10-30,1,
xbenion2f,2224,2019-05-09,3,
dbruckshaw1l,2822,2017-10-23,2,
alloydwilliamsa,2376,2018-04-30,4,
sbignell19,3989,2018-04-03,4,
ccockerham8,4543,2012-07-26,2,
gbezemer1h,2013,2017-09-02,3,
pkyteley2j,3737,2017-10-31,3,
tmusickaw,1967,2014-01-18,4,
gseadon28,4391,2021-12-29,3,
cniesel0,2310,2021-01-30,1,
csedgeworthk,3049,2015-01-27,1,
battwellz,4049,2024-03-04,3,
astoate1c,2415,2023-10-11,1,
afradsonm,2175,2014-09-22,1,
ebatchelor22,1054,2014-06-12,1,
kstammler1m,4691,2020-11-17,3,
jmccarterx,1170,2008-09-30,1,
sponteq,211,2011-05-16,3,
elivingstonep,2748,2025-11-28,2,
aeul1o,2269,2019-04-05,4,
knewling1s,95,2008-01-29,2,
lmaxtedg,3681,2025-10-13,4,
msmedmore2n,3570,2023-04-20,1,
xbenion2f,475,2026-04-27,4,
msmedmore2n,3223,2021-05-02,2,
dbruckshaw1l,2206,2020-11-23,2,
garonovich1v,535,2015-12-26,3,
csedgeworthk,1847,2022-09-17,3,
pkyteley2j,4674,2008-08-24,3,
vmuslimf,69,2012-06-20,4,
rbottrellt,882,2011-05-17,1,
mromandl,1113,2014-01-24,2,
tsowrah1t,1752,2010-02-20,3,
tlowden17,938,2009-08-17,4,
cfrankcom2d,1001,2025-01-08,4,
cfrankcom2d,3298,2012-01-17,4,
mromandl,3725,2024-09-27,4,
tmusickaw,1240,2014-06-26,1,
dsiene2k,2928,2014-10-26,3,
cyannoni1w,3514,2008-06-01,1,
csedgeworthk,487,2024-06-28,1,
jvasilenko2h,3173,2011-10-17,1,
ssimoes2a,407,2022-01-07,2,
daleksidzer,1732,2025-09-25,3,
bboobierv,1299,2013-03-20,4,
mvasseh,2351,2015-02-04,3,
gtoffolonio,3509,2008-02-19,2,
ppointon2l,2906,2017-10-25,1,
jmarkos29,555,2012-05-16,4,
hpoundford2i,2023,2023-08-06,3,
egabbatiss2p,948,2009-05-19,1,
cschild1y,1919,2021-01-29,2,
esouthwell2b,4730,2016-10-28,3,
garonovich1v,1860,2014-05-12,2,
jmccarterx,2179,2009-05-14,2,
ashenton26,2298,2013-07-23,1,
onewberryd,1539,2015-06-02,1,
cfrankcom2d,2131,2012-06-28,1,
jcolyer5,2043,2022-10-14,2,
tlowden17,817,2021-04-04,4,
jdellcasa1n,556,2017-12-14,4,
ahorbath1a,556,2019-08-25,2,
onewberryd,3082,2011-12-19,2,
mvasseh,3793,2026-02-01,1,
battwellz,2603,2010-04-27,3,
pkyteley2j,4784,2023-05-01,4,
hpoundford2i,4481,2010-04-23,4,
cosbaldestony,2626,2009-10-01,2,
mvasseh,3262,2021-12-12,4,
garonovich1v,2605,2023-03-19,2,
kstammler1m,3409,2011-03-14,3,
mvasseh,2806,2016-01-21,4,
wdjordjevic1r,4093,2016-07-28,1,
ksmedley1b,3554,2010-03-02,4,
cniesel0,1222,2011-01-11,3,
avasechkin2g,2995,2018-07-06,4,
jhaslen2e,3483,2022-02-06,4,
hseabrocke2m,2223,2024-02-29,4,
dpiatto4,1133,2014-01-25,1,
pkyteley2j,4002,2013-08-15,1,
wdjordjevic1r,464,2014-01-09,4,
egrestie2c,490,2012-10-13,2,
vmuslimf,3216,2025-04-15,4,
gtoffolonio,3833,2008-11-04,3,
xbenion2f,242,2025-12-17,4,
jhearsey25,3858,2014-02-08,4,
oaloshkinj,1456,2010-09-08,2,
aecclestone1d,3797,2018-12-31,3,
mvasseh,74,2011-11-28,1,
vmuslimf,2764,2017-05-04,1,
aeul1o,4450,2015-02-06,3,
egabbatiss2p,3675,2010-06-13,2,
wleatt2o,911,2025-04-30,4,
vsecretan1z,2966,2008-07-02,4,
daleksidzer,3764,2016-06-25,4,
jdellcasa1n,2227,2024-11-28,2,
rrosten1x,328,2016-06-01,1,
battwellz,3049,2017-09-05,3,
ppointon2l,1557,2013-05-12,3,
tpaulino2,2064,2023-12-01,4,
lconaboy11,690,2020-12-11,3,
lconaboy11,1579,2015-05-10,1,
csedgeworthk,3168,2012-02-21,4,
sponteq,2245,2011-01-10,1,
ahorbath1a,3753,2023-08-16,4,
vsecretan1z,1112,2010-07-30,2,
lconaboy11,474,2010-03-10,3,
battwellz,2230,2020-01-24,3,
bdundin1f,3963,2023-09-09,4,
dpiatto4,872,2025-06-08,4,
esouthwell2b,2571,2020-10-10,4,
glongbottom16,3848,2012-02-27,2,
xbenion2f,249,2008-02-13,4,
fscreech6,3684,2019-11-12,4,
vsecretan1z,1810,2009-06-19,1,
msmedmore2n,151,2017-01-10,4,
rtwitchings9,4758,2012-11-30,2,
ashenton26,4389,2010-01-05,4,
sponteq,1662,2019-04-01,3,
rfoulis13,4350,2010-02-20,2,
glongbottom16,4210,2018-04-06,4,
fscreech6,2393,2020-02-22,3,
dsiene2k,1616,2009-09-15,3,
tfley1q,2536,2010-06-16,1,
aheyward1g,2789,2011-03-02,2,
dsiene2k,4009,2017-11-20,3,
afradsonm,3555,2014-06-23,2,
apetchell15,2372,2020-06-16,2,
sbignell19,4709,2021-12-29,3,
msmedmore2n,3132,2010-09-18,2,
tpaulino2,3354,2014-08-29,4,
swilemans,2490,2014-05-24,1,
ssimoes2a,1976,2024-06-15,1,
marnaez24,2882,2014-09-03,2,
rrosten1x,2937,2012-10-03,2,
glongbottom16,2939,2021-06-12,3,
cwaszkiewicz1u,243,2025-09-11,3,
hpoundford2i,1598,2012-01-24,1,
jcolyer5,4452,2013-07-11,3,
knewling1s,1976,2011-08-17,1,
mdampier2q,2769,2021-04-21,2,
ssimoes2a,1476,2015-08-09,3,
rbottrellt,881,2016-12-20,1,
ccockerham8,169,2020-07-03,3,
aheyward1g,785,2017-01-13,2,
lbudibent3,3771,2011-01-19,3,
elivingstonep,3596,2019-12-15,2,
cdevaneyc,1674,2017-10-02,2,
gbezemer1h,58,2011-12-12,4,
dayllett1i,2205,2009-05-25,1,
rwilcott10,1275,2020-01-26,4,
astoate1c,3218,2013-09-11,4,
jmccarterx,3315,2022-08-11,4,
swilemans,249,2025-07-19,2,
dpiatto4,112,2012-08-08,2,
xbenion2f,2418,2023-01-21,1,
gtapine,1574,2011-06-02,1,
alloydwilliamsa,3130,2022-05-14,1,
cfrankcom2d,3391,2025-07-12,4,
bdundin1f,3100,2017-03-29,2,
lconaboy11,1458,2022-12-15,3,
csedgeworthk,4004,2010-12-10,3,
gbezemer1h,3761,2016-12-20,3,
dpiatto4,3769,2009-10-17,2,
mdampier2q,4554,2016-04-28,1,
mromandl,1839,2018-08-13,1,
bdundin1f,2721,2011-08-01,3,
jcolyer5,537,2022-09-02,3,
bfiggins23,1340,2011-06-12,2,
thargess27,1148,2014-11-06,4,
ssparshettb,439,2011-10-11,2,
rwilcott10,749,2009-12-28,4,
cfrankcom2d,1299,2015-04-09,4,
mwhitnell7,2486,2012-05-13,4,
aheyward1g,883,2014-01-09,2,
mmeka,4641,2023-01-24,1,
rtwitchings9,3308,2025-07-01,3,
ssparshettb,385,2022-03-06,1,
rfoulis13,705,2012-12-09,4,
avasechkin2g,4193,2012-09-30,1,
msmedmore2n,3075,2011-07-16,4,
avasechkin2g,1031,2017-07-22,4,
ccrippin21,435,2025-05-11,3,
jmonini18,961,2022-09-03,2,
vsecretan1z,2960,2010-09-27,1,
pcolleford2r,522,2018-12-17,2,
dsiene2k,2221,2025-03-12,3,
hpoundford2i,2170,2011-11-07,3,
astoate1c,2251,2022-03-14,4,
bboobierv,2921,2021-03-24,2,
bboobierv,4694,2008-03-02,3,
hseabrocke2m,1304,2009-03-22,1,
avasechkin2g,3444,2008-03-24,1,
kstammler1m,4289,2014-09-30,2,
egrestie2c,2,2021-09-04,3,
egrestie2c,4502,2009-01-22,4,
sponteq,479,2025-06-20,3,
tpaulino2,1248,2012-10-21,1,
tlowden17,1801,2014-08-06,2,
tfley1q,4764,2018-07-17,2,
vmuslimf,2829,2017-11-17,3,
gseadon28,3105,2021-12-26,4,
oaloshkinj,4727,2024-04-24,2,
cosbaldestony,2337,2024-03-31,4,
sponteq,1889,2021-04-20,4,
bdundin1f,3352,2017-10-08,1,
ssparshettb,2152,2022-06-01,4,
kstonestreet20,3437,2024-02-13,3,
cniesel0,1351,2023-09-01,4,
jmonini18,2634,2014-09-21,2,
apetchell15,2502,2023-11-25,1,
cfrankcom2d,2225,2024-09-27,3,
rwilcott10,2968,2016-01-06,4,
kstammler1m,2378,2011-04-07,2,
gbezemer1h,2730,2023-12-31,3,
bboobierv,4125,2009-05-23,4,
rgasgarthu,146,2008-09-13,3,
tdundon1,37,2012-04-13,3,
pvicaryn,1493,2016-09-01,4,
ccrippin21,998,2016-06-16,3,
garonovich1v,2526,2008-10-29,1,
mdampier2q,4382,2022-06-14,1,
rgasgarthu,743,2017-12-12,1,
apetchell15,4059,2010-01-02,3,
ebatchelor22,4548,2021-12-27,4,
mmeka,727,2020-12-15,1,
jhaslen2e,1081,2009-07-30,4,
olechmere1k,351,2014-12-16,2,
fbernon1j,705,2014-02-21,2,
sbignell19,1043,2020-01-11,2,
pvicaryn,4191,2018-08-31,1,
xbenion2f,1564,2010-12-24,2,
hseabrocke2m,530,2009-05-16,4,
vsecretan1z,4474,2009-04-27,3,
aecclestone1d,940,2023-10-08,3,
mwhitnell7,3275,2025-10-16,3,
afradsonm,4071,2019-03-15,1,
rwilcott10,4266,2016-05-28,4,
daleksidzer,3508,2016-06-04,3,
jmarkos29,4533,2020-05-15,2,
cyannoni1w,2499,2018-03-30,3,
cdevaneyc,2585,2016-06-10,1,
dpiatto4,2891,2023-08-25,4,
cfrankcom2d,299,2017-11-16,2,
ccockerham8,4257,2009-02-19,1,
pkyteley2j,4556,2011-06-24,4,
fbernon1j,1555,2024-06-02,2,
jhaslen2e,3357,2024-08-24,2,
lmaxtedg,1402,2025-07-10,4,
pkyteley2j,488,2012-06-18,2,
fscreech6,310,2015-04-04,4,
aecclestone1d,3483,2025-01-23,3,
sbignell19,1157,2013-01-05,2,
olechmere1k,2539,2008-03-03,4,
lmaxtedg,3769,2014-03-21,2,
aecclestone1d,3385,2025-11-28,1,
kstonestreet20,1673,2011-06-30,3,
pkyteley2j,4286,2008-08-12,1,
ssimoes2a,1686,2017-05-06,3,
rwilcott10,525,2022-11-05,2,
fbernon1j,3564,2026-02-27,3,
mcharlot12,1217,2015-04-19,1,
mgarioch1p,3650,2013-10-04,1,
kstammler1m,3298,2012-08-07,4,
hseabrocke2m,3281,2009-05-19,2,
ksmedley1b,1435,2012-11-22,3,
daleksidzer,3350,2020-07-05,1,
fbernon1j,2196,2014-03-04,2,
pkyteley2j,633,2013-04-23,1,
aheyward1g,1839,2022-12-21,2,
mromandl,4299,2009-03-26,1,
egrestie2c,3272,2019-05-15,4,
cyannoni1w,3332,2024-07-07,1,
glongbottom16,1010,2021-07-20,1,
hpoundford2i,2434,2023-10-07,3,
olechmere1k,1943,2024-11-16,3,
egrestie2c,3042,2015-04-15,3,
lbudibent3,4284,2025-02-23,1,
aeul1o,703,2021-02-15,4,
ppointon2l,870,2015-05-07,3,
ccrippin21,1434,2010-07-01,3,
pcolleford2r,2655,2024-05-25,2,
dayllett1i,1266,2024-04-30,3,
prosenfelt14,1416,2014-05-16,1,
ssparshettb,635,2013-12-11,2,
jhearsey25,2797,2017-03-29,1,
mmeka,1741,2009-12-07,1,
aheyward1g,1865,2010-05-21,4,
cniesel0,2723,2013-08-20,2,
cdevaneyc,3449,2025-01-19,4,
vmuslimf,3143,2024-11-17,2,
astoate1c,2536,2019-09-11,1,
dbruckshaw1l,660,2025-06-03,1,
tlowden17,276,2022-12-11,1,
onewberryd,3817,2020-02-01,4,
swilemans,734,2012-07-08,2,
rtwitchings9,2889,2018-04-30,4,
jdellcasa1n,3839,2018-12-18,4,
fbernon1j,1485,2023-10-23,1,
bboobierv,2468,2012-05-02,4,
egrestie2c,1497,2014-07-20,3,
wdjordjevic1r,4343,2011-07-18,3,
dsiene2k,765,2024-11-02,1,
battwellz,3538,2010-02-03,3,
pvicaryn,1262,2013-01-15,2,
cwaszkiewicz1u,4626,2010-06-10,2,
rgasgarthu,4009,2020-11-04,4,
pkyteley2j,2991,2014-09-16,2,
tsowrah1t,4395,2022-10-10,3,
ppointon2l,3419,2014-12-19,4,
jhaslen2e,1558,2025-12-07,3,
egabbatiss2p,3553,2016-10-21,2,
daleksidzer,4145,2016-01-28,4,
rbottrellt,4257,2016-06-11,4,
rbottrellt,654,2023-06-03,4,
mcharlot12,1594,2008-05-19,2,
rgasgarthu,2581,2009-06-07,1,
tsowrah1t,1574,2022-05-24,4,
tsowrah1t,2491,2015-09-14,3,
mvasseh,3158,2025-07-10,1,
esouthwell2b,3138,2025-02-24,3,
olechmere1k,2713,2021-07-24,2,
bfiggins23,4107,2016-11-04,4,
cyannoni1w,1069,2017-02-16,2,
jmonini18,3571,2009-12-31,2,
sbignell19,3741,2020-11-02,2,
afradsonm,2700,2017-04-29,2,
tdundon1,2801,2015-08-12,4,
fbernon1j,2444,2008-02-17,4,
tsowrah1t,150,2026-03-23,1,
rrosten1x,504,2014-12-10,1,
pcolleford2r,2701,2009-07-30,4,
mmeka,2858,2019-09-05,1,
egabbatiss2p,3706,2016-09-26,1,
ccrippin21,4453,2011-09-26,4,
rfoulis13,2052,2021-04-20,3,
ashenton26,897,2024-07-15,4,
avasechkin2g,4473,2019-12-09,2,
rfoulis13,2876,2022-05-10,3,
apetchell15,737,2015-07-21,4,
rtwitchings9,4087,2019-09-15,1,
ebatchelor22,4728,2011-04-20,3,
ebatchelor22,707,2017-07-02,1,
esouthwell2b,3215,2014-10-10,1,
tsowrah1t,4109,2020-09-04,1,
tmusickaw,1146,2014-06-16,3,
xbenion2f,844,2016-12-27,1,
esouthwell2b,2040,2017-06-05,3,
xbenion2f,1201,2013-03-09,1,
cosbaldestony,3171,2008-01-01,1,
ccrippin21,965,2023-03-04,3,
daleksidzer,515,2023-01-28,2,
csedgeworthk,2620,2018-05-01,3,
ccockerham8,516,2024-05-01,4,
jvasilenko2h,1892,2012-05-12,3,
oaloshkinj,4354,2016-04-20,4,
tfley1q,4541,2023-10-19,3,
tfley1q,4054,2017-04-09,4,
astoate1c,4764,2018-09-30,1,
dsiene2k,1503,2008-09-05,2,
lconaboy11,2208,2020-01-07,1,
rfoulis13,3387,2019-10-05,4,
cniesel0,71,2010-01-02,2,
tlowden17,1447,2010-01-11,1,
lshattock1e,4422,2018-03-17,2,
wdjordjevic1r,912,2011-04-10,1,
vmuslimf,1210,2026-03-05,3,
ebatchelor22,35,2010-01-05,2,
prosenfelt14,1164,2025-01-12,4,
alloydwilliamsa,1174,2013-05-13,4,
cyannoni1w,4474,2011-12-10,4,
rwilcott10,4282,2025-04-09,2,
rbottrellt,4712,2014-09-23,4,
knewling1s,2065,2020-06-18,2,
dsiene2k,4518,2015-01-02,2,
kstonestreet20,96,2018-12-06,2,
marnaez24,101,2024-07-02,3,
ebatchelor22,433,2019-02-16,2,
cwaszkiewicz1u,3111,2020-07-02,1,
apetchell15,2464,2021-06-28,3,
rgasgarthu,1230,2010-09-14,3,
dpiatto4,238,2011-09-29,2,
kstammler1m,1290,2024-12-31,3,
ppointon2l,164,2009-08-30,1,
mromandl,3556,2021-04-24,4,
tmusickaw,2374,2015-03-09,3,
astoate1c,4231,2011-09-07,1,
ssparshettb,1601,2020-08-06,1,
olechmere1k,2590,2024-08-21,3,
mgarioch1p,217,2015-11-16,2,
tmusickaw,4243,2010-05-21,3,
jhaslen2e,53,2023-10-06,1,
ccockerham8,4779,2024-11-06,1,
glongbottom16,475,2009-02-26,3,
thargess27,4701,2013-12-10,2,
fbernon1j,1707,2016-01-20,1,
prosenfelt14,3579,2020-01-25,4,
daleksidzer,3726,2012-12-02,4,
mwhitnell7,3987,2024-08-26,4,
glongbottom16,3021,2012-09-08,4,
aeul1o,4756,2012-09-07,2,
esouthwell2b,1485,2017-07-31,4,
wleatt2o,4651,2018-09-10,4,
ppointon2l,3174,2022-07-28,1,
jmonini18,2670,2020-11-04,1,
mwhitnell7,4682,2011-04-27,2,
pcolleford2r,2513,2010-01-12,4,
jmarkos29,3497,2025-11-14,2,
ccockerham8,2063,2026-03-18,1,
rwilcott10,2007,2009-11-16,1,
rrosten1x,4163,2018-02-12,4,
jvasilenko2h,3981,2020-01-30,3,
dsiene2k,1432,2011-08-28,3,
lbudibent3,3829,2009-11-02,3,
pcolleford2r,421,2024-05-13,1,
prosenfelt14,875,2017-01-18,4,
tlowden17,172,2010-03-31,4,
garonovich1v,1347,2025-08-06,3,
cwaszkiewicz1u,448,2015-10-17,3,
mmeka,2975,2011-12-14,1,
hpoundford2i,3133,2019-02-27,1,
lbudibent3,2038,2023-04-04,2,
egabbatiss2p,729,2023-02-17,1,
aecclestone1d,369,2011-04-24,2,
glongbottom16,4608,2022-04-13,2,
xbenion2f,2933,2010-01-06,2,
olechmere1k,3599,2010-06-26,1,
knewling1s,3695,2024-04-15,1,
gbezemer1h,3164,2023-04-22,1,
elivingstonep,2074,2024-11-07,3,
bboobierv,661,2012-03-06,4,
dpiatto4,1963,2017-10-22,4,
bfiggins23,4677,2024-01-29,3,
cfrankcom2d,4415,2013-11-20,3,
ccrippin21,813,2015-05-08,3,
cdevaneyc,4695,2019-09-09,4,
egrestie2c,2284,2014-07-03,2,
oaloshkinj,2929,2024-03-27,1,
llangloisi,1071,2015-10-28,1,
dpiatto4,1776,2018-12-19,1,
llangloisi,1174,2023-05-26,4,
lbudibent3,1935,2018-12-12,4,
mmeka,2263,2017-11-28,3,
mgarioch1p,2820,2021-06-05,3,
jmarkos29,2234,2008-03-31,1,
jdellcasa1n,2035,2017-10-19,2,
dayllett1i,3690,2009-03-29,2,
tsowrah1t,2716,2020-11-13,1,
tmusickaw,4763,2013-01-21,3,
dpiatto4,3440,2025-02-06,4,
astoate1c,2616,2013-03-21,3,
msmedmore2n,2124,2015-08-23,2,
cniesel0,2000,2022-02-22,2,
llangloisi,2459,2026-01-16,1,
hseabrocke2m,1893,2015-12-29,4,
mgarioch1p,3482,2013-10-17,4,
jmarkos29,1800,2013-07-03,1,
cyannoni1w,4477,2008-01-04,4,
swilemans,2081,2009-10-22,1,
aeul1o,3191,2015-07-28,3,
ppointon2l,1497,2008-01-13,4,
cdevaneyc,1678,2015-05-18,2,
csedgeworthk,2524,2018-10-01,4,
cosbaldestony,1445,2021-05-13,3,
pkyteley2j,1893,2014-09-19,1,
hseabrocke2m,3370,2009-07-10,4,
ebatchelor22,2683,2017-01-10,2,
thargess27,2551,2022-07-19,2,
jmarkos29,3852,2017-03-06,3,
rbottrellt,562,2026-01-27,2,
sponteq,3107,2020-03-02,1,
afradsonm,4458,2025-08-17,1,
esouthwell2b,120,2022-08-05,4,
sbignell19,1813,2012-10-16,1,
alloydwilliamsa,4489,2019-01-12,2,
jhaslen2e,3312,2012-08-08,3,
cosbaldestony,2439,2012-11-09,3,
rbottrellt,1791,2021-04-19,2,
egrestie2c,2129,2024-11-18,4,
dpiatto4,2455,2020-03-23,3,
jcolyer5,425,2009-12-09,3,
ccockerham8,4372,2021-12-01,3,
jhearsey25,2326,2015-08-16,3,
ccrippin21,3765,2011-01-16,4,
thargess27,3668,2008-08-14,4,
msmedmore2n,2776,2020-07-01,3,
mdampier2q,3892,2015-07-31,4,
ccrippin21,1109,2025-08-02,2,
gtoffolonio,2118,2009-09-11,3,
rbottrellt,3959,2011-12-10,4,
pcolleford2r,4254,2016-10-25,4,
alloydwilliamsa,1710,2023-01-12,4,
aheyward1g,3624,2011-08-14,4,
jdellcasa1n,2905,2025-08-02,2,
jcolyer5,3506,2012-02-10,3,
egrestie2c,3503,2020-07-26,4,
pvicaryn,3825,2013-12-20,3,
jhearsey25,2198,2018-09-04,1,
gtapine,818,2012-12-11,3,
vmuslimf,555,2021-04-29,3,
battwellz,2971,2012-10-18,1,
jhearsey25,2329,2009-08-02,4,
tsowrah1t,2478,2016-03-28,1,
kstammler1m,1642,2009-08-31,4,
egabbatiss2p,4283,2012-11-16,2,
hpoundford2i,1482,2010-01-13,2,
jcolyer5,3677,2022-09-22,3,
vmuslimf,2196,2009-09-27,3,
ccockerham8,1144,2017-04-26,3,
vmuslimf,2541,2023-07-05,4,
ppointon2l,2922,2010-04-17,4,
olechmere1k,2979,2015-08-05,1,
hseabrocke2m,2727,2023-07-02,1,
esouthwell2b,1726,2012-03-13,3,
alloydwilliamsa,2940,2015-11-15,1,
vsecretan1z,818,2016-07-13,1,
mgarioch1p,3219,2012-05-08,1,
onewberryd,3076,2024-02-14,3,
oaloshkinj,1623,2018-08-16,3,
pcolleford2r,3038,2022-01-02,2,
bboobierv,349,2013-10-24,3,
jvasilenko2h,2911,2009-06-16,1,
battwellz,380,2010-03-04,2,
cdevaneyc,3127,2023-11-16,1,
lshattock1e,4288,2021-11-16,3,
glongbottom16,1653,2021-07-03,3,
prosenfelt14,3787,2010-07-15,4,
battwellz,2082,2022-09-29,2,
astoate1c,3875,2016-05-13,1,
cniesel0,3613,2020-08-15,1,
mcharlot12,1137,2021-03-10,2,
fbernon1j,1199,2019-12-29,1,
wdjordjevic1r,4560,2013-10-23,4,
swilemans,1144,2024-03-10,2,
aecclestone1d,1085,2008-12-02,4,
dayllett1i,102,2023-09-17,2,
tfley1q,2057,2017-03-24,4,
pcolleford2r,2389,2021-05-17,1,
lmaxtedg,340,2022-04-23,3,
mmeka,3392,2010-04-02,1,
dayllett1i,3495,2017-12-08,4,
ahorbath1a,706,2022-03-19,3,
ppointon2l,273,2020-01-28,4,
jmonini18,1615,2009-11-15,1,
gbezemer1h,65,2025-10-12,3,
mgarioch1p,2336,2023-02-27,3,
cyannoni1w,1288,2009-02-15,4,
cfrankcom2d,2362,2015-03-26,1,
wdjordjevic1r,429,2015-03-22,2,
jhaslen2e,4087,2016-11-10,1,
apetchell15,836,2013-04-20,2,
jmarkos29,894,2019-10-29,2,
dbruckshaw1l,1332,2009-02-12,2,
knewling1s,1503,2009-06-23,1,
ppointon2l,499,2019-02-14,4,
onewberryd,3495,2012-11-02,2,
lbudibent3,4229,2009-07-25,2,
vmuslimf,4141,2017-05-09,1,
jvasilenko2h,299,2023-02-23,1,
pcolleford2r,2241,2014-12-10,2,
lbudibent3,143,2014-05-22,2,
astoate1c,852,2022-02-24,3,
onewberryd,539,2010-08-15,4,
gtoffolonio,3755,2016-01-26,3,
wleatt2o,774,2008-12-26,3,
lbudibent3,2156,2022-04-19,1,
cyannoni1w,3757,2016-10-16,2,
rwilcott10,4110,2026-02-20,4,
rbottrellt,3923,2010-06-26,2,
knewling1s,2977,2021-02-18,2,
bdundin1f,1003,2014-08-13,4,
rgasgarthu,4670,2012-11-06,2,
xbenion2f,929,2010-09-25,2,
tdundon1,256,2010-04-27,4,
hpoundford2i,2312,2019-07-25,2,
lmaxtedg,1098,2011-01-04,3,
sbignell19,4174,2008-05-27,2,
cfrankcom2d,4335,2011-10-20,4,
ssparshettb,4299,2017-01-21,2,
afradsonm,1043,2017-04-06,2,
ahorbath1a,206,2016-11-20,3,
fbernon1j,776,2012-03-13,2,
sbignell19,3804,2024-04-14,4,
tdundon1,1395,2008-01-18,1,
llangloisi,2025,2021-08-18,4,
cniesel0,4731,2025-09-23,4,
fscreech6,628,2013-12-14,4,
pkyteley2j,1954,2025-01-28,2,
mdampier2q,2453,2010-06-23,1,
egrestie2c,1193,2012-06-21,4,
gtoffolonio,3337,2015-03-08,1,
dayllett1i,4049,2008-02-22,2,
cosbaldestony,2236,2019-08-25,3,
rrosten1x,1046,2022-02-21,4,
olechmere1k,2523,2018-03-14,2,
tdundon1,4232,2017-01-09,4,
esouthwell2b,2716,2019-04-25,4,
hseabrocke2m,3849,2018-10-29,3,
ashenton26,9,2018-03-25,2,
alloydwilliamsa,562,2018-05-19,1,
aeul1o,3010,2021-05-07,3,
avasechkin2g,3512,2019-12-02,3,
rrosten1x,2823,2018-12-17,3,
wdjordjevic1r,3724,2021-01-15,3,
ssimoes2a,1755,2015-07-04,1,
ebatchelor22,943,2010-04-08,2,
egrestie2c,4191,2018-02-27,3,
bdundin1f,2410,2009-10-20,4,
wleatt2o,4106,2025-08-03,3,
alloydwilliamsa,2953,2022-08-07,2,
rtwitchings9,2295,2025-10-30,1,
pvicaryn,4652,2021-05-23,1,
wdjordjevic1r,2933,2011-06-10,3,
lshattock1e,4056,2015-05-27,4,
ebatchelor22,4586,2023-01-28,3,
mcharlot12,2995,2018-08-30,2,
pvicaryn,4587,2008-11-22,2,
apetchell15,3966,2022-10-31,4,
ebatchelor22,331,2016-02-19,2,
tpaulino2,4065,2019-03-25,2,
avasechkin2g,1305,2014-03-05,2,
swilemans,2226,2019-07-29,3,
rgasgarthu,3831,2009-11-19,1,
elivingstonep,2454,2024-02-02,3,
lbudibent3,161,2014-04-25,2,
jmonini18,1267,2020-06-19,1,
daleksidzer,3920,2014-01-28,1,
battwellz,2231,2017-04-10,3,
csedgeworthk,3712,2013-05-27,3,
ppointon2l,4604,2019-02-05,3,
egrestie2c,1285,2017-07-19,3,
daleksidzer,2983,2018-03-04,4,
jmonini18,1633,2012-10-29,2,
rfoulis13,4020,2022-11-23,4,
wdjordjevic1r,4634,2018-02-28,2,
rtwitchings9,3987,2013-06-10,3,
rtwitchings9,4120,2013-06-12,3,
csedgeworthk,48,2008-03-29,1,
vsecretan1z,1398,2017-05-11,4,
garonovich1v,217,2024-08-25,1,
llangloisi,2917,2017-01-26,2,
glongbottom16,3867,2026-03-01,3,
tdundon1,3367,2011-10-11,2,
mromandl,839,2023-08-15,2,
rgasgarthu,3371,2011-06-24,2,
ssparshettb,3527,2009-05-09,3,
cosbaldestony,2159,2025-12-13,2,
rgasgarthu,3739,2019-10-23,2,
olechmere1k,2158,2010-10-08,4,
tdundon1,3040,2011-12-17,3,
lbudibent3,587,2021-11-01,2,
ssparshettb,136,2024-09-20,3,
hseabrocke2m,4799,2022-05-19,3,
hseabrocke2m,162,2022-05-27,1,
bdundin1f,3081,2026-03-02,4,
avasechkin2g,4006,2009-11-15,4,
pvicaryn,1758,2010-12-30,1,
hseabrocke2m,2329,2015-05-07,4,
apetchell15,655,2009-06-08,1,
apetchell15,3710,2020-08-04,3,
gtapine,3984,2011-01-01,1,
pkyteley2j,2703,2009-10-21,2,
knewling1s,2162,2017-10-26,1,
vmuslimf,3881,2023-09-04,4,
ssparshettb,1463,2021-04-08,3,
marnaez24,880,2015-01-21,4,
dpiatto4,2420,2024-01-29,3,
mvasseh,3453,2011-10-22,3,
ccockerham8,1085,2021-03-17,3,
alloydwilliamsa,2501,2015-10-05,2,
mvasseh,4102,2011-07-14,2,
knewling1s,3837,2020-01-20,2,
aheyward1g,72,2016-11-12,1,
ccrippin21,1983,2009-03-03,4,
mdampier2q,3612,2020-08-31,1,
ppointon2l,3243,2025-12-08,4,
mvasseh,1993,2024-02-17,4,
gtoffolonio,311,2014-09-12,1,
jhearsey25,2038,2008-01-30,1,
dpiatto4,4025,2008-03-05,3,
afradsonm,1808,2021-03-25,4,
ccockerham8,4761,2010-03-14,3,
jhearsey25,787,2009-08-10,4,
wleatt2o,3046,2008-09-22,4,
msmedmore2n,4544,2014-01-08,4,
alloydwilliamsa,1908,2023-11-23,2,
rgasgarthu,2268,2024-03-12,1,
apetchell15,1307,2019-02-24,1,
jmonini18,551,2010-01-01,1,
lbudibent3,1828,2026-01-04,2,
alloydwilliamsa,3133,2022-07-28,1,
dsiene2k,4749,2012-10-08,2,
ahorbath1a,4602,2018-11-16,1,
mvasseh,3439,2013-04-03,2,
dayllett1i,242,2008-08-21,2,
cschild1y,4372,2023-12-30,4,
egabbatiss2p,1778,2019-07-01,2,
jmccarterx,1522,2010-12-12,1,
jcolyer5,1338,2011-03-11,3,
lbudibent3,3872,2014-10-26,1,
jvasilenko2h,2113,2023-04-04,1,
apetchell15,1346,2010-02-09,4,
rrosten1x,1142,2022-05-03,2,
astoate1c,1938,2019-04-03,1,
avasechkin2g,3203,2009-11-07,1,
pkyteley2j,2426,2023-09-09,1,
vsecretan1z,2934,2025-07-10,1,
pcolleford2r,4214,2013-02-21,1,
elivingstonep,4120,2021-06-03,4,
csedgeworthk,2446,2023-07-04,4,
hseabrocke2m,4621,2009-04-30,2,
tpaulino2,3867,2026-01-08,1,
jmarkos29,1789,2020-05-14,4,
cdevaneyc,1894,2024-11-27,1,
ccrippin21,4418,2021-05-23,4,
rfoulis13,2212,2015-09-20,2,
jhaslen2e,945,2013-09-09,3,
wleatt2o,4425,2008-05-14,3,
gtoffolonio,2902,2021-08-11,3,
dayllett1i,883,2018-09-10,3,
gtoffolonio,259,2011-09-30,1,
aheyward1g,2433,2022-07-18,4,
rbottrellt,1479,2019-03-04,2,
swilemans,2273,2022-01-23,4,
apetchell15,4237,2014-12-10,4,
gseadon28,3238,2014-10-03,4,
ccrippin21,715,2022-05-05,4,
gtoffolonio,835,2015-12-23,4,
knewling1s,2217,2021-03-16,3,
wleatt2o,635,2023-09-07,2,
jdellcasa1n,3613,2022-01-08,2,
xbenion2f,4764,2018-12-14,3,
cwaszkiewicz1u,3207,2014-06-27,3,
dsiene2k,4611,2025-10-19,2,
csedgeworthk,459,2013-11-07,4,
mgarioch1p,960,2015-11-09,2,
dpiatto4,3825,2013-01-01,1,
marnaez24,113,2015-10-07,4,
mgarioch1p,2682,2013-08-12,3,
knewling1s,2853,2021-08-14,3,
onewberryd,1452,2021-09-04,2,
vsecretan1z,123,2016-08-19,3,
ppointon2l,1791,2015-06-19,4,
lconaboy11,395,2009-10-26,2,
fbernon1j,1520,2023-06-18,1,
cwaszkiewicz1u,4406,2021-04-08,1,
ppointon2l,1355,2025-04-21,3,
cniesel0,1417,2017-08-04,1,
marnaez24,2479,2014-09-15,2,
garonovich1v,1494,2009-09-17,1,
xbenion2f,4000,2013-10-08,3,
knewling1s,2481,2013-12-21,2,
bdundin1f,4375,2017-04-28,4,
mgarioch1p,2216,2019-02-17,2,
onewberryd,2722,2014-05-05,4,
jmccarterx,2137,2013-11-05,4,
marnaez24,3692,2023-07-17,4,
sbignell19,4296,2012-05-17,2,
jmonini18,2770,2013-08-26,1,
garonovich1v,1821,2024-01-12,1,
dbruckshaw1l,3708,2020-11-09,2,
dpiatto4,1667,2026-01-22,3,
tfley1q,1198,2014-05-26,1,
jhearsey25,3347,2017-01-28,2,
mcharlot12,4774,2023-07-24,3,
mgarioch1p,1966,2013-12-05,1,
lmaxtedg,4357,2026-02-05,3,
ksmedley1b,2364,2019-09-26,3,
aecclestone1d,4318,2019-03-04,3,
jdellcasa1n,1866,2022-05-16,2,
jvasilenko2h,4115,2024-08-27,2,
jhaslen2e,2953,2018-04-08,4,
oaloshkinj,1746,2023-12-08,3,
aheyward1g,631,2012-07-25,2,
vmuslimf,2401,2023-10-02,4,
tpaulino2,80,2013-02-14,1,
tdundon1,1348,2017-12-03,1,
pvicaryn,374,2015-06-11,1,
pvicaryn,2285,2016-11-15,3,
rwilcott10,3715,2016-01-03,2,
vsecretan1z,508,2014-12-21,3,
cfrankcom2d,3456,2024-01-02,3,
thargess27,4250,2011-01-17,1,
jhearsey25,4634,2017-04-28,3,
swilemans,1225,2025-04-15,1,
mwhitnell7,2400,2008-01-07,1,
marnaez24,3873,2012-04-11,4,
mgarioch1p,1446,2023-08-19,1,
llangloisi,1189,2024-04-28,4,
cfrankcom2d,2550,2011-03-17,4,
vsecretan1z,577,2020-10-14,4,
cschild1y,3460,2019-12-17,3,
marnaez24,1589,2016-08-30,4,
fbernon1j,1276,2008-11-05,3,
oaloshkinj,1154,2022-01-13,2,
prosenfelt14,885,2025-03-18,2,
egabbatiss2p,1233,2016-06-23,2,
esouthwell2b,2211,2014-10-28,1,
vsecretan1z,1996,2025-01-23,4,
tfley1q,2673,2016-05-05,1,
astoate1c,928,2019-09-29,4,
hseabrocke2m,1274,2014-02-07,1,
hseabrocke2m,4324,2017-08-08,1,
aecclestone1d,3838,2022-07-09,2,
ebatchelor22,794,2025-09-23,2,
msmedmore2n,2403,2011-06-01,3,
aheyward1g,2892,2008-03-14,2,
ccrippin21,2965,2026-03-01,4,
gseadon28,342,2019-12-09,2,
rrosten1x,2249,2021-08-17,1,
aeul1o,3687,2011-08-22,3,
onewberryd,2805,2008-10-26,3,
csedgeworthk,2328,2023-07-22,1,
jcolyer5,1482,2020-04-28,3,
rtwitchings9,3709,2020-10-31,2,
jmccarterx,3399,2022-09-12,2,
tlowden17,4670,2024-04-03,4,
vsecretan1z,1020,2021-04-22,3,
cfrankcom2d,111,2009-07-04,1,
olechmere1k,2591,2012-02-12,1,
avasechkin2g,1727,2015-02-11,1,
mgarioch1p,4143,2021-12-08,3,
alloydwilliamsa,1808,2023-04-16,3,
cwaszkiewicz1u,3451,2018-09-17,3,
ksmedley1b,3646,2013-12-29,2,
wdjordjevic1r,2067,2016-10-23,1,
tmusickaw,3464,2011-05-22,4,
dayllett1i,3032,2022-05-02,2,
tlowden17,2349,2025-01-22,1,
onewberryd,2158,2024-11-02,4,
knewling1s,4250,2011-03-27,2,
jhearsey25,3078,2013-05-31,2,
msmedmore2n,1223,2020-02-10,1,
rrosten1x,282,2015-08-24,3,
jcolyer5,3768,2020-06-15,4,
afradsonm,2679,2013-09-16,1,
bdundin1f,548,2009-10-28,2,
xbenion2f,1964,2010-07-16,1,
hseabrocke2m,1140,2008-11-10,4,
sponteq,3501,2019-07-30,3,
ccrippin21,3148,2026-03-20,3,
wdjordjevic1r,3321,2013-01-19,4,
cschild1y,2349,2016-08-05,2,
ccrippin21,1322,2012-01-17,3,
knewling1s,2092,2022-08-19,1,
dayllett1i,4395,2023-03-07,2,
tpaulino2,438,2019-05-11,1,
swilemans,3986,2013-07-31,3,
aeul1o,1940,2020-09-22,4,
mmeka,4232,2026-01-19,4,
ccockerham8,4584,2021-03-30,1,
pcolleford2r,24,2011-10-03,3,
llangloisi,3683,2011-08-10,2,
jhaslen2e,1213,2015-03-22,1,
aheyward1g,2676,2012-03-13,4,
vsecretan1z,1396,2015-11-02,4,
llangloisi,168,2022-11-16,3,
astoate1c,3457,2011-03-11,1,
tfley1q,3336,2020-02-07,3,
hpoundford2i,3766,2022-04-03,3,
ebatchelor22,20,2013-08-22,2,
rgasgarthu,2871,2018-04-07,4,
ahorbath1a,911,2013-12-03,3,
bboobierv,2080,2024-10-24,2,
mgarioch1p,2477,2009-06-22,2,
cyannoni1w,4448,2021-05-13,4,
egabbatiss2p,2104,2018-01-09,3,
dbruckshaw1l,1427,2012-05-04,4,
bfiggins23,1373,2014-05-31,3,
rbottrellt,1322,2020-12-13,3,
alloydwilliamsa,3942,2019-01-12,3,
ahorbath1a,4094,2012-04-20,3,
mcharlot12,2738,2012-01-05,2,
xbenion2f,659,2023-01-19,4,
ashenton26,1449,2024-03-11,4,
llangloisi,2567,2019-02-21,2,
hpoundford2i,1394,2009-03-23,4,
cschild1y,814,2017-05-05,2,
egrestie2c,3807,2020-09-23,4,
vsecretan1z,1290,2023-06-21,3,
lbudibent3,3446,2016-05-06,2,
tsowrah1t,2543,2025-08-29,4,
rtwitchings9,3213,2023-02-13,4,
vsecretan1z,2913,2022-04-26,3,
gtapine,2931,2015-04-22,1,
pvicaryn,4655,2019-09-07,2,
astoate1c,617,2020-10-31,1,
egrestie2c,2456,2019-01-01,1,
cniesel0,4580,2016-10-08,1,
ksmedley1b,2668,2016-12-14,4,
tmusickaw,1924,2025-02-01,4,
ccrippin21,2551,2020-07-03,1,
lconaboy11,2189,2022-12-13,3,
gbezemer1h,201,2010-04-21,1,
jmccarterx,2447,2011-11-07,3,
dayllett1i,4678,2017-01-11,3,
ppointon2l,2846,2020-05-17,1,
mvasseh,627,2021-04-30,2,
mromandl,4044,2021-04-10,1,
jdellcasa1n,46,2014-07-08,1,
afradsonm,1520,2012-08-12,3,
battwellz,3316,2026-03-10,3,
jmccarterx,2982,2016-07-29,2,
ksmedley1b,69,2015-06-23,1,
fbernon1j,3108,2018-02-16,1,
egabbatiss2p,3919,2023-11-01,1,
xbenion2f,1493,2013-03-01,3,
ahorbath1a,3810,2013-10-25,4,
pcolleford2r,896,2026-04-19,1,
ksmedley1b,2911,2016-10-22,3,
pkyteley2j,3558,2010-05-07,1,
gseadon28,4089,2020-04-07,2,
bdundin1f,4407,2008-12-03,2,
dayllett1i,4041,2012-12-03,3,
ahorbath1a,4338,2023-10-16,2,
knewling1s,274,2011-03-27,3,
dayllett1i,3733,2014-08-16,1,
mgarioch1p,3454,2014-06-23,1,
marnaez24,3266,2021-12-23,1,
alloydwilliamsa,2791,2023-01-20,4,
lshattock1e,1657,2016-09-10,2,
aeul1o,1218,2011-02-25,2,
cfrankcom2d,3248,2017-04-17,1,
mvasseh,1053,2018-07-17,1,
mvasseh,3188,2023-01-21,4,
fbernon1j,3097,2012-03-29,4,
aecclestone1d,876,2009-07-04,3,
sbignell19,3278,2010-11-28,3,
marnaez24,1491,2010-05-25,4,
tpaulino2,3334,2023-05-21,2,
elivingstonep,4308,2018-06-16,4,
tpaulino2,1847,2019-10-16,4,
rrosten1x,1938,2015-10-15,3,
cfrankcom2d,3679,2020-01-07,4,
jcolyer5,2126,2020-02-12,3,
mwhitnell7,2403,2022-11-07,1,
rbottrellt,1715,2015-10-24,2,
olechmere1k,4760,2008-07-22,2,
rtwitchings9,2816,2024-12-02,2,
pvicaryn,4371,2012-08-01,2,
garonovich1v,328,2008-05-04,4,
marnaez24,3087,2025-11-04,2,
tdundon1,2859,2015-03-05,1,
aecclestone1d,1876,2013-01-22,2,
tlowden17,3784,2013-04-26,4,
bfiggins23,4160,2020-09-21,1,
vmuslimf,1743,2019-05-27,4,
jhaslen2e,2175,2009-12-28,3,
glongbottom16,2456,2018-05-27,3,
bboobierv,451,2013-05-06,2,
olechmere1k,514,2018-09-03,2,
egabbatiss2p,663,2022-04-25,1,
jdellcasa1n,1227,2019-07-05,1,
jmonini18,3521,2021-08-21,4,
elivingstonep,3065,2012-01-01,2,
garonovich1v,1814,2010-05-13,2,
fbernon1j,2503,2019-03-26,4,
ebatchelor22,4767,2024-07-03,4,
cschild1y,397,2020-08-05,2,
mvasseh,2692,2010-07-09,4,
kstonestreet20,1004,2008-08-27,4,
hpoundford2i,60,2021-10-05,1,
esouthwell2b,395,2022-12-21,1,
cyannoni1w,4294,2017-01-23,4,
jmarkos29,2483,2009-10-23,4,
gbezemer1h,1986,2012-09-27,3,
mcharlot12,1300,2010-12-07,2,
cfrankcom2d,4344,2021-08-31,2,
gtapine,2056,2017-06-01,1,
vsecretan1z,2498,2011-10-01,1,
msmedmore2n,3399,2015-11-27,4,
fbernon1j,2017,2022-05-02,1,
knewling1s,3022,2016-08-27,2,
battwellz,3866,2021-06-07,2,
lconaboy11,4404,2017-08-13,4,
tlowden17,3233,2025-11-05,1,
rgasgarthu,4398,2016-08-24,3,
cniesel0,1335,2013-07-03,4,
rbottrellt,2105,2018-08-18,1,
gtoffolonio,1720,2022-07-08,2,
lconaboy11,1710,2020-08-22,1,
fbernon1j,746,2021-07-01,4,
kstonestreet20,673,2020-01-23,2,
rbottrellt,2732,2015-04-10,4,
kstonestreet20,1999,2010-07-30,4,
tsowrah1t,1989,2023-07-24,1,
mcharlot12,2100,2018-02-17,2,
fbernon1j,71,2014-05-30,4,
dbruckshaw1l,1754,2020-11-19,4,
rgasgarthu,4263,2025-06-10,3,
jcolyer5,3436,2025-01-05,4,
pcolleford2r,386,2018-02-24,2,
cdevaneyc,3591,2022-08-26,1,
rtwitchings9,3621,2018-01-21,4,
hpoundford2i,812,2018-01-30,1,
mvasseh,3491,2026-01-17,4,
aheyward1g,305,2010-01-28,1,
astoate1c,3346,2017-07-30,2,
marnaez24,2897,2017-07-19,2,
esouthwell2b,4450,2008-06-19,3,
dbruckshaw1l,3652,2025-11-10,2,
mdampier2q,4396,2016-02-01,1,
bfiggins23,3944,2012-05-23,2,
astoate1c,816,2008-03-09,1,
ashenton26,1791,2011-12-30,4,
dbruckshaw1l,2750,2008-08-11,3,
tsowrah1t,17,2021-04-18,3,
ccockerham8,2766,2020-01-14,1,
dbruckshaw1l,3245,2018-02-19,2,
bdundin1f,4679,2020-07-15,4,
daleksidzer,3203,2014-08-25,2,
cwaszkiewicz1u,2065,2013-08-29,4,
avasechkin2g,1944,2024-02-21,1,
mvasseh,2718,2009-06-04,2,
rrosten1x,3834,2026-03-17,4,
alloydwilliamsa,4670,2025-11-21,1,
ebatchelor22,4441,2015-01-28,4,
dayllett1i,3994,2008-09-28,1,
egabbatiss2p,4765,2024-12-11,3,
lshattock1e,3448,2019-02-08,2,
csedgeworthk,3455,2010-05-13,4,
dsiene2k,2967,2024-05-08,2,
jdellcasa1n,1137,2021-11-22,4,
aheyward1g,4261,2024-09-02,1,
jcolyer5,586,2015-04-21,2,
knewling1s,4598,2016-04-05,1,
cschild1y,8,2022-03-09,3,
battwellz,2857,2013-03-12,3,
aeul1o,229,2016-05-24,2,
tpaulino2,4487,2020-11-25,3,
mmeka,3698,2011-05-03,4,
hseabrocke2m,790,2016-10-01,4,
glongbottom16,3589,2020-12-06,3,
lshattock1e,2661,2019-02-17,3,
gtoffolonio,535,2022-04-16,3,
sbignell19,2166,2024-07-11,2,
bdundin1f,2086,2014-07-06,4,
aecclestone1d,2182,2021-08-18,4,
wdjordjevic1r,4060,2018-03-30,2,
jhaslen2e,2776,2019-07-04,3,
ccockerham8,638,2010-10-15,1,
hseabrocke2m,1927,2016-01-31,3,
kstammler1m,2097,2008-05-04,1,
prosenfelt14,874,2011-01-24,3,
cosbaldestony,3229,2024-06-28,4,
ssimoes2a,4669,2018-02-19,4,
afradsonm,836,2010-08-02,3,
knewling1s,3634,2017-03-01,4,
ashenton26,1183,2024-01-03,4,
tpaulino2,3722,2024-01-05,1,
battwellz,4775,2010-04-12,1,
swilemans,1759,2011-10-17,2,
gtapine,558,2009-06-01,3,
elivingstonep,855,2014-08-30,2,
pcolleford2r,3509,2009-07-23,1,
kstammler1m,1125,2011-06-05,2,
cdevaneyc,605,2015-03-17,1,
gtapine,3137,2013-01-05,1,
swilemans,3768,2014-01-08,3,
mcharlot12,3604,2016-08-03,4,
kstammler1m,378,2014-03-20,3,
onewberryd,1662,2016-06-25,2,
cniesel0,2837,2024-05-31,2,
apetchell15,2636,2009-12-16,1,
ppointon2l,2604,2023-03-06,1,
apetchell15,2375,2018-09-14,1,
mdampier2q,2522,2020-12-19,1,
esouthwell2b,2981,2020-03-31,4,
knewling1s,25,2020-06-09,4,
cdevaneyc,1273,2017-12-21,4,
cdevaneyc,2829,2009-09-19,2,
alloydwilliamsa,4329,2025-09-10,2,
alloydwilliamsa,4050,2014-04-06,1,
lshattock1e,2016,2021-07-28,3,
prosenfelt14,1400,2008-11-08,3,
rwilcott10,4772,2016-09-29,1,
mcharlot12,879,2022-02-01,4,
ashenton26,104,2022-05-21,1,
rrosten1x,3197,2018-10-13,1,
gseadon28,1378,2024-06-16,3,
ashenton26,4606,2021-07-27,2,
knewling1s,4524,2014-02-26,4,
elivingstonep,4491,2015-10-28,4,
avasechkin2g,2472,2025-07-03,1,
thargess27,2851,2014-05-28,4,
jmccarterx,1246,2013-04-20,1,
afradsonm,2060,2014-05-31,3,
mromandl,266,2016-07-10,2,
mgarioch1p,3809,2010-10-14,1,
cniesel0,755,2019-11-01,1,
alloydwilliamsa,1965,2015-01-18,3,
mmeka,3339,2015-04-13,3,
tdundon1,3441,2019-05-29,4,
ksmedley1b,2388,2009-09-07,1,
mvasseh,2833,2019-12-18,2,
vmuslimf,1033,2021-10-25,3,
hpoundford2i,4542,2016-10-30,1,
cwaszkiewicz1u,3617,2020-02-28,1,
lbudibent3,589,2023-03-27,4,
pcolleford2r,442,2012-08-29,1,
cyannoni1w,1230,2013-03-27,3,
cdevaneyc,649,2023-09-07,2,
sponteq,2748,2023-11-11,3,
bdundin1f,3648,2024-11-01,2,
tlowden17,3029,2019-06-07,3,
ksmedley1b,2517,2024-05-18,1,
bboobierv,2833,2019-08-11,4,
ppointon2l,3316,2022-06-20,4,
ahorbath1a,1856,2021-12-09,4,
jcolyer5,118,2015-02-13,1,
bfiggins23,1739,2012-07-04,1,
ahorbath1a,3470,2019-10-15,2,
msmedmore2n,3799,2014-02-10,4,
gtapine,3289,2025-06-15,2,
ebatchelor22,2676,2023-10-25,3,
ksmedley1b,2087,2021-07-04,4,
apetchell15,3614,2020-07-20,3,
jhaslen2e,1576,2020-08-08,1,
aheyward1g,69,2011-11-23,4,
jhearsey25,4119,2017-04-30,1,
jvasilenko2h,1847,2014-02-28,4,
ksmedley1b,1623,2025-05-03,1,
lconaboy11,3605,2014-04-02,3,
wdjordjevic1r,4155,2016-09-18,4,
fscreech6,2389,2025-10-04,1,
lshattock1e,4325,2017-11-23,2,
kstonestreet20,2392,2012-05-07,3,
jdellcasa1n,3236,2014-04-18,4,
aeul1o,1699,2012-03-26,1,
jhearsey25,1452,2019-11-30,3,
fbernon1j,2986,2017-11-04,3,
pcolleford2r,2868,2025-08-19,2,
thargess27,1668,2017-09-19,4,
ccrippin21,1054,2018-05-30,2,
gtapine,259,2019-11-30,2,
fbernon1j,4194,2024-08-29,3,
mmeka,2465,2012-10-05,1,
msmedmore2n,1567,2017-03-27,4,
jvasilenko2h,4739,2013-11-12,4,
thargess27,469,2021-11-15,2,
bfiggins23,4552,2020-03-07,3,
jmonini18,1164,2012-01-27,3,
lmaxtedg,2434,2025-01-22,3,
hseabrocke2m,3673,2021-09-02,3,
jdellcasa1n,644,2023-02-03,1,
cschild1y,998,2018-02-27,3,
llangloisi,4529,2014-08-01,1,
dsiene2k,2068,2018-10-29,1,
cfrankcom2d,4606,2021-10-13,2,
vsecretan1z,3148,2019-09-24,1,
tlowden17,2430,2011-01-16,3,
vsecretan1z,267,2021-04-08,2,
aeul1o,4465,2020-09-18,3,
aeul1o,2667,2019-07-30,2,
egabbatiss2p,2387,2024-04-19,2,
dsiene2k,3813,2020-02-18,4,
rfoulis13,3749,2023-06-17,4,
tlowden17,4327,2009-09-23,1,
kstammler1m,4460,2026-01-18,3,
lconaboy11,2418,2009-08-20,1,
cwaszkiewicz1u,3638,2017-07-17,2,
rgasgarthu,4756,2021-04-15,3,
fscreech6,3310,2012-10-01,4,
hseabrocke2m,3318,2019-05-26,4,
ksmedley1b,979,2008-01-01,2,
ssimoes2a,4044,2008-11-06,2,
daleksidzer,1935,2020-04-24,2,
astoate1c,1203,2013-02-01,3,
gseadon28,694,2024-02-07,2,
olechmere1k,1861,2025-02-11,4,
cwaszkiewicz1u,585,2013-06-10,3,
pvicaryn,3831,2022-11-27,4,
gtoffolonio,2489,2016-05-22,1,
dpiatto4,636,2015-05-08,2,
bfiggins23,2231,2016-10-04,4,
aecclestone1d,3327,2016-11-16,4,
prosenfelt14,2241,2011-05-02,2,
llangloisi,3930,2012-02-23,1,
dpiatto4,3084,2013-11-08,1,
mmeka,3992,2015-11-21,1,
jhearsey25,195,2012-08-24,3,
fscreech6,2059,2015-03-21,4,
garonovich1v,3621,2009-06-02,4,
jdellcasa1n,1310,2010-02-02,1,
gtapine,2843,2019-09-07,3,
sponteq,1260,2025-11-21,4,
lshattock1e,375,2013-11-15,2,
jmarkos29,2029,2016-09-29,4,
rrosten1x,2104,2010-12-03,3,
thargess27,2843,2015-08-10,1,
tdundon1,2674,2016-11-20,2,
knewling1s,3219,2015-04-09,4,
gtoffolonio,2551,2016-04-06,1,
bdundin1f,4183,2012-01-06,4,
gtoffolonio,3225,2011-03-05,3,
hpoundford2i,4758,2023-07-06,3,
lbudibent3,55,2011-08-17,2,
lshattock1e,4656,2016-01-01,2,
ssparshettb,3474,2017-01-16,4,
tlowden17,3752,2017-02-20,4,
hpoundford2i,1716,2022-08-05,2,
marnaez24,428,2008-05-28,4,
sponteq,450,2018-01-29,3,
rrosten1x,1205,2016-10-04,1,
ahorbath1a,3072,2009-01-14,3,
afradsonm,3398,2017-07-23,2,
gtoffolonio,3938,2014-01-27,3,
afradsonm,3198,2012-05-11,4,
bboobierv,4130,2009-10-05,4,
jhaslen2e,2632,2016-06-30,1,
tpaulino2,3748,2021-05-12,2,
msmedmore2n,1356,2016-04-26,3,
ksmedley1b,3704,2022-08-10,3,
garonovich1v,3086,2013-03-07,3,
thargess27,4154,2011-02-22,4,
ccrippin21,1311,2024-11-15,1,
ebatchelor22,1400,2010-12-05,2,
ppointon2l,2715,2016-05-13,2,
pkyteley2j,596,2011-06-29,2,
vsecretan1z,2582,2013-06-19,2,
lbudibent3,4142,2023-03-08,4,
jhearsey25,3111,2009-08-20,2,
aecclestone1d,585,2008-02-24,4,
alloydwilliamsa,2484,2015-11-22,3,
tfley1q,733,2014-06-06,4,
egrestie2c,1336,2009-08-01,4,
tlowden17,4535,2023-10-29,4,
xbenion2f,779,2018-12-21,2,
fscreech6,1899,2016-08-29,1,
mwhitnell7,4139,2023-05-25,4,
lconaboy11,4144,2010-12-22,3,
sponteq,2359,2012-10-13,1,
bfiggins23,512,2022-01-15,1,
olechmere1k,925,2018-02-28,3,
lbudibent3,4543,2020-05-14,3,
gbezemer1h,4427,2011-06-01,3,
alloydwilliamsa,3703,2013-06-30,3,
jcolyer5,596,2016-03-30,3,
wdjordjevic1r,1606,2019-10-03,3,
knewling1s,3617,2008-05-01,1,
cniesel0,2520,2016-03-10,3,
avasechkin2g,2947,2015-12-12,1,
rbottrellt,3099,2009-11-09,3,
xbenion2f,3124,2016-02-02,3,
cyannoni1w,751,2012-09-30,1,
fscreech6,4677,2011-02-05,1,
dsiene2k,2104,2010-12-21,2,
glongbottom16,4507,2025-09-08,4,
lmaxtedg,3843,2022-05-25,2,
tdundon1,1101,2023-11-22,1,
gtoffolonio,1017,2009-06-11,4,
gseadon28,1401,2010-07-13,2,
lbudibent3,3040,2011-04-02,4,
jhaslen2e,3382,2012-09-03,3,
avasechkin2g,1663,2022-04-27,4,
egabbatiss2p,4323,2025-04-05,1,
egabbatiss2p,4099,2013-11-19,3,
dsiene2k,4187,2019-01-02,4,
ssparshettb,979,2016-04-15,1,
garonovich1v,215,2013-09-27,3,
swilemans,3849,2020-01-30,1,
aeul1o,4626,2014-06-28,1,
tsowrah1t,3124,2012-05-08,1,
ccockerham8,4113,2026-04-08,1,
mmeka,1826,2025-10-11,2,
daleksidzer,853,2017-07-23,4,
sbignell19,2035,2009-03-21,1,
battwellz,2034,2012-09-22,3,
bfiggins23,641,2014-10-19,4,
olechmere1k,4364,2019-08-27,2,
aheyward1g,595,2026-04-18,3,
dbruckshaw1l,2049,2016-06-24,4,
tpaulino2,423,2022-08-11,4,
jdellcasa1n,3446,2011-04-12,1,
rfoulis13,3971,2011-12-25,3,
jhearsey25,1473,2010-05-20,3,
jmarkos29,1738,2025-11-09,4,
cosbaldestony,3038,2020-12-21,1,
rrosten1x,2965,2014-12-03,2,
wdjordjevic1r,2660,2009-08-13,2,
glongbottom16,4093,2008-02-13,3,
gseadon28,3818,2014-10-23,4,
esouthwell2b,2580,2015-02-28,1,
rbottrellt,1948,2008-08-11,1,
ccockerham8,4555,2011-12-29,1,
avasechkin2g,4297,2018-11-23,3,
pvicaryn,285,2025-09-19,4,
avasechkin2g,1443,2011-10-10,4,
olechmere1k,3062,2023-01-08,1,
marnaez24,3734,2012-02-25,3,
lmaxtedg,2906,2008-03-15,4,
tdundon1,3548,2025-07-12,3,
llangloisi,130,2018-06-19,3,
cyannoni1w,1923,2017-09-01,1,
egrestie2c,3442,2011-10-28,2,
ssparshettb,3807,2013-03-04,2,
dayllett1i,2126,2019-09-15,3,
aheyward1g,4770,2019-12-13,2,
ssparshettb,3239,2013-08-20,3,
sbignell19,3480,2021-01-06,3,
kstonestreet20,1291,2014-02-27,4,
knewling1s,1255,2026-01-15,1,
oaloshkinj,3480,2013-05-29,2,
cwaszkiewicz1u,568,2014-02-24,4,
swilemans,1150,2016-10-09,2,
jmccarterx,3636,2013-10-25,4,
gbezemer1h,323,2009-12-28,4,
gtapine,2682,2016-03-29,3,
ccrippin21,730,2009-08-29,1,
apetchell15,364,2022-10-03,1,
mdampier2q,4782,2017-08-04,3,
jmccarterx,3738,2015-12-01,4,
sbignell19,1030,2011-10-18,1,
garonovich1v,4637,2012-05-25,1,
lshattock1e,3089,2010-03-16,1,
hseabrocke2m,2005,2014-01-25,4,
afradsonm,3426,2021-11-25,2,
avasechkin2g,3627,2024-07-29,2,
kstammler1m,2491,2014-12-14,4,
mwhitnell7,3761,2015-04-04,4,
sbignell19,1038,2008-12-13,2,
egrestie2c,2371,2014-07-07,2,
rgasgarthu,2715,2012-09-24,2,
kstonestreet20,2577,2011-10-03,2,
mmeka,661,2025-04-24,4,
rfoulis13,3669,2020-10-07,2,
mcharlot12,13,2018-04-04,4,
rtwitchings9,700,2014-05-05,1,
cdevaneyc,4588,2025-12-16,1,
fscreech6,2045,2023-06-25,2,
hseabrocke2m,215,2009-05-05,1,
lmaxtedg,590,2012-12-23,1,
tsowrah1t,765,2015-10-25,1,
cniesel0,4005,2021-05-01,2,
alloydwilliamsa,4675,2020-07-05,1,
hseabrocke2m,805,2011-11-29,1,
dbruckshaw1l,4512,2021-07-06,3,
lconaboy11,1428,2022-04-17,2,
thargess27,4213,2018-01-29,1,
elivingstonep,4497,2026-01-07,1,
ppointon2l,1302,2013-11-12,2,
sbignell19,2844,2008-07-08,2,
rfoulis13,4390,2024-04-04,4,
mmeka,3897,2025-04-13,1,
lbudibent3,4056,2012-12-27,3,
ssimoes2a,3075,2018-07-18,4,
avasechkin2g,573,2016-08-16,1,
tpaulino2,2079,2008-07-21,2,
lmaxtedg,1014,2009-12-28,1,
tdundon1,3507,2008-12-17,1,
alloydwilliamsa,853,2022-09-22,2,
apetchell15,768,2024-07-07,1,
vmuslimf,4311,2013-10-09,4,
dbruckshaw1l,3687,2015-07-22,2,
mromandl,2226,2024-10-27,4,
apetchell15,1324,2024-09-23,1,
hseabrocke2m,2736,2022-10-22,2,
cniesel0,1295,2010-09-14,4,
ahorbath1a,2101,2012-12-02,4,
rbottrellt,3826,2022-09-15,1,
jmarkos29,3871,2009-10-23,4,
cdevaneyc,1248,2023-05-22,4,
dpiatto4,481,2024-03-12,2,
ssparshettb,2970,2017-07-12,1,
sponteq,4250,2014-07-04,4,
ebatchelor22,4380,2015-01-02,4,
hpoundford2i,1655,2024-01-28,2,
rbottrellt,2773,2008-06-04,4,
sponteq,3774,2025-11-11,3,
fbernon1j,2252,2013-07-19,1,
tmusickaw,3869,2015-09-12,1,
astoate1c,3290,2025-01-18,3,
llangloisi,694,2024-11-15,3,
jmonini18,738,2012-02-28,3,
jmarkos29,4794,2022-07-26,1,
dpiatto4,2479,2014-01-16,2,
bdundin1f,3144,2023-07-17,1,
cdevaneyc,65,2019-10-24,4,
mdampier2q,2007,2018-04-05,4,
mmeka,3321,2019-07-24,3,
jhaslen2e,3314,2016-09-12,1,
alloydwilliamsa,587,2021-04-22,1,
jhearsey25,2927,2011-08-09,3,
ssparshettb,1310,2015-01-03,2,
ssparshettb,2178,2010-08-13,2,
swilemans,989,2014-08-24,2,
gtoffolonio,870,2023-06-25,3,
kstonestreet20,1141,2015-08-07,1,
jmccarterx,471,2014-06-01,4,
ebatchelor22,2869,2008-11-06,2,
gseadon28,97,2019-03-31,1,
onewberryd,1523,2008-05-01,1,
gtapine,3449,2010-07-26,4,
daleksidzer,1510,2011-10-03,2,
xbenion2f,843,2018-05-28,1,
ssparshettb,2732,2010-07-12,4,
mdampier2q,4440,2015-10-04,1,
gtoffolonio,3732,2021-07-16,3,
cosbaldestony,1536,2025-05-07,4,
cschild1y,2622,2012-10-05,3,
wleatt2o,387,2013-01-17,3,
msmedmore2n,4311,2016-06-18,1,
xbenion2f,980,2024-07-14,3,
ebatchelor22,1447,2021-05-12,2,
pkyteley2j,2134,2025-05-03,4,
xbenion2f,533,2018-02-01,2,
lshattock1e,3675,2021-12-13,1,
afradsonm,2480,2019-10-01,3,
jcolyer5,1517,2009-03-26,3,
bdundin1f,3060,2012-10-21,4,
lmaxtedg,354,2021-08-31,3,
mvasseh,4708,2024-09-30,1,
ashenton26,125,2008-08-21,4,
glongbottom16,2914,2019-09-01,3,
marnaez24,3217,2011-01-12,3,
oaloshkinj,266,2020-08-24,3,
oaloshkinj,1627,2016-05-27,2,
egabbatiss2p,1426,2009-01-27,2,
ccockerham8,1182,2011-08-26,4,
hseabrocke2m,539,2017-03-06,3,
jmonini18,2243,2014-12-02,4,
mmeka,2561,2009-01-25,1,
hseabrocke2m,2846,2024-06-18,2,
xbenion2f,2792,2020-03-24,2,
astoate1c,2136,2026-04-17,3,
jvasilenko2h,1002,2024-04-23,1,
ashenton26,1544,2018-04-30,1,
lbudibent3,3865,2012-09-19,2,
msmedmore2n,2092,2016-03-29,3,
esouthwell2b,3538,2025-10-17,2,
cniesel0,1809,2019-08-16,4,
egabbatiss2p,1086,2025-07-28,3,
rbottrellt,3743,2017-10-23,1,
aheyward1g,3507,2015-08-06,1,
prosenfelt14,1216,2024-04-30,1,
onewberryd,3346,2012-03-06,3,
jvasilenko2h,1628,2021-10-09,1,
kstonestreet20,1581,2021-01-01,3,
msmedmore2n,502,2012-05-10,4,
afradsonm,4606,2014-11-07,2,
rfoulis13,3524,2021-09-01,4,
jcolyer5,1615,2014-12-05,3,
cniesel0,579,2012-09-27,4,
aeul1o,4458,2012-04-10,3,
onewberryd,4642,2020-05-05,3,
knewling1s,2407,2025-11-15,4,
cosbaldestony,2399,2012-07-31,4,
gseadon28,4571,2018-01-30,2,
lconaboy11,719,2014-01-29,1,
jvasilenko2h,3581,2008-09-17,1,
ssparshettb,2310,2018-12-27,4,
aeul1o,4667,2012-12-29,4,
gtapine,3109,2018-09-15,3,
tmusickaw,3728,2010-06-21,4,
jvasilenko2h,137,2010-06-22,3,
knewling1s,2055,2011-08-23,1,
lconaboy11,431,2024-05-01,2,
csedgeworthk,3285,2008-11-29,4,
cfrankcom2d,144,2012-06-10,1,
lshattock1e,3973,2024-03-09,3,
xbenion2f,2905,2018-11-09,3,
daleksidzer,2405,2016-08-05,2,
egrestie2c,906,2022-02-02,4,
sponteq,4602,2023-01-14,2,
cdevaneyc,1993,2015-08-02,2,
rrosten1x,3814,2024-07-12,2,
ccockerham8,3601,2014-04-10,1,
cschild1y,4141,2010-02-06,2,
hseabrocke2m,1136,2008-09-21,2,
wdjordjevic1r,2921,2016-10-07,3,
pvicaryn,15,2024-05-20,2,
daleksidzer,534,2019-11-02,2,
aeul1o,4141,2012-08-02,4,
kstammler1m,835,2016-09-17,4,
wleatt2o,772,2012-10-04,2,
bdundin1f,3206,2018-11-12,2,
mdampier2q,4272,2014-10-09,3,
tlowden17,1381,2025-08-01,3,
ksmedley1b,3855,2020-11-21,3,
marnaez24,3934,2022-01-15,1,
bboobierv,2787,2020-11-16,3,
rwilcott10,738,2020-12-27,4,
tpaulino2,745,2026-03-04,1,
jmarkos29,2514,2015-02-10,3,
ccockerham8,1646,2025-09-01,2,
dayllett1i,2144,2022-04-11,2,
bfiggins23,3723,2008-06-27,3,
rfoulis13,423,2023-10-04,3,
gseadon28,3894,2024-06-20,2,
mromandl,2681,2020-06-14,4,
msmedmore2n,899,2009-04-25,2,
astoate1c,555,2019-09-02,4,
kstonestreet20,4028,2019-06-19,2,
ccockerham8,4750,2020-11-11,2,
ahorbath1a,684,2012-04-08,2,
marnaez24,794,2021-01-17,4,
alloydwilliamsa,3348,2012-11-19,2,
egrestie2c,2593,2022-04-11,4,
wleatt2o,539,2022-08-11,3,
bfiggins23,399,2015-03-11,3,
alloydwilliamsa,703,2013-11-04,3,
garonovich1v,1813,2025-11-04,4,
vsecretan1z,1784,2009-08-22,3,
marnaez24,1026,2016-08-06,3,
ccockerham8,2323,2012-04-04,4,
aheyward1g,1295,2022-10-21,3,
onewberryd,600,2013-06-01,2,
ppointon2l,3330,2018-04-11,1,
alloydwilliamsa,420,2016-06-29,4,
astoate1c,2083,2026-03-28,1,
marnaez24,1634,2011-03-20,1,
lshattock1e,2940,2011-05-27,3,
gtapine,786,2022-09-04,1,
ebatchelor22,3247,2021-06-09,2,
gseadon28,1801,2018-12-07,3,
astoate1c,1446,2011-11-01,4,
ssparshettb,254,2023-03-29,1,
wleatt2o,4130,2018-04-19,2,
mgarioch1p,2539,2015-11-01,1,
cdevaneyc,3632,2016-02-19,3,
llangloisi,3961,2010-12-09,3,
bfiggins23,862,2024-10-26,2,
gtoffolonio,4755,2012-11-05,1,
onewberryd,3208,2013-03-12,3,
pkyteley2j,1697,2008-02-24,3,
jhaslen2e,1283,2023-05-14,2,
rfoulis13,1896,2018-01-06,1,
lshattock1e,2485,2016-12-19,1,
bboobierv,2772,2008-11-18,1,
aheyward1g,54,2017-12-24,3,
cfrankcom2d,4294,2025-12-26,3,
fbernon1j,1076,2025-09-24,2,
ebatchelor22,4508,2025-04-23,4,
cwaszkiewicz1u,2223,2014-12-10,1,
rgasgarthu,306,2008-11-16,3,
dpiatto4,4691,2018-07-24,2,
cfrankcom2d,420,2025-08-05,2,
afradsonm,2141,2016-03-23,3,
tdundon1,3669,2009-11-02,3,
olechmere1k,1186,2026-04-23,4,
ebatchelor22,957,2024-07-10,2,
sbignell19,3259,2010-07-23,3,
aheyward1g,4065,2012-05-23,2,
ebatchelor22,2935,2012-07-29,3,
msmedmore2n,1421,2023-08-12,1,
jdellcasa1n,4331,2023-12-24,1,
lshattock1e,3724,2019-12-14,3,
csedgeworthk,3303,2014-06-12,2,
tdundon1,2431,2016-05-26,1,
egrestie2c,1242,2018-07-30,2,
csedgeworthk,2568,2017-03-16,2,
jhearsey25,3813,2016-02-22,2,
cwaszkiewicz1u,542,2024-01-07,3,
gtoffolonio,3339,2023-03-22,2,
swilemans,1105,2016-04-27,1,
jcolyer5,3195,2018-01-01,4,
rrosten1x,139,2013-01-16,4,
mwhitnell7,4075,2019-06-20,2,
rwilcott10,886,2020-11-24,1,
jmccarterx,1192,2019-04-24,2,
cschild1y,2141,2014-07-20,2,
fbernon1j,2325,2020-03-20,4,
bfiggins23,150,2011-07-09,2,
wdjordjevic1r,1692,2012-04-20,2,
mgarioch1p,4034,2010-03-26,4,
jmonini18,205,2008-04-29,2,
oaloshkinj,4395,2020-07-29,3,
ssparshettb,3819,2009-04-25,3,
mcharlot12,2832,2022-03-12,1,
jhaslen2e,4691,2015-10-18,4,
jvasilenko2h,3279,2008-04-06,4,
kstammler1m,2564,2025-07-07,4,
lshattock1e,1840,2023-11-07,3,
aheyward1g,2973,2023-03-27,1,
ccockerham8,988,2019-10-04,1,
mdampier2q,2241,2012-12-25,3,
ccrippin21,3859,2023-03-29,4,
dsiene2k,959,2012-07-20,4,
aecclestone1d,2764,2025-08-31,1,
dsiene2k,1626,2010-08-19,3,
lmaxtedg,3264,2019-07-22,4,
sbignell19,1441,2024-07-02,3,
fbernon1j,2739,2022-06-28,3,
tpaulino2,3489,2011-08-02,1,
lbudibent3,3460,2021-09-15,4,
onewberryd,1411,2019-07-01,4,
rtwitchings9,3531,2011-06-16,1,
jhearsey25,1356,2025-06-10,4,
tmusickaw,414,2019-01-21,3,
rwilcott10,4070,2020-03-09,3,
cyannoni1w,4450,2010-01-17,2,
apetchell15,2684,2023-03-04,3,
fscreech6,4237,2021-02-27,1,
xbenion2f,396,2012-08-19,4,
cfrankcom2d,8,2012-02-26,1,
olechmere1k,930,2012-06-30,4,
jvasilenko2h,3956,2008-02-25,1,
hpoundford2i,1757,2016-11-14,2,
mcharlot12,3542,2019-10-10,2,
sponteq,1948,2019-11-10,1,
jmonini18,3975,2022-10-19,4,
wleatt2o,2315,2008-09-25,3,
vmuslimf,3238,2018-03-21,3,
jhaslen2e,2985,2022-07-03,2,
ksmedley1b,610,2025-10-26,1,
hpoundford2i,3660,2025-03-16,1,
jhearsey25,4402,2008-09-01,2,
cosbaldestony,3554,2018-11-26,4,
mcharlot12,2958,2011-07-09,3,
sbignell19,3396,2017-12-04,3,
lshattock1e,1560,2008-11-20,4,
gseadon28,1620,2011-08-09,4,
sponteq,853,2017-06-07,2,
jcolyer5,1325,2009-08-11,4,
xbenion2f,2951,2025-09-27,4,
sbignell19,1095,2014-03-15,2,
hpoundford2i,2392,2015-02-15,1,
astoate1c,4692,2016-05-24,3,
gseadon28,3263,2018-10-26,1,
jmonini18,2316,2018-11-20,4,
onewberryd,244,2016-12-17,4,
msmedmore2n,3671,2025-07-01,3,
astoate1c,1755,2026-01-31,4,
llangloisi,1795,2012-03-23,2,
mvasseh,2415,2021-07-11,3,
ccrippin21,4501,2016-04-14,4,
ahorbath1a,2210,2025-11-27,4,
wdjordjevic1r,1652,2011-03-18,4,
avasechkin2g,3378,2020-03-17,2,
cosbaldestony,4186,2020-12-26,4,
msmedmore2n,2235,2020-10-18,4,
lconaboy11,188,2012-11-05,2,
dayllett1i,3836,2025-10-22,2,
avasechkin2g,4661,2013-03-11,1,
jmarkos29,1563,2013-05-18,1,
fbernon1j,2010,2011-08-10,2,
aecclestone1d,2574,2010-07-14,3,
pkyteley2j,2806,2012-10-27,2,
alloydwilliamsa,3390,2019-04-21,4,
gtoffolonio,2106,2009-03-14,2,
jvasilenko2h,2564,2022-10-22,1,
prosenfelt14,3604,2014-09-25,4,
mdampier2q,3346,2012-04-10,4,
thargess27,2576,2017-01-25,3,
ahorbath1a,1281,2014-04-11,1,
gtapine,1812,2009-07-05,3,
sponteq,2386,2020-02-22,4,
prosenfelt14,1409,2015-04-27,1,
rfoulis13,1250,2017-10-25,2,
cniesel0,2194,2023-11-03,3,
rtwitchings9,4293,2019-07-01,1,
tlowden17,1630,2017-08-20,4,
dayllett1i,2111,2010-02-18,1,
fbernon1j,3210,2024-12-06,2,
ssparshettb,3140,2015-05-20,1,
jhearsey25,384,2020-11-11,2,
mromandl,1527,2021-12-04,1,
kstonestreet20,542,2013-08-22,1,
rbottrellt,433,2011-03-01,2,
jmccarterx,3177,2014-11-12,4,
wdjordjevic1r,4002,2024-07-18,4,
egabbatiss2p,297,2024-04-11,2,
kstammler1m,126,2025-02-08,1,
pcolleford2r,1483,2015-03-17,3,
cschild1y,2492,2025-07-14,3,
vmuslimf,4027,2014-02-01,1,
jmccarterx,2242,2019-03-24,1,
ssparshettb,2744,2026-03-11,1,
vmuslimf,3806,2014-08-20,1,
jmonini18,798,2017-05-09,4,
afradsonm,4374,2023-02-02,1,
prosenfelt14,2280,2020-06-14,4,
mvasseh,4568,2009-12-16,3,
ssparshettb,3618,2009-03-31,2,
ahorbath1a,3914,2008-01-03,2,
ssparshettb,568,2017-11-16,4,
gbezemer1h,4415,2021-10-21,2,
lbudibent3,3025,2025-06-08,4,
cosbaldestony,173,2025-01-13,3,
gtoffolonio,4155,2016-11-30,3,
ssimoes2a,3555,2011-12-03,1,
cyannoni1w,3674,2016-11-15,1,
wdjordjevic1r,4562,2014-08-11,1,
jmarkos29,4199,2017-08-08,4,
mcharlot12,121,2010-09-22,4,
kstammler1m,194,2022-02-22,2,
thargess27,4714,2023-08-16,1,
cdevaneyc,4261,2009-03-31,3,
fbernon1j,1291,2017-08-14,3,
tlowden17,2508,2022-02-03,4,
csedgeworthk,1860,2018-12-15,1,
ahorbath1a,1674,2019-06-18,3,
jvasilenko2h,256,2024-01-23,3,
wdjordjevic1r,1217,2022-11-17,2,
lshattock1e,2854,2012-02-26,2,
afradsonm,601,2016-10-27,2,
ccrippin21,3135,2018-06-01,4,
lmaxtedg,3931,2021-08-10,1,
dayllett1i,3784,2016-06-19,1,
tdundon1,2868,2015-04-12,3,
ppointon2l,1203,2013-03-07,1,
ccockerham8,593,2013-05-29,1,
mcharlot12,2615,2017-03-31,1,
vsecretan1z,3480,2025-12-13,1,
jhearsey25,3161,2017-03-29,2,
knewling1s,1022,2022-12-18,1,
egabbatiss2p,2736,2025-02-19,4,
egrestie2c,2310,2018-12-29,3,
dpiatto4,3693,2019-03-28,2,
mwhitnell7,2931,2018-06-14,2,
daleksidzer,4296,2018-05-14,1,
wdjordjevic1r,1514,2023-06-26,3,
cniesel0,3792,2021-10-06,3,
dayllett1i,3001,2017-09-17,2,
tmusickaw,2378,2016-06-11,4,
cschild1y,4108,2019-08-18,2,
lbudibent3,1736,2021-11-21,3,
kstonestreet20,3542,2022-06-12,2,
ccockerham8,3286,2021-01-27,1,
dayllett1i,4277,2022-01-30,3,
cniesel0,2796,2025-08-30,3,
ebatchelor22,4198,2016-04-23,4,
cfrankcom2d,1740,2025-11-13,2,
afradsonm,372,2018-03-10,4,
mdampier2q,381,2009-09-10,2,
dsiene2k,3795,2024-10-26,2,
xbenion2f,4234,2012-11-26,4,
mcharlot12,86,2022-04-12,4,
jvasilenko2h,1968,2011-10-08,1,
apetchell15,106,2017-10-17,3,
astoate1c,2811,2019-05-09,1,
bboobierv,4071,2015-08-15,2,
battwellz,4629,2009-05-29,4,
mromandl,2790,2017-07-01,2,
onewberryd,3030,2024-10-12,1,
cyannoni1w,3184,2025-12-22,4,
tlowden17,4126,2018-04-29,3,
cosbaldestony,874,2019-07-17,3,
rbottrellt,856,2016-05-25,3,
cniesel0,3093,2020-05-21,3,
jmccarterx,186,2019-12-18,3,
vsecretan1z,3425,2018-08-18,2,
ebatchelor22,1911,2014-12-09,4,
jdellcasa1n,1456,2022-12-15,1,
olechmere1k,942,2015-09-13,1,
lconaboy11,4724,2024-03-26,1,
lbudibent3,1962,2015-10-30,1,
aheyward1g,2744,2021-05-28,2,
alloydwilliamsa,2581,2022-10-31,1,
esouthwell2b,4597,2017-05-04,1,
ccrippin21,274,2020-01-28,2,
dpiatto4,1620,2021-03-07,3,
kstammler1m,605,2013-03-16,4,
rrosten1x,3713,2008-09-25,1,
jhaslen2e,3022,2021-06-01,4,
csedgeworthk,2220,2022-06-24,3,
hseabrocke2m,3321,2013-09-04,2,
cdevaneyc,1894,2023-07-14,2,
lconaboy11,19,2018-04-17,1,
cyannoni1w,3972,2010-02-09,3,
astoate1c,2117,2009-07-13,4,
ssimoes2a,2884,2020-09-29,3,
mvasseh,3493,2019-02-09,2,
kstonestreet20,3124,2019-11-09,2,
rrosten1x,1615,2009-06-01,2,
csedgeworthk,2467,2017-05-03,4,
lbudibent3,3606,2009-01-24,3,
wdjordjevic1r,2911,2016-09-18,2,
fbernon1j,2267,2011-07-24,1,
marnaez24,3412,2010-12-07,3,
jhaslen2e,4577,2020-05-03,3,
ppointon2l,171,2008-01-17,3,
jmonini18,1730,2010-08-26,3,
avasechkin2g,518,2024-06-24,2,
esouthwell2b,111,2014-09-27,1,
jhaslen2e,1857,2018-05-30,4,
jvasilenko2h,2312,2018-07-19,4,
cyannoni1w,1424,2023-08-20,3,
cyannoni1w,1689,2010-04-21,2,
alloydwilliamsa,3605,2023-02-07,4,
esouthwell2b,1080,2022-09-13,1,
prosenfelt14,2594,2013-11-06,1,
dsiene2k,1031,2008-01-25,3,
knewling1s,2368,2011-03-13,1,
daleksidzer,3628,2023-06-09,2,
cfrankcom2d,2309,2021-11-29,2,
ccrippin21,4476,2011-10-02,2,
kstonestreet20,1218,2013-01-28,3,
astoate1c,3030,2024-05-31,3,
oaloshkinj,1908,2018-05-23,3,
ssimoes2a,906,2009-05-05,4,
ccrippin21,1256,2023-10-25,1,
sbignell19,359,2022-08-30,3,
elivingstonep,1394,2018-10-07,1,
mromandl,993,2023-02-26,1,
jmccarterx,4458,2014-05-16,4,
bboobierv,3982,2015-01-17,3,
tsowrah1t,888,2014-02-22,1,
bdundin1f,4608,2016-06-12,4,
dsiene2k,2986,2024-02-05,2,
fbernon1j,337,2017-04-16,2,
tsowrah1t,708,2021-09-15,2,
ccockerham8,666,2011-06-25,1,
egrestie2c,1478,2010-03-16,4,
afradsonm,1341,2019-08-29,1,
battwellz,869,2020-09-04,3,
pvicaryn,774,2020-11-24,1,
csedgeworthk,1069,2016-08-15,2,
olechmere1k,4225,2025-12-07,3,
ccockerham8,2263,2025-04-05,2,
esouthwell2b,2533,2016-12-26,2,
egabbatiss2p,1911,2025-12-23,2,
jhearsey25,2324,2017-12-29,4,
marnaez24,2032,2013-09-20,2,
mdampier2q,2197,2015-12-21,2,
mgarioch1p,805,2026-03-07,1,
vsecretan1z,1219,2015-05-03,1,
cniesel0,4150,2011-07-20,2,
rfoulis13,743,2016-12-12,1,
rbottrellt,3682,2013-05-22,2,
mwhitnell7,527,2018-06-18,4,
cdevaneyc,83,2023-09-12,1,
bfiggins23,4049,2026-01-24,4,
dpiatto4,664,2017-06-28,3,
pcolleford2r,2535,2016-04-11,1,
sbignell19,3630,2019-12-22,1,
llangloisi,995,2024-01-23,2,
daleksidzer,1202,2024-02-17,3,
daleksidzer,361,2022-03-05,1,
dbruckshaw1l,4254,2014-01-19,3,
gtoffolonio,909,2017-01-24,2,
cyannoni1w,648,2018-05-30,4,
aecclestone1d,1865,2008-07-14,4,
mvasseh,1854,2023-10-13,1,
fscreech6,3354,2017-10-05,4,
jhearsey25,4514,2015-08-06,1,
ahorbath1a,319,2010-07-16,4,
kstonestreet20,1542,2011-03-14,2,
mwhitnell7,3484,2008-01-18,2,
rfoulis13,4410,2021-08-24,4,
tsowrah1t,1324,2022-08-26,3,
lmaxtedg,641,2016-02-17,1,
alloydwilliamsa,1165,2011-09-13,2,
lmaxtedg,4604,2025-03-28,1,
thargess27,919,2018-01-06,2,
egabbatiss2p,3118,2014-07-17,4,
dsiene2k,1896,2017-12-20,4,
dbruckshaw1l,2132,2017-04-25,3,
jmccarterx,1173,2022-08-19,1,
lbudibent3,2870,2019-06-05,1,
glongbottom16,4507,2024-10-10,3,
llangloisi,549,2012-01-07,1,
aeul1o,3299,2021-08-19,4,
bfiggins23,4540,2013-05-22,2,
tpaulino2,1824,2022-12-02,1,
thargess27,280,2025-06-10,3,
ppointon2l,2951,2011-05-29,2,
dbruckshaw1l,2509,2018-07-02,4,
cfrankcom2d,3118,2021-02-27,3,
afradsonm,1219,2023-01-08,2,
afradsonm,14,2013-07-15,2,
tlowden17,3096,2024-11-17,4,
oaloshkinj,3735,2009-07-04,2,
esouthwell2b,338,2019-08-25,4,
mvasseh,4131,2020-06-06,3,
fscreech6,1246,2013-08-11,1,
ccrippin21,1783,2021-08-09,2,
rfoulis13,3628,2013-12-06,2,
jvasilenko2h,828,2011-07-28,3,
vsecretan1z,3763,2008-07-14,3,
esouthwell2b,1706,2014-08-14,1,
ebatchelor22,825,2012-06-02,4,
rfoulis13,1535,2025-02-27,1,
kstonestreet20,729,2019-08-18,3,
jhaslen2e,4470,2022-01-20,1,
avasechkin2g,2155,2011-10-17,3,
jvasilenko2h,3107,2009-11-13,4,
swilemans,1159,2017-01-18,1,
llangloisi,3487,2025-10-09,4,
ccrippin21,4141,2014-07-07,3,
alloydwilliamsa,4355,2017-02-15,2,
battwellz,3241,2021-01-06,3,
rrosten1x,1095,2017-05-19,2,
jmonini18,1131,2017-01-30,2,
sponteq,3016,2019-04-02,1,
wleatt2o,2198,2013-09-23,1,
tlowden17,4796,2008-10-13,1,
lbudibent3,1837,2020-12-11,1,
swilemans,4740,2017-02-07,4,
elivingstonep,859,2021-05-16,2,
msmedmore2n,3304,2009-01-26,2,
ppointon2l,941,2013-07-12,4,
avasechkin2g,1840,2018-12-15,4,
ksmedley1b,2696,2010-08-20,3,
marnaez24,3965,2009-07-03,4,
glongbottom16,4795,2015-05-09,1,
cyannoni1w,1984,2019-08-13,1,
ssparshettb,4583,2018-10-14,1,
hpoundford2i,1197,2019-06-12,3,
afradsonm,2376,2025-12-08,2,
ahorbath1a,2467,2011-08-02,4,
mdampier2q,3218,2011-09-26,3,
dsiene2k,230,2025-06-28,2,
olechmere1k,4014,2022-03-10,4,
msmedmore2n,2514,2009-11-29,3,
sponteq,4527,2010-06-27,3,
ssimoes2a,840,2008-04-27,4,
dayllett1i,1091,2018-02-08,4,
gbezemer1h,346,2026-01-06,3,
dayllett1i,2166,2020-10-27,4,
hpoundford2i,4148,2018-11-21,3,
mwhitnell7,4248,2011-04-05,4,
jmonini18,1146,2020-12-21,4,
ssparshettb,2337,2017-07-25,1,
bfiggins23,1592,2021-04-30,1,
tsowrah1t,1830,2024-01-02,2,
glongbottom16,582,2025-10-11,4,
kstammler1m,1945,2014-02-11,4,
vsecretan1z,4538,2010-05-25,2,
xbenion2f,4101,2024-12-03,1,
elivingstonep,1856,2011-08-21,2,
kstonestreet20,1788,2016-07-27,3,
garonovich1v,1217,2024-06-13,3,
ssimoes2a,2314,2012-10-20,3,
tsowrah1t,1204,2011-04-17,2,
rbottrellt,4444,2021-05-01,2,
knewling1s,3907,2021-05-28,4,
lmaxtedg,2599,2011-09-01,2,
swilemans,2137,2026-01-03,1,
bfiggins23,3829,2018-03-21,3,
xbenion2f,4112,2019-05-12,3,
tsowrah1t,1349,2008-02-18,3,
tfley1q,3870,2025-09-06,4,
rwilcott10,752,2023-12-18,1,
gseadon28,3732,2018-01-25,4,
ccockerham8,3066,2023-10-17,2,
egrestie2c,1333,2012-02-04,2,
wleatt2o,1,2022-11-06,3,
aheyward1g,851,2018-11-12,4,
mvasseh,1983,2022-03-22,4,
cschild1y,2837,2023-08-24,3,
msmedmore2n,1212,2018-03-14,1,
gseadon28,2650,2015-03-18,2,
olechmere1k,2890,2021-08-22,4,
aheyward1g,3704,2014-04-24,2,
wdjordjevic1r,1664,2008-08-10,2,
wdjordjevic1r,925,2019-06-03,1,
knewling1s,364,2017-08-16,2,
ksmedley1b,2310,2023-11-20,2,
alloydwilliamsa,3901,2017-09-06,4,
ssimoes2a,1098,2009-08-21,2,
knewling1s,3590,2022-02-13,3,
dpiatto4,1626,2016-12-26,4,
tfley1q,2852,2024-01-15,4,
lmaxtedg,4173,2025-05-22,2,
dsiene2k,2753,2010-08-12,3,
rwilcott10,578,2014-02-21,4,
jmarkos29,2471,2015-12-20,3,
rrosten1x,2550,2020-09-08,4,
fscreech6,3787,2015-07-25,3,
esouthwell2b,4583,2009-09-01,3,
jdellcasa1n,2751,2014-11-23,2,
pcolleford2r,3660,2016-04-06,4,
ppointon2l,231,2019-10-21,3,
egabbatiss2p,2303,2016-10-18,1,
lconaboy11,81,2024-12-04,3,
tfley1q,3543,2019-12-20,1,
bboobierv,1148,2019-01-23,1,
marnaez24,2587,2022-05-17,3,
msmedmore2n,4328,2009-07-16,3,
aeul1o,2141,2008-11-06,3,
mromandl,2926,2008-03-28,1,
esouthwell2b,1244,2019-08-23,3,
bboobierv,1828,2021-12-18,3,
glongbottom16,4403,2011-04-01,4,
tsowrah1t,1211,2009-09-06,4,
gtoffolonio,3989,2025-02-04,2,
ccrippin21,2377,2021-07-06,1,
dpiatto4,1886,2024-12-18,1,
tlowden17,1458,2020-06-06,2,
cyannoni1w,330,2021-07-29,3,
egabbatiss2p,913,2019-08-10,1,
rtwitchings9,2151,2008-04-28,4,
esouthwell2b,1217,2019-09-27,2,
dsiene2k,1726,2021-03-04,4,
onewberryd,3504,2014-01-16,4,
jmonini18,986,2019-07-25,2,
mcharlot12,3103,2021-12-01,2,
kstonestreet20,167,2020-06-10,3,
pkyteley2j,1496,2012-10-09,4,
bboobierv,877,2015-03-05,2,
rwilcott10,1916,2021-08-06,1,
oaloshkinj,4133,2012-04-20,4,
cniesel0,374,2017-05-23,3,
avasechkin2g,159,2019-07-30,1,
garonovich1v,4321,2011-03-19,4,
aecclestone1d,684,2021-01-28,2,
pcolleford2r,255,2024-10-16,4,
tdundon1,4256,2022-04-16,1,
bboobierv,3489,2009-08-28,4,
jdellcasa1n,4567,2023-02-02,4,
rgasgarthu,3319,2025-09-14,4,
tlowden17,2763,2019-11-25,4,
ashenton26,2093,2020-10-17,1,
sponteq,3636,2020-02-20,2,
jcolyer5,4595,2025-11-21,1,
aheyward1g,2922,2021-05-10,2,
xbenion2f,4421,2020-08-12,1,
jdellcasa1n,3217,2020-09-30,1,
thargess27,632,2023-07-07,3,
knewling1s,894,2021-12-04,3,
aeul1o,168,2023-09-23,4,
lshattock1e,396,2021-06-20,1,
ssparshettb,2615,2016-03-13,3,
glongbottom16,4060,2012-06-24,4,
olechmere1k,3834,2012-03-05,1,
tpaulino2,4736,2023-09-25,1,
rrosten1x,2602,2024-07-17,3,
hseabrocke2m,1647,2017-11-11,2,
mwhitnell7,152,2011-09-07,1,
elivingstonep,3929,2013-05-20,2,
knewling1s,3831,2022-07-11,1,
ccockerham8,2973,2020-05-24,1,
dpiatto4,1889,2011-02-11,3,
msmedmore2n,288,2018-01-31,2,
olechmere1k,68,2011-12-12,4,
jdellcasa1n,3777,2021-04-13,4,
bboobierv,3336,2010-05-16,2,
vmuslimf,3379,2025-07-13,3,
rgasgarthu,4298,2021-05-24,3,
wleatt2o,2429,2010-06-05,3,
xbenion2f,969,2010-07-03,4,
gbezemer1h,411,2022-05-02,4,
cschild1y,2,2010-10-06,4,
jhearsey25,3873,2018-06-13,1,
mcharlot12,3665,2017-06-15,4,
rfoulis13,1262,2019-03-16,2,
ahorbath1a,4510,2018-11-02,3,
vsecretan1z,2153,2024-08-04,4,
pcolleford2r,2563,2020-08-26,2,
egabbatiss2p,4308,2013-08-06,2,
jmonini18,1439,2017-09-02,1,
egrestie2c,4667,2009-12-26,2,
gtoffolonio,839,2017-11-14,2,
lmaxtedg,2715,2017-04-26,3,
gseadon28,1772,2021-10-09,2,
mdampier2q,65,2016-06-30,4,
avasechkin2g,3962,2013-04-03,2,
mcharlot12,3098,2008-02-08,3,
wleatt2o,2527,2009-05-16,1,
afradsonm,4454,2019-02-06,3,
cosbaldestony,1566,2019-12-01,4,
gseadon28,1905,2024-07-07,4,
cschild1y,1899,2023-06-07,2,
dpiatto4,3961,2024-11-14,4,
fbernon1j,1238,2010-04-23,4,
jhearsey25,1174,2013-06-17,4,
lshattock1e,2305,2012-11-10,2,
pvicaryn,1886,2017-07-16,1,
apetchell15,1373,2016-08-24,2,
tmusickaw,4025,2025-12-03,3,
battwellz,3953,2014-10-12,3,
tfley1q,936,2022-12-20,1,
egrestie2c,2808,2011-05-23,4,
cyannoni1w,2011,2017-05-25,4,
glongbottom16,4347,2019-08-11,3,
dayllett1i,3949,2008-07-11,1,
fscreech6,666,2018-02-25,2,
daleksidzer,3023,2011-02-23,2,
ashenton26,3696,2024-09-23,4,
ksmedley1b,3233,2013-04-01,1,
rgasgarthu,1092,2011-09-01,1,
rbottrellt,514,2021-06-02,3,
gtoffolonio,2428,2018-02-19,3,
cdevaneyc,3872,2020-10-04,4,
aecclestone1d,2927,2022-03-09,1,
mdampier2q,3138,2024-10-03,1,
cdevaneyc,2049,2009-08-08,4,
jhearsey25,3637,2018-10-19,3,
tlowden17,819,2017-12-23,4,
vsecretan1z,3800,2018-06-23,4,
ashenton26,1941,2016-10-02,2,
dayllett1i,2783,2011-06-20,2,
marnaez24,3671,2015-07-11,1,
knewling1s,788,2017-04-25,3,
mvasseh,4202,2023-01-18,3,
egabbatiss2p,1682,2024-06-05,1,
wleatt2o,993,2008-04-30,2,
sbignell19,2408,2012-03-20,1,
glongbottom16,3528,2013-12-12,2,
bdundin1f,3601,2024-03-22,2,
tfley1q,2571,2011-03-15,1,
dpiatto4,3075,2019-10-04,4,
pkyteley2j,4363,2019-02-24,2,
mgarioch1p,2334,2014-11-07,3,
mromandl,3189,2010-05-26,2,
dbruckshaw1l,1380,2021-01-19,3,
sponteq,1219,2020-11-17,2,
cschild1y,2222,2012-07-24,2,
ebatchelor22,3675,2017-07-22,2,
sbignell19,695,2016-01-01,1,
fscreech6,379,2020-11-28,3,
pkyteley2j,2226,2008-10-15,4,
tpaulino2,1119,2025-10-14,4,
sponteq,1753,2013-10-10,3,
lbudibent3,3037,2024-01-09,4,
jdellcasa1n,1967,2012-03-02,2,
rgasgarthu,1710,2010-08-05,4,
pcolleford2r,1979,2009-12-12,4,
thargess27,4034,2017-05-12,3,
vsecretan1z,3421,2008-05-21,1,
cniesel0,2759,2010-12-04,2,
jmarkos29,142,2010-01-29,4,
llangloisi,2967,2010-07-28,2,
fbernon1j,4670,2023-10-22,4,
llangloisi,3244,2018-10-31,3,
jhaslen2e,3110,2010-10-14,3,
sbignell19,3664,2011-05-31,3,
lshattock1e,3059,2015-07-29,2,
tsowrah1t,364,2008-02-01,4,
prosenfelt14,1752,2014-11-30,3,
esouthwell2b,1286,2009-09-19,4,
cschild1y,3368,2019-11-18,4,
fscreech6,3554,2018-09-13,3,
bdundin1f,2039,2017-05-02,4,
mromandl,319,2018-09-05,1,
mmeka,3401,2017-05-20,2,
mwhitnell7,936,2019-10-22,3,
aeul1o,2674,2008-09-26,1,
pkyteley2j,126,2017-02-22,4,
rbottrellt,402,2024-05-09,3,
battwellz,2996,2022-11-09,2,
xbenion2f,2145,2021-01-21,2,
swilemans,3833,2020-01-20,3,
avasechkin2g,4483,2025-07-01,2,
sponteq,4377,2024-12-26,3,
tfley1q,1123,2025-04-24,3,
pvicaryn,1658,2025-12-16,2,
apetchell15,698,2019-07-30,1,
mmeka,631,2013-02-15,1,
rfoulis13,2547,2017-07-05,1,
mvasseh,2948,2021-11-12,3,
sponteq,1526,2018-10-31,1,
swilemans,1145,2019-03-02,1,
aheyward1g,412,2024-01-02,3,
marnaez24,2715,2016-03-18,3,
sbignell19,2301,2012-08-14,2,
pvicaryn,1258,2014-10-09,2,
jmccarterx,1716,2024-06-03,2,
rwilcott10,3962,2021-07-10,4,
tsowrah1t,828,2012-04-07,4,
dsiene2k,1028,2022-04-18,4,
egrestie2c,2290,2009-12-28,4,
cniesel0,2302,2018-10-17,4,
pvicaryn,4069,2011-05-30,1,
sponteq,324,2012-08-11,3,
prosenfelt14,4314,2023-11-30,4,
tlowden17,2568,2022-03-11,4,
esouthwell2b,3336,2020-05-19,2,
wleatt2o,246,2022-05-13,2,
fbernon1j,699,2025-11-13,4,
llangloisi,1729,2016-03-24,1,
gseadon28,4132,2011-05-26,4,
lshattock1e,3037,2020-07-23,2,
wdjordjevic1r,3339,2012-04-05,4,
ssparshettb,2258,2011-08-04,4,
pvicaryn,23,2017-02-21,1,
ssparshettb,3285,2010-04-28,3,
cfrankcom2d,37,2023-01-28,4,
olechmere1k,4529,2018-03-08,1,
gbezemer1h,4598,2025-07-12,3,
llangloisi,1157,2010-07-17,3,
aeul1o,2853,2020-04-02,2,
thargess27,1450,2019-03-20,4,
daleksidzer,2196,2023-03-06,2,
cdevaneyc,84,2018-05-03,4,
rfoulis13,2614,2025-03-26,2,
cosbaldestony,3451,2016-11-29,3,
rtwitchings9,4656,2013-12-06,3,
cschild1y,1370,2025-07-16,1,
egabbatiss2p,790,2022-12-21,4,
sbignell19,3754,2008-03-17,4,
rgasgarthu,1631,2021-07-13,1,
lbudibent3,2999,2017-02-28,4,
apetchell15,2936,2020-06-22,1,
onewberryd,4011,2025-09-19,1,
jmarkos29,3119,2019-03-28,4,
aecclestone1d,2396,2015-06-09,2,
dsiene2k,471,2020-11-30,3,
rwilcott10,4259,2013-05-16,4,
lbudibent3,1539,2012-12-18,1,
rgasgarthu,3835,2015-08-02,4,
jmarkos29,2019,2014-05-16,1,
apetchell15,699,2011-06-20,1,
hseabrocke2m,3643,2017-11-07,2,
mcharlot12,1204,2020-05-09,4,
mromandl,4145,2013-09-26,1,
afradsonm,4503,2017-05-26,3,
gseadon28,1592,2015-11-10,2,
rbottrellt,2486,2015-10-29,2,
egabbatiss2p,1967,2015-06-14,3,
pcolleford2r,497,2013-02-10,1,
rrosten1x,4360,2013-07-03,1,
sponteq,4515,2011-09-28,3,
bdundin1f,4012,2024-08-24,1,
rtwitchings9,23,2015-07-03,2,
mromandl,1222,2010-05-18,1,
avasechkin2g,998,2009-07-02,3,
daleksidzer,2588,2021-12-05,4,
rtwitchings9,652,2018-01-16,2,
daleksidzer,323,2009-03-18,2,
ebatchelor22,933,2011-04-26,4,
dayllett1i,3010,2019-01-04,2,
mromandl,4786,2024-03-28,2,
gbezemer1h,1274,2025-01-04,3,
pcolleford2r,1032,2014-01-10,3,
aecclestone1d,3379,2021-12-17,4,
apetchell15,2364,2013-07-05,3,
tfley1q,3769,2019-12-06,4,
rtwitchings9,939,2009-01-10,2,
aeul1o,1681,2024-05-07,1,
jvasilenko2h,4075,2011-11-23,2,
onewberryd,777,2013-05-13,2,
mgarioch1p,1820,2015-06-23,2,
llangloisi,1192,2021-12-27,3,
rgasgarthu,3929,2011-11-06,2,
mmeka,3018,2021-06-16,1,
jmonini18,394,2015-01-24,1,
sbignell19,1174,2023-03-19,4,
rrosten1x,2275,2019-06-21,4,
ccockerham8,4552,2021-06-06,1,
rgasgarthu,4731,2023-11-19,4,
mvasseh,4069,2013-02-04,4,
oaloshkinj,4132,2025-10-21,2,
vsecretan1z,2343,2009-08-07,2,
egrestie2c,2336,2022-07-26,3,
ashenton26,4277,2010-11-23,2,
lmaxtedg,325,2014-05-24,4,
cyannoni1w,2001,2012-05-02,3,
pcolleford2r,932,2023-12-20,4,
jhaslen2e,510,2021-11-29,3,
ashenton26,4090,2012-02-21,3,
msmedmore2n,2018,2012-01-16,3,
ppointon2l,1528,2022-10-25,4,
gseadon28,365,2008-03-09,2,
llangloisi,257,2024-04-24,1,
vmuslimf,1455,2022-02-17,2,
gbezemer1h,3740,2020-08-17,4,
fscreech6,213,2017-03-18,1,
pvicaryn,1890,2017-02-13,4,
ahorbath1a,2308,2021-04-30,2,
gbezemer1h,1397,2026-04-14,1,
ssparshettb,313,2009-09-06,4,
jhaslen2e,3782,2016-03-18,3,
rrosten1x,2171,2017-07-17,4,
kstammler1m,667,2020-05-26,1,
mwhitnell7,3070,2009-07-16,4,
egrestie2c,1579,2014-11-08,1,
mwhitnell7,3874,2011-06-05,4,
kstonestreet20,2740,2012-07-30,2,
mgarioch1p,852,2019-04-19,2,
lbudibent3,3434,2022-05-12,2,
kstonestreet20,1168,2021-03-20,1,
jhaslen2e,2442,2018-05-15,2,
fbernon1j,2859,2015-12-23,3,
marnaez24,3520,2019-04-01,3,
tfley1q,33,2018-11-25,4,
xbenion2f,3370,2020-01-26,3,
knewling1s,3196,2022-08-13,1,
garonovich1v,1957,2010-11-23,2,
ssparshettb,1449,2011-10-06,4,
daleksidzer,1167,2023-09-13,4,
mcharlot12,2878,2024-06-03,2,
tfley1q,1878,2017-06-03,1,
daleksidzer,3572,2009-11-05,1,
rgasgarthu,2521,2017-07-02,4,
jhearsey25,405,2015-07-25,3,
ssparshettb,1336,2020-08-01,3,
ccrippin21,4301,2017-04-21,2,
pvicaryn,1713,2014-09-30,4,
esouthwell2b,1947,2016-05-02,3,
cosbaldestony,4771,2015-09-07,3,
jmccarterx,1939,2017-02-14,4,
jhaslen2e,1429,2016-09-01,3,
mdampier2q,4642,2016-11-24,1,
kstammler1m,1312,2008-10-10,3,
jmccarterx,489,2019-08-25,1,
tdundon1,1739,2011-08-16,1,
aheyward1g,3811,2010-03-22,1,
mromandl,3248,2017-09-13,1,
rgasgarthu,4132,2024-09-06,1,
apetchell15,1751,2023-01-23,1,
hpoundford2i,473,2010-07-05,2,
gtoffolonio,3669,2010-01-26,2,
ashenton26,3830,2019-02-28,3,
ssimoes2a,1021,2018-11-09,3,
dpiatto4,1131,2023-04-21,1,
cschild1y,917,2010-07-25,2,
ahorbath1a,4230,2023-04-27,4,
rfoulis13,583,2018-05-25,1,
mromandl,4273,2014-10-24,3,
tmusickaw,4377,2010-10-30,2,
tsowrah1t,1655,2022-01-14,1,
gseadon28,3715,2015-06-22,4,
rfoulis13,3616,2016-01-24,2,
esouthwell2b,534,2019-04-10,2,
afradsonm,3615,2024-04-26,3,
glongbottom16,2720,2012-03-09,2,
rfoulis13,2485,2019-02-12,1,
jmccarterx,2052,2020-10-19,4,
bboobierv,2001,2014-05-02,3,
kstonestreet20,362,2019-03-26,3,
vmuslimf,4349,2009-12-28,4,
tlowden17,289,2010-07-11,3,
egrestie2c,2775,2019-12-26,3,
mcharlot12,611,2009-08-28,2,
pvicaryn,512,2010-11-20,2,
mcharlot12,4209,2008-06-03,4,
tdundon1,432,2015-03-28,4,
marnaez24,407,2012-01-21,3,
mvasseh,2852,2011-11-06,2,
rwilcott10,3315,2013-05-13,4,
tfley1q,205,2022-03-12,3,
rtwitchings9,1585,2010-01-27,4,
rbottrellt,1555,2021-03-30,3,
daleksidzer,642,2020-03-10,1,
prosenfelt14,2057,2020-07-02,4,
ccrippin21,1700,2013-09-11,1,
prosenfelt14,3043,2008-07-15,1,
jdellcasa1n,4241,2010-10-14,1,
vmuslimf,4357,2009-06-26,1,
afradsonm,4454,2009-06-20,1,
cyannoni1w,4083,2016-12-22,1,
swilemans,2098,2012-10-22,1,
olechmere1k,3826,2023-11-21,3,
tpaulino2,4550,2018-05-10,4,
rbottrellt,2840,2022-08-06,3,
sponteq,1539,2022-03-31,1,
ksmedley1b,1343,2014-12-11,2,
pkyteley2j,1050,2019-10-14,3,
rrosten1x,1456,2022-03-20,3,
egabbatiss2p,286,2020-06-18,4,
ahorbath1a,82,2008-08-02,2,
knewling1s,232,2022-01-05,2,
bdundin1f,1573,2023-01-01,2,
ppointon2l,992,2019-09-16,2,
csedgeworthk,534,2018-06-20,1,
ebatchelor22,2503,2009-07-03,1,
jdellcasa1n,3284,2010-10-28,4,
mcharlot12,4288,2019-09-17,2,
bdundin1f,3355,2020-11-19,3,
ssimoes2a,1017,2019-11-07,2,
rwilcott10,2092,2015-03-11,2,
apetchell15,4583,2018-10-24,1,
cschild1y,955,2012-05-27,1,
apetchell15,1448,2014-04-10,3,
gtoffolonio,4603,2011-11-08,3,
vsecretan1z,4333,2019-10-30,1,
jvasilenko2h,2602,2021-02-16,4,
msmedmore2n,4572,2017-08-20,4,
aecclestone1d,822,2022-04-13,3,
wleatt2o,1094,2025-02-24,3,
tlowden17,3481,2008-02-05,3,
cfrankcom2d,1983,2009-05-21,2,
tmusickaw,2892,2024-11-19,4,
csedgeworthk,695,2015-08-04,4,
marnaez24,579,2018-01-09,2,
dayllett1i,1297,2019-07-06,1,
gseadon28,1753,2016-01-20,4,
cfrankcom2d,3903,2024-12-24,4,
ssparshettb,2912,2014-01-04,2,
pcolleford2r,4498,2012-07-16,3,
mmeka,4161,2025-12-25,1,
rrosten1x,205,2021-06-28,1,
aeul1o,2879,2018-11-19,1,
mromandl,2440,2009-11-08,3,
egrestie2c,2204,2013-07-11,3,
marnaez24,344,2011-03-03,2,
xbenion2f,4276,2025-02-16,2,
llangloisi,3922,2021-11-25,3,
bfiggins23,2304,2022-01-15,4,
ccockerham8,4147,2017-09-24,2,
kstonestreet20,576,2024-06-14,3,
bfiggins23,3321,2020-07-13,1,
rgasgarthu,2308,2016-05-25,2,
knewling1s,2482,2018-07-13,2,
daleksidzer,1637,2009-10-29,3,
rrosten1x,1149,2011-10-03,1,
avasechkin2g,4003,2023-01-14,3,
mgarioch1p,3205,2012-02-25,4,
glongbottom16,4492,2022-08-29,1,
mcharlot12,1612,2010-03-27,1,
dsiene2k,1218,2011-06-18,3,
tpaulino2,3044,2010-09-30,4,
cosbaldestony,180,2009-09-14,1,
ccrippin21,696,2017-06-03,2,
pvicaryn,925,2020-04-22,4,
rwilcott10,2368,2019-04-22,4,
esouthwell2b,2834,2023-03-18,3,
lmaxtedg,3586,2020-10-10,2,
ccockerham8,2512,2020-02-27,2,
tmusickaw,909,2022-11-26,3,
jhearsey25,3236,2025-07-31,2,
aheyward1g,1030,2021-12-16,4,
mcharlot12,501,2009-05-12,1,
pkyteley2j,12,2021-01-14,4,
dayllett1i,2660,2024-05-02,2,
rgasgarthu,920,2010-10-22,2,
vsecretan1z,3702,2023-01-20,2,
olechmere1k,4295,2020-02-24,2,
knewling1s,2218,2023-11-29,4,
alloydwilliamsa,1826,2014-08-06,3,
ahorbath1a,592,2023-05-22,4,
xbenion2f,3169,2022-12-26,2,
bfiggins23,4677,2020-12-04,4,
ccrippin21,2571,2020-04-01,4,
swilemans,2489,2008-02-18,3,
xbenion2f,670,2024-08-01,3,
avasechkin2g,1877,2018-07-17,2,
dpiatto4,1208,2022-08-11,4,
tsowrah1t,331,2024-09-15,3,
csedgeworthk,1643,2012-10-24,3,
ppointon2l,3957,2025-02-15,3,
lbudibent3,600,2020-11-20,2,
mdampier2q,4006,2021-05-26,4,
esouthwell2b,4273,2013-09-21,4,
jhaslen2e,533,2014-12-30,3,
cfrankcom2d,2714,2012-11-16,2,
tfley1q,2625,2012-07-26,4,
wdjordjevic1r,432,2014-04-21,2,
dsiene2k,1681,2009-08-24,1,
sbignell19,2504,2025-02-28,2,
alloydwilliamsa,513,2015-03-20,4,
jcolyer5,4224,2013-09-09,2,
tdundon1,1360,2019-10-18,1,
pkyteley2j,3037,2008-03-29,4,
kstammler1m,3758,2019-09-22,3,
egrestie2c,3657,2024-07-19,1,
sponteq,127,2023-12-22,2,
wleatt2o,4514,2023-03-10,3,
dsiene2k,3548,2017-08-01,3,
mwhitnell7,3032,2008-10-05,4,
onewberryd,1238,2010-03-20,4,
lbudibent3,4446,2011-08-11,3,
jmccarterx,1799,2009-10-07,2,
lshattock1e,3821,2020-04-02,2,
lshattock1e,418,2016-06-16,4,
ashenton26,1067,2025-01-01,1,
lmaxtedg,518,2011-09-28,2,
hpoundford2i,3788,2018-06-09,3,
tsowrah1t,4276,2023-03-30,1,
fscreech6,3731,2015-05-10,2,
tdundon1,4739,2014-06-21,3,
wleatt2o,2395,2013-03-01,4,
tpaulino2,604,2016-07-13,2,
tsowrah1t,3005,2024-02-03,2,
knewling1s,415,2025-05-12,4,
prosenfelt14,1441,2025-03-20,4,
ksmedley1b,1681,2024-09-17,4,
lbudibent3,973,2020-03-21,2,
dbruckshaw1l,2196,2012-05-13,4,
prosenfelt14,2310,2022-09-29,1,
tdundon1,4588,2024-10-13,4,
xbenion2f,2573,2019-12-29,1,
bdundin1f,1481,2014-06-20,2,
gseadon28,2041,2010-10-01,4,
onewberryd,720,2010-02-19,1,
marnaez24,312,2013-04-19,4,
ebatchelor22,3489,2017-03-25,4,
tfley1q,4045,2017-03-15,3,
egrestie2c,419,2010-11-08,1,
marnaez24,4208,2019-11-19,2,
dbruckshaw1l,4629,2019-02-12,2,
tsowrah1t,2917,2012-07-30,1,
swilemans,4606,2009-12-15,3,
mgarioch1p,3615,2012-08-20,1,
jcolyer5,437,2015-03-05,4,
bfiggins23,3112,2025-10-03,3,
glongbottom16,808,2023-07-08,2,
swilemans,897,2008-06-25,4,
egrestie2c,1411,2018-10-29,3,
csedgeworthk,2248,2021-09-27,4,
egrestie2c,4714,2008-09-14,3,
pkyteley2j,2074,2024-10-09,2,
dsiene2k,858,2022-12-07,1,
kstammler1m,1202,2014-05-22,2,
ppointon2l,3805,2022-10-04,3,
ebatchelor22,3838,2019-08-02,2,
cyannoni1w,1293,2010-03-10,3,
ssparshettb,2376,2017-01-08,3,
rbottrellt,3594,2015-04-30,2,
hseabrocke2m,735,2022-02-22,4,
alloydwilliamsa,14,2008-12-05,2,
jcolyer5,4143,2016-10-14,1,
fscreech6,4186,2016-05-12,1,
apetchell15,4051,2010-03-24,1,
wdjordjevic1r,3774,2010-11-20,1,
knewling1s,246,2009-01-31,2,
aheyward1g,3958,2015-01-13,1,
fscreech6,4201,2024-08-04,1,
prosenfelt14,2998,2008-08-06,4,
cdevaneyc,2354,2017-02-09,3,
mdampier2q,2383,2009-10-13,4,
rtwitchings9,1111,2008-09-11,4,
vmuslimf,4171,2009-12-01,1,
sponteq,2097,2010-08-31,2,
cosbaldestony,4045,2009-10-20,3,
ccockerham8,1550,2023-11-03,2,
pvicaryn,3058,2008-06-13,3,
ssimoes2a,780,2023-11-13,3,
jmonini18,1587,2019-03-01,3,
msmedmore2n,2373,2011-08-11,3,
aecclestone1d,4598,2016-05-10,2,
vmuslimf,4366,2008-04-04,3,
mmeka,1943,2019-05-12,4,
alloydwilliamsa,4670,2020-12-08,2,
llangloisi,1749,2024-05-11,4,
battwellz,4355,2011-06-03,3,
rrosten1x,3278,2015-09-01,2,
llangloisi,1957,2018-12-10,3,
bfiggins23,1766,2010-01-16,3,
tlowden17,2816,2019-03-08,3,
jcolyer5,3484,2014-09-15,2,
garonovich1v,521,2011-01-29,2,
ksmedley1b,4772,2022-01-04,4,
astoate1c,2026,2021-05-15,3,
dbruckshaw1l,4721,2022-03-28,1,
bboobierv,633,2008-04-07,2,
egrestie2c,5,2019-08-23,3,
lmaxtedg,2633,2013-10-11,1,
bboobierv,2629,2024-05-08,1,
ashenton26,3742,2023-02-27,1,
lconaboy11,3498,2009-09-03,3,
wdjordjevic1r,3048,2024-08-23,3,
apetchell15,3726,2017-05-20,2,
ahorbath1a,2802,2021-08-27,1,
garonovich1v,16,2014-12-03,2,
kstammler1m,3448,2014-11-06,2,
vsecretan1z,1806,2026-02-12,3,
jhearsey25,881,2020-06-24,2,
vmuslimf,4667,2025-06-28,1,
pvicaryn,2291,2022-03-25,2,
lconaboy11,409,2008-08-24,3,
tlowden17,873,2011-11-08,4,
rwilcott10,4606,2026-03-26,2,
lshattock1e,3958,2021-01-15,4,
daleksidzer,2558,2010-02-01,1,
pvicaryn,590,2019-11-14,3,
mmeka,2907,2023-11-06,2,
olechmere1k,3525,2012-08-30,2,
mmeka,4705,2013-01-07,4,
mcharlot12,497,2011-11-19,2,
afradsonm,2113,2013-12-30,2,
vmuslimf,2360,2016-07-16,4,
oaloshkinj,3441,2021-04-04,3,
xbenion2f,1933,2025-11-21,4,
llangloisi,1411,2009-05-25,2,
sbignell19,3990,2012-07-30,3,
mdampier2q,1041,2014-07-13,3,
rgasgarthu,2650,2020-07-24,2,
dbruckshaw1l,3233,2024-11-13,3,
gbezemer1h,2213,2013-05-12,1,
mmeka,1146,2013-07-15,4,
elivingstonep,3975,2023-04-29,4,
thargess27,11,2015-08-08,2,
elivingstonep,4186,2009-07-26,3,
astoate1c,610,2016-05-15,4,
apetchell15,774,2015-10-13,4,
ahorbath1a,1091,2024-05-31,1,
cosbaldestony,2632,2010-01-17,2,
dayllett1i,989,2015-11-24,4,
gtapine,2579,2023-11-19,4,
bfiggins23,3639,2013-05-24,1,
gtoffolonio,4771,2015-04-01,2,
jmccarterx,1260,2025-01-17,3,
cniesel0,3445,2021-06-05,1,
fscreech6,909,2024-01-23,2,
avasechkin2g,4180,2009-09-17,1,
jhearsey25,2995,2014-10-24,2,
ccrippin21,4632,2025-01-27,4,
jhaslen2e,485,2019-08-07,4,
glongbottom16,3768,2022-02-19,4,
mmeka,1779,2019-01-14,4,
lshattock1e,4222,2013-05-31,4,
cdevaneyc,2029,2018-08-01,4,
tsowrah1t,3762,2023-03-13,2,
mwhitnell7,1155,2024-08-06,2,
marnaez24,2223,2008-10-29,1,
sbignell19,3382,2017-05-22,3,
bdundin1f,246,2013-05-04,1,
aeul1o,4569,2018-04-29,1,
kstammler1m,3646,2020-09-19,4,
ppointon2l,1412,2008-03-19,4,
tfley1q,1860,2022-12-01,1,
jmarkos29,1387,2020-02-27,2,
hseabrocke2m,1624,2017-11-10,1,
oaloshkinj,3428,2016-09-26,2,
jmccarterx,2033,2012-07-08,1,
olechmere1k,869,2020-05-03,4,
fbernon1j,2250,2018-06-25,4,
llangloisi,2565,2022-06-10,4,
cdevaneyc,2842,2012-03-12,4,
cniesel0,3344,2014-07-03,3,
thargess27,4410,2008-11-25,1,
knewling1s,1829,2024-09-15,3,
gtapine,1283,2008-12-30,4,
llangloisi,560,2021-03-22,1,
jhaslen2e,2135,2017-09-24,2,
marnaez24,2656,2026-03-31,3,
xbenion2f,3850,2023-11-27,3,
ebatchelor22,1085,2025-09-22,4,
vsecretan1z,4779,2019-04-15,4,
cyannoni1w,3110,2018-06-18,3,
ppointon2l,847,2015-05-21,2,
gtapine,1976,2019-10-28,4,
apetchell15,3061,2015-08-31,2,
cyannoni1w,4256,2008-07-16,3,
sbignell19,2335,2015-08-14,3,
bboobierv,352,2010-11-11,2,
ssparshettb,648,2025-12-11,2,
lconaboy11,3219,2013-07-22,2,
thargess27,3482,2012-11-09,2,
vmuslimf,327,2009-09-02,1,
tmusickaw,3196,2023-07-23,3,
kstammler1m,3003,2021-09-06,1,
xbenion2f,1051,2025-01-06,4,
cyannoni1w,1004,2024-01-24,1,
garonovich1v,750,2018-09-12,1,
rrosten1x,3211,2025-08-27,2,
mcharlot12,82,2025-10-14,2,
cyannoni1w,3264,2017-09-28,4,
tfley1q,4072,2022-11-24,4,
ahorbath1a,3682,2020-01-14,3,
vsecretan1z,4621,2019-05-21,2,
rrosten1x,1930,2022-08-31,2,
rgasgarthu,3539,2025-11-23,1,
vsecretan1z,3615,2023-03-23,1,
esouthwell2b,14,2019-07-17,1,
pcolleford2r,4060,2009-11-23,1,
ebatchelor22,2089,2011-03-22,3,
csedgeworthk,781,2017-04-08,2,
xbenion2f,2328,2014-07-10,3,
pvicaryn,296,2022-10-31,2,
dbruckshaw1l,2009,2019-08-15,3,
dsiene2k,4150,2018-10-10,4,
ashenton26,459,2011-11-06,1,
daleksidzer,697,2011-12-26,2,
battwellz,2974,2011-01-25,1,
cniesel0,742,2009-04-26,1,
ahorbath1a,220,2013-11-04,4,
dbruckshaw1l,2652,2013-08-31,2,
thargess27,3518,2015-08-13,3,
dbruckshaw1l,3910,2019-10-08,3,
jmonini18,241,2016-03-26,2,
ssparshettb,3532,2022-08-23,4,
dbruckshaw1l,7,2012-12-31,4,
dpiatto4,3645,2014-05-18,2,
egrestie2c,728,2018-08-31,2,
ashenton26,3808,2025-01-01,1,
cschild1y,2150,2011-03-03,3,
msmedmore2n,4724,2014-08-14,4,
ppointon2l,44,2021-01-18,2,
hpoundford2i,3656,2013-11-26,4,
pkyteley2j,4627,2008-05-25,3,
battwellz,3156,2011-04-06,2,
tsowrah1t,4772,2009-09-08,2,
cyannoni1w,183,2014-05-22,1,
tmusickaw,1495,2013-03-01,3,
kstonestreet20,784,2018-05-05,3,
bfiggins23,3721,2008-09-22,2,
tsowrah1t,4134,2009-02-23,3,
mcharlot12,1501,2010-09-14,4,
tfley1q,4753,2010-11-16,1,
cfrankcom2d,3101,2009-09-13,2,
mgarioch1p,4537,2025-10-23,2,
esouthwell2b,2544,2015-01-04,2,
lbudibent3,2751,2024-06-27,2,
aeul1o,1015,2016-04-03,4,
tsowrah1t,2926,2024-08-26,4,
ppointon2l,3719,2025-07-06,3,
fbernon1j,3408,2020-06-10,3,
oaloshkinj,3224,2020-05-26,1,
hpoundford2i,1997,2008-01-07,1,
gbezemer1h,3934,2010-01-24,1,
garonovich1v,4515,2008-03-14,3,
elivingstonep,632,2008-07-07,1,
gseadon28,3065,2015-02-20,3,
cwaszkiewicz1u,1957,2012-10-21,2,
avasechkin2g,1131,2025-05-03,1,
alloydwilliamsa,3655,2018-07-24,3,
dayllett1i,935,2013-09-08,4,
lmaxtedg,1489,2016-02-12,3,
tdundon1,3799,2016-12-10,3,
kstammler1m,4387,2009-11-26,2,
cyannoni1w,976,2026-04-16,2,
rwilcott10,2051,2014-10-21,1,
lmaxtedg,483,2012-10-15,3,
tsowrah1t,961,2020-05-16,2,
vmuslimf,1739,2020-08-16,2,
knewling1s,740,2013-12-11,1,
oaloshkinj,2655,2022-12-06,1,
dbruckshaw1l,2372,2022-12-13,4,
elivingstonep,2163,2010-09-16,4,
marnaez24,2853,2021-02-12,3,
jmccarterx,3837,2016-09-11,2,
daleksidzer,634,2008-04-13,4,
apetchell15,913,2024-03-28,4,
tpaulino2,306,2017-02-20,2,
aeul1o,3243,2025-05-19,4,
ksmedley1b,1033,2010-04-02,2,
lbudibent3,2895,2017-06-21,3,
cyannoni1w,558,2010-12-29,3,
csedgeworthk,3458,2017-03-28,3,
tdundon1,4303,2026-02-26,1,
marnaez24,2214,2020-12-25,3,
olechmere1k,2116,2014-04-13,3,
pvicaryn,1761,2025-12-29,1,
hpoundford2i,502,2013-02-01,1,
fbernon1j,3370,2019-06-25,1,
jcolyer5,1255,2021-04-03,2,
tdundon1,637,2023-11-27,2,
mcharlot12,1275,2017-08-20,2,
elivingstonep,1634,2011-08-14,3,
tlowden17,733,2014-06-06,4,
ebatchelor22,186,2008-07-18,2,
avasechkin2g,370,2014-09-20,4,
msmedmore2n,4192,2022-08-25,2,
lbudibent3,2608,2020-12-07,4,
cwaszkiewicz1u,3632,2023-03-24,4,
dayllett1i,4177,2016-10-20,3,
olechmere1k,969,2008-08-14,2,
swilemans,2311,2023-11-28,4,
tmusickaw,1326,2023-11-01,2,
dayllett1i,3385,2012-11-18,2,
cniesel0,761,2008-12-02,2,
thargess27,665,2015-08-25,3,
mromandl,3492,2015-05-14,4,
vsecretan1z,208,2009-11-28,1,
olechmere1k,3380,2024-09-08,1,
mromandl,2709,2020-04-08,4,
prosenfelt14,3271,2015-01-21,3,
rbottrellt,326,2009-08-28,3,
sponteq,5,2012-03-31,4,
csedgeworthk,3350,2011-02-27,4,
apetchell15,3379,2021-03-15,2,
mcharlot12,4675,2022-04-03,4,
dsiene2k,223,2011-06-17,1,
jhaslen2e,2025,2025-08-02,4,
llangloisi,695,2013-12-27,4,
msmedmore2n,2194,2011-06-21,4,
rtwitchings9,3729,2019-07-27,4,
jmccarterx,631,2024-08-08,1,
aecclestone1d,4080,2013-09-10,3,
rfoulis13,4184,2010-01-05,4,
kstonestreet20,2304,2014-06-15,1,
rfoulis13,2612,2019-03-29,4,
avasechkin2g,4142,2021-07-06,3,
llangloisi,4176,2015-11-11,3,
tsowrah1t,3871,2026-02-09,4,
ashenton26,2337,2012-06-22,3,
gtapine,4455,2026-04-28,3,
csedgeworthk,4441,2016-10-07,4,
pkyteley2j,874,2025-01-04,4,
kstonestreet20,1802,2013-03-29,1,
knewling1s,1696,2015-12-20,2,
lconaboy11,171,2015-03-24,3,
hseabrocke2m,1259,2018-11-18,2,
cniesel0,4737,2014-06-08,4,
pkyteley2j,1674,2020-05-20,1,
tlowden17,2014,2023-02-07,1,
aeul1o,2110,2009-09-02,2,
kstammler1m,3319,2018-11-21,1,
tmusickaw,1101,2021-05-16,2,
lmaxtedg,209,2014-12-06,2,
avasechkin2g,369,2025-04-11,1,
alloydwilliamsa,332,2017-02-18,1,
jcolyer5,1147,2010-05-07,4,
jdellcasa1n,2135,2024-06-10,1,
mcharlot12,3395,2019-03-08,4,
rwilcott10,4296,2012-01-06,1,
olechmere1k,2986,2013-05-10,2,
mdampier2q,279,2016-11-15,4,
kstonestreet20,2533,2023-04-09,4,
battwellz,2993,2015-05-12,2,
bboobierv,2300,2011-02-23,4,
jdellcasa1n,1929,2013-01-29,4,
wleatt2o,2843,2012-04-25,2,
gtoffolonio,1144,2020-08-14,2,
gtapine,4634,2010-07-22,2,
mromandl,3534,2011-10-26,1,
marnaez24,3284,2026-01-24,1,
avasechkin2g,1435,2012-11-22,4,
rgasgarthu,4077,2025-05-07,4,
kstonestreet20,2556,2020-04-22,2,
hseabrocke2m,3688,2012-09-11,4,
tmusickaw,3329,2018-12-03,1,
aheyward1g,2296,2021-03-23,2,
fbernon1j,390,2010-08-24,4,
rtwitchings9,4305,2024-12-19,1,
lmaxtedg,1165,2024-11-18,1,
glongbottom16,1805,2023-04-13,4,
mvasseh,2932,2026-04-30,1,
oaloshkinj,4486,2010-02-25,1,
pvicaryn,3279,2010-04-21,4,
egabbatiss2p,291,2021-12-15,4,
bdundin1f,709,2018-06-06,2,
tmusickaw,1802,2014-01-27,3,
mcharlot12,3605,2010-04-09,1,
dbruckshaw1l,4000,2014-06-26,3,
csedgeworthk,3133,2012-11-02,4,
thargess27,1163,2025-09-03,3,
xbenion2f,3471,2017-11-19,2,
kstonestreet20,1830,2014-03-17,4,
tpaulino2,1623,2013-09-02,4,
ccockerham8,908,2008-07-08,3,
fscreech6,2401,2019-07-10,3,
xbenion2f,250,2008-07-29,4,
cniesel0,3822,2016-08-12,3,
rbottrellt,2546,2025-11-26,4,
dsiene2k,1547,2008-05-25,2,
gseadon28,420,2018-12-10,3,
dayllett1i,1834,2017-06-17,1,
cschild1y,3445,2022-12-14,2,
oaloshkinj,1724,2015-12-11,3,
cwaszkiewicz1u,3932,2012-04-30,1,
rrosten1x,4475,2022-05-20,1,
xbenion2f,4659,2014-10-14,4,
rfoulis13,1978,2022-01-18,4,
garonovich1v,4555,2008-02-18,4,
cdevaneyc,2478,2010-11-11,3,
dayllett1i,4355,2021-11-08,4,
mromandl,2320,2015-05-05,3,
tmusickaw,2975,2017-08-25,3,
lmaxtedg,1627,2021-08-07,3,
mmeka,1106,2016-03-05,3,
jhaslen2e,2481,2019-04-14,1,
mmeka,3058,2020-07-06,2,
rtwitchings9,3813,2016-06-30,4,
avasechkin2g,4127,2025-04-29,1,
gseadon28,1015,2026-04-22,4,
dsiene2k,3726,2018-12-13,1,
tfley1q,3910,2013-05-12,3,
gtoffolonio,2731,2017-05-18,2,
pcolleford2r,3305,2010-02-04,1,
ahorbath1a,3668,2017-08-10,1,
egrestie2c,50,2012-08-03,3,
cyannoni1w,4753,2009-04-05,2,
ksmedley1b,1505,2009-09-03,4,
vsecretan1z,3127,2008-12-30,3,
rfoulis13,358,2015-12-25,3,
hseabrocke2m,1204,2018-08-20,3,
csedgeworthk,3864,2017-02-25,2,
kstammler1m,2603,2017-04-06,1,
gseadon28,1195,2021-04-21,3,
ccockerham8,3930,2009-04-09,4,
sponteq,533,2008-05-03,3,
mmeka,1797,2009-09-06,4,
ahorbath1a,3226,2019-07-09,1,
dayllett1i,4039,2010-04-04,3,
ppointon2l,3720,2012-01-26,4,
knewling1s,2295,2013-02-13,3,
pvicaryn,2823,2020-06-22,1,
elivingstonep,4741,2012-01-22,4,
fbernon1j,901,2018-04-22,4,
tpaulino2,4543,2022-04-24,4,
wleatt2o,1364,2019-08-10,2,
ccockerham8,2727,2008-12-01,4,
xbenion2f,1292,2022-08-04,2,
xbenion2f,281,2009-02-10,2,
jhearsey25,876,2020-09-28,1,
tsowrah1t,1320,2012-09-16,1,
lconaboy11,1736,2020-03-10,4,
apetchell15,584,2013-06-24,2,
bfiggins23,2165,2025-09-22,1,
bfiggins23,211,2020-01-22,3,
egabbatiss2p,794,2021-08-08,3,
mdampier2q,2039,2012-04-20,4,
fscreech6,1725,2022-06-11,3,
ssimoes2a,1457,2012-08-12,2,
mwhitnell7,3158,2012-01-28,4,
kstammler1m,3641,2015-01-18,3,
hseabrocke2m,3108,2016-06-24,4,
msmedmore2n,1455,2015-01-30,3,
bfiggins23,504,2013-03-16,4,
cwaszkiewicz1u,1121,2017-10-27,1,
thargess27,2831,2011-04-08,3,
lbudibent3,4039,2025-03-31,4,
pvicaryn,495,2020-01-03,2,
csedgeworthk,2249,2015-10-16,2,
olechmere1k,1235,2020-04-26,3,
jmarkos29,2270,2020-07-04,1,
mmeka,2515,2024-01-17,4,
bdundin1f,3479,2023-11-21,1,
lshattock1e,1419,2013-04-03,2,
cwaszkiewicz1u,4756,2012-07-05,2,
mwhitnell7,4237,2022-06-14,3,
aecclestone1d,2156,2022-03-31,1,
rwilcott10,2775,2013-12-08,1,
hpoundford2i,1872,2012-07-20,3,
onewberryd,4578,2017-02-21,3,
cwaszkiewicz1u,1079,2018-12-26,2,
llangloisi,114,2016-03-06,2,
aecclestone1d,1147,2010-09-01,2,
apetchell15,3530,2017-07-13,2,
prosenfelt14,3041,2009-03-24,3,
tdundon1,644,2011-08-03,1,
dbruckshaw1l,4140,2018-07-02,4,
aheyward1g,1116,2012-10-02,4,
lmaxtedg,1014,2026-03-14,4,
rfoulis13,1179,2016-04-21,4,
tmusickaw,3940,2022-11-03,3,
cyannoni1w,1830,2011-01-07,3,
egabbatiss2p,4779,2008-11-04,2,
cniesel0,1215,2014-10-09,4,
jhearsey25,1931,2021-02-04,2,
jmarkos29,1540,2024-01-03,4,
kstonestreet20,2478,2020-05-15,1,
mdampier2q,999,2022-02-22,4,
ashenton26,1210,2009-09-06,4,
dsiene2k,2924,2024-11-24,3,
llangloisi,4361,2019-05-27,2,
fscreech6,1233,2017-12-19,2,
cfrankcom2d,4515,2013-10-05,4,
glongbottom16,105,2021-05-31,4,
llangloisi,1167,2014-10-18,2,
mwhitnell7,3629,2025-05-31,1,
rrosten1x,2635,2025-03-10,1,
battwellz,686,2014-11-13,2,
fbernon1j,2124,2023-03-25,1,
cfrankcom2d,3724,2017-05-22,4,
ppointon2l,3471,2022-02-24,1,
sponteq,2592,2016-04-29,1,
lconaboy11,4462,2022-05-26,2,
ebatchelor22,802,2024-11-05,3,
lshattock1e,4630,2017-04-01,3,
llangloisi,2898,2021-07-27,2,
thargess27,18,2016-05-31,3,
jmccarterx,628,2025-12-02,4,
ssimoes2a,2282,2015-08-03,4,
aeul1o,1601,2016-10-06,2,
gtoffolonio,2265,2016-02-07,3,
aeul1o,4325,2026-04-17,1,
mromandl,273,2022-11-21,2,
vsecretan1z,3053,2011-02-13,1,
ksmedley1b,2816,2026-02-05,1,
ccrippin21,3876,2019-01-21,3,
mdampier2q,4139,2020-08-19,3,
bfiggins23,899,2021-10-30,3,
gbezemer1h,99,2012-01-17,2,
jmonini18,3934,2010-10-29,3,
aheyward1g,2873,2021-08-25,4,
rbottrellt,2493,2019-03-09,4,
lshattock1e,1192,2009-04-27,3,
wleatt2o,2075,2025-04-27,1,
lshattock1e,3322,2025-05-30,4,
pcolleford2r,535,2020-03-14,2,
tmusickaw,621,2026-02-26,1,
mgarioch1p,4503,2010-10-15,4,
cniesel0,3517,2011-06-14,3,
kstammler1m,3110,2024-03-26,3,
dsiene2k,2391,2012-07-16,4,
mvasseh,1648,2025-02-05,2,
xbenion2f,3901,2009-04-18,2,
tmusickaw,3148,2010-01-04,2,
mromandl,2858,2019-08-05,2,
marnaez24,1626,2017-03-31,4,
mromandl,3247,2016-09-18,3,
ccrippin21,3643,2017-08-03,2,
gtoffolonio,4010,2013-11-03,3,
cosbaldestony,1586,2008-09-02,1,
battwellz,1411,2012-06-06,3,
hseabrocke2m,1443,2025-10-12,4,
esouthwell2b,1244,2008-02-03,2,
jvasilenko2h,3653,2018-04-09,2,
cniesel0,3938,2023-10-17,2,
bdundin1f,4331,2010-08-20,3,
lmaxtedg,4485,2024-01-09,3,
oaloshkinj,3462,2009-12-05,3,
gseadon28,856,2016-09-13,3,
bdundin1f,4130,2016-01-11,1,
pcolleford2r,2312,2016-03-22,3,
avasechkin2g,2235,2012-02-29,1,
ashenton26,2880,2014-04-18,1,
lshattock1e,4348,2012-07-24,2,
lbudibent3,3319,2017-04-06,2,
cwaszkiewicz1u,3173,2016-02-17,4,
gtoffolonio,1006,2021-09-17,3,
vmuslimf,3192,2008-05-04,1,
avasechkin2g,62,2019-12-18,3,
jmarkos29,3319,2009-01-22,3,
onewberryd,1036,2024-12-14,4,
lbudibent3,1273,2015-02-09,1,
ksmedley1b,1007,2008-11-02,4,
dpiatto4,3128,2022-03-11,1,
esouthwell2b,205,2022-09-12,4,
daleksidzer,3204,2018-01-09,3,
fscreech6,405,2008-04-15,2,
jdellcasa1n,597,2018-10-09,1,
gtapine,4367,2012-06-28,3,
aecclestone1d,805,2014-10-08,1,
rfoulis13,4505,2008-11-20,1,
tmusickaw,4121,2020-04-22,3,
wleatt2o,1192,2018-10-14,4,
cschild1y,314,2017-08-25,1,
battwellz,1436,2023-10-30,1,
sbignell19,762,2009-08-05,3,
jhaslen2e,2221,2010-07-07,1,
oaloshkinj,3299,2010-05-22,3,
wdjordjevic1r,2274,2017-04-07,3,
avasechkin2g,4508,2012-10-15,4,
pcolleford2r,4447,2013-02-04,3,
gtapine,364,2011-08-02,4,
cyannoni1w,493,2012-05-26,1,
bboobierv,1444,2024-11-11,2,
hseabrocke2m,1112,2021-08-29,2,
aecclestone1d,3952,2012-07-19,1,
jmarkos29,799,2016-02-13,2,
gtapine,1139,2010-08-02,4,
kstammler1m,3217,2020-06-08,2,
mwhitnell7,4462,2025-11-02,2,
dsiene2k,3568,2017-12-30,3,
apetchell15,1386,2018-11-26,1,
pcolleford2r,2947,2021-09-16,3,
ccrippin21,2330,2009-12-13,3,
cwaszkiewicz1u,2143,2008-12-09,3,
afradsonm,4189,2024-10-29,3,
vmuslimf,3541,2015-12-24,3,
elivingstonep,3992,2017-07-18,2,
thargess27,3411,2015-04-18,1,
bboobierv,1092,2024-05-04,1,
apetchell15,319,2020-05-01,1,
dpiatto4,2920,2023-01-25,4,
cschild1y,675,2021-10-03,3,
mromandl,36,2011-11-25,3,
cosbaldestony,4510,2009-02-05,2,
sponteq,2744,2024-01-09,2,
oaloshkinj,2204,2024-10-20,4,
bdundin1f,3094,2020-12-17,2,
hseabrocke2m,4411,2016-02-27,4,
hseabrocke2m,1099,2014-12-05,4,
marnaez24,2547,2024-11-28,4,
ccockerham8,2170,2026-04-22,4,
pvicaryn,4377,2022-03-23,3,
ashenton26,3941,2020-04-01,4,
ebatchelor22,4203,2025-06-09,2,
tdundon1,2304,2015-06-28,1,
llangloisi,1739,2011-04-27,3,
dayllett1i,1646,2021-12-14,4,
garonovich1v,4751,2012-06-20,2,
fbernon1j,3379,2025-03-29,1,
gtoffolonio,3756,2019-10-28,4,
mcharlot12,1160,2014-04-19,3,
alloydwilliamsa,1502,2014-09-06,2,
fbernon1j,4016,2012-03-03,4,
mgarioch1p,1326,2013-12-21,2,
ashenton26,4128,2015-04-06,4,
rfoulis13,1073,2019-05-14,2,
cfrankcom2d,4458,2012-10-04,4,
mmeka,494,2016-04-25,1,
garonovich1v,4169,2013-03-14,1,
xbenion2f,2812,2015-05-15,3,
afradsonm,2661,2014-01-31,1,
knewling1s,3087,2024-07-01,3,
bfiggins23,223,2023-10-02,1,
rrosten1x,4468,2019-07-19,3,
dayllett1i,4239,2011-06-24,2,
tpaulino2,2820,2014-05-22,1,
daleksidzer,3921,2017-12-06,2,
marnaez24,1864,2025-03-08,1,
bdundin1f,613,2017-07-30,3,
tfley1q,12,2014-11-26,4,
alloydwilliamsa,746,2019-05-18,4,
prosenfelt14,3884,2017-09-15,4,
ssimoes2a,2587,2022-11-07,3,
cosbaldestony,1367,2020-03-31,1,
ppointon2l,4541,2022-12-29,4,
rrosten1x,799,2017-08-25,2,
avasechkin2g,1223,2024-01-09,1,
mvasseh,213,2011-10-07,3,
mvasseh,1322,2024-06-15,4,
tdundon1,2410,2017-08-03,4,
gtapine,3374,2020-01-28,4,
ssparshettb,4607,2024-01-11,4,
kstonestreet20,2333,2025-02-10,4,
jmonini18,4206,2018-03-10,1,
bfiggins23,1527,2017-12-29,4,
oaloshkinj,3218,2024-10-06,3,
lbudibent3,1490,2021-10-16,4,
gtapine,3780,2010-11-04,3,
dayllett1i,1712,2014-03-08,2,
llangloisi,4218,2023-01-20,3,
cfrankcom2d,1582,2025-01-17,2,
glongbottom16,2074,2024-04-07,1,
cschild1y,3684,2013-08-26,3,
cdevaneyc,4096,2017-06-01,2,
dsiene2k,4349,2025-05-06,4,
ccrippin21,314,2017-10-05,4,
avasechkin2g,4530,2014-06-24,2,
fbernon1j,1086,2021-07-14,2,
xbenion2f,2051,2023-05-02,2,
cschild1y,1745,2015-08-09,1,
pvicaryn,1138,2018-11-14,1,
afradsonm,4501,2015-08-16,1,
egabbatiss2p,4353,2012-12-20,3,
cyannoni1w,1578,2025-02-01,3,
cosbaldestony,2396,2019-03-26,4,
marnaez24,3516,2013-08-29,3,
dsiene2k,1476,2024-03-05,2,
marnaez24,792,2022-10-23,2,
rfoulis13,331,2015-02-08,4,
afradsonm,2387,2012-07-15,4,
rwilcott10,812,2009-09-11,3,
jcolyer5,1157,2013-06-25,2,
gtoffolonio,272,2016-07-31,2,
battwellz,1912,2009-03-22,2,
cwaszkiewicz1u,2366,2015-11-08,3,
hpoundford2i,3447,2014-06-01,3,
rgasgarthu,232,2020-11-06,3,
ahorbath1a,1924,2024-03-12,1,
tpaulino2,3824,2008-07-25,1,
rtwitchings9,510,2019-05-09,1,
lshattock1e,2552,2013-11-19,3,
lconaboy11,2742,2013-11-10,4,
elivingstonep,2688,2016-11-14,4,
fbernon1j,1248,2016-07-18,3,
mcharlot12,4085,2021-10-08,3,
lbudibent3,2814,2014-12-13,2,
jhearsey25,188,2025-05-29,4,
egrestie2c,857,2008-02-20,1,
ssimoes2a,1042,2019-08-27,1,
ksmedley1b,827,2013-06-24,4,
prosenfelt14,1152,2014-06-13,4,
egabbatiss2p,613,2017-06-10,4,
mvasseh,4167,2022-11-24,1,
daleksidzer,29,2020-08-19,3,
kstammler1m,4517,2020-01-15,1,
ssimoes2a,4108,2019-08-26,2,
thargess27,4554,2012-08-26,1,
bdundin1f,574,2026-04-07,1,
tmusickaw,1991,2020-12-23,2,
llangloisi,2827,2024-02-18,1,
astoate1c,289,2020-03-14,4,
marnaez24,4747,2016-07-22,1,
battwellz,4109,2020-04-29,2,
tdundon1,632,2023-10-17,4,
vmuslimf,3621,2020-07-09,2,
alloydwilliamsa,1111,2016-11-19,3,
rwilcott10,4320,2020-02-03,2,
cyannoni1w,4041,2011-03-29,4,
jdellcasa1n,438,2024-05-30,3,
ssimoes2a,557,2015-03-04,2,
oaloshkinj,397,2023-03-31,1,
jvasilenko2h,3396,2023-02-01,3,
sbignell19,3307,2011-10-03,2,
pcolleford2r,3308,2009-05-20,4,
astoate1c,60,2018-10-21,1,
dayllett1i,4032,2025-09-22,2,
ccrippin21,826,2011-09-20,4,
cwaszkiewicz1u,991,2017-10-21,3,
lconaboy11,2943,2021-03-22,2,
avasechkin2g,599,2024-12-27,3,
jhaslen2e,3060,2021-07-26,2,
bfiggins23,555,2009-12-12,2,
kstammler1m,2202,2012-03-16,4,
hpoundford2i,1356,2022-09-15,4,
msmedmore2n,4533,2022-04-02,1,
jmarkos29,1947,2013-05-07,4,
msmedmore2n,2741,2022-11-14,4,
avasechkin2g,3875,2024-08-28,2,
lbudibent3,2267,2008-05-31,2,
jhaslen2e,2980,2021-01-08,1,
afradsonm,1342,2010-03-09,3,
cfrankcom2d,2225,2020-02-24,2,
cniesel0,1071,2012-12-04,2,
cschild1y,4660,2020-07-29,1,
swilemans,2359,2008-05-08,2,
egabbatiss2p,3079,2024-09-05,1,
wdjordjevic1r,4305,2014-07-01,4,
egabbatiss2p,2276,2016-08-31,4,
tsowrah1t,4391,2013-10-11,3,
mgarioch1p,4092,2021-04-21,4,
jmccarterx,2179,2026-03-12,4,
rrosten1x,765,2011-04-01,3,
cfrankcom2d,4671,2009-10-26,3,
cyannoni1w,624,2020-06-26,1,
ssparshettb,1198,2015-06-11,2,
thargess27,5,2016-08-14,3,
xbenion2f,4625,2014-06-07,1,
msmedmore2n,306,2022-06-11,3,
gtoffolonio,3520,2011-04-20,2,
jmccarterx,3821,2011-09-01,2,
lbudibent3,4785,2013-05-22,1,
knewling1s,3189,2024-06-08,1,
ppointon2l,736,2014-06-06,3,
battwellz,38,2011-06-01,2,
tfley1q,625,2008-12-13,1,
tfley1q,2828,2016-05-12,1,
mvasseh,1915,2011-10-14,3,
prosenfelt14,158,2024-07-29,3,
cwaszkiewicz1u,2336,2024-12-08,2,
lbudibent3,3543,2022-04-25,4,
tsowrah1t,2151,2020-04-27,1,
glongbottom16,4403,2018-12-07,4,
wdjordjevic1r,4793,2018-04-03,1,
thargess27,4485,2016-01-04,4,
fbernon1j,4381,2014-08-26,2,
mcharlot12,580,2021-02-17,1,
glongbottom16,1857,2014-11-28,1,
csedgeworthk,683,2021-12-02,4,
dayllett1i,3491,2024-08-28,1,
kstonestreet20,3208,2020-08-15,3,
vmuslimf,2241,2008-11-05,2,
jdellcasa1n,1262,2025-04-26,4,
mvasseh,3486,2024-11-04,4,
bfiggins23,2180,2020-07-12,1,
rfoulis13,3620,2008-01-06,2,
mmeka,275,2020-07-22,4,
swilemans,2287,2025-11-20,1,
vmuslimf,3128,2010-07-19,4,
rwilcott10,4782,2012-04-05,1,
mcharlot12,145,2017-02-22,2,
cosbaldestony,1425,2008-01-11,4,
elivingstonep,1761,2022-06-09,2,
jmccarterx,315,2010-07-20,1,
wleatt2o,4386,2015-06-10,2,
pvicaryn,1433,2010-10-27,3,
battwellz,1062,2021-01-30,1,
ebatchelor22,4181,2010-06-12,3,
gseadon28,3665,2021-05-13,4,
mwhitnell7,1638,2024-10-30,4,
ahorbath1a,4715,2024-07-14,2,
jmccarterx,1581,2024-09-01,2,
mdampier2q,4393,2026-01-22,2,
gbezemer1h,2954,2011-06-07,1,
aecclestone1d,3474,2011-10-29,4,
ccockerham8,1104,2024-01-22,4,
cdevaneyc,4606,2020-08-27,4,
llangloisi,4067,2009-11-11,2,
swilemans,2538,2016-09-09,2,
cwaszkiewicz1u,1277,2024-01-11,2,
ppointon2l,991,2011-05-10,1,
cniesel0,510,2014-02-24,3,
kstammler1m,3439,2022-07-04,4,
jcolyer5,106,2009-05-28,4,
xbenion2f,3513,2025-12-01,3,
ccrippin21,1789,2017-01-31,1,
ssimoes2a,841,2024-09-13,3,
dpiatto4,2908,2019-06-11,3,
cyannoni1w,4625,2022-06-14,2,
esouthwell2b,1408,2012-12-28,4,
gbezemer1h,4013,2013-07-20,3,
ssimoes2a,2715,2022-04-21,3,
lconaboy11,3705,2010-06-22,3,
mdampier2q,3054,2009-06-09,1,
jvasilenko2h,4213,2026-01-12,3,
rwilcott10,4254,2017-10-15,3,
wleatt2o,376,2012-04-08,1,
bboobierv,4365,2018-02-27,1,
dsiene2k,1230,2020-04-30,2,
gseadon28,2249,2011-11-18,3,
mdampier2q,2898,2012-08-10,1,
rfoulis13,3387,2025-09-02,2,
xbenion2f,769,2021-09-05,2,
aecclestone1d,2438,2024-07-31,1,
jdellcasa1n,4185,2016-11-13,2,
tlowden17,2392,2017-08-25,3,
kstammler1m,1977,2019-09-16,2,
garonovich1v,389,2008-08-23,2,
afradsonm,2166,2013-07-15,4,
alloydwilliamsa,4762,2016-09-16,1,
ppointon2l,605,2019-09-30,2,
hseabrocke2m,4571,2022-08-03,1,
esouthwell2b,4555,2010-10-01,2,
lbudibent3,4646,2018-07-21,3,
mmeka,4498,2014-11-06,1,
ahorbath1a,174,2012-03-31,4,
lmaxtedg,3271,2020-08-17,1,
wleatt2o,2838,2016-11-06,2,
cwaszkiewicz1u,3905,2023-10-25,3,
rbottrellt,1477,2024-04-02,2,
sbignell19,104,2023-08-11,4,
dbruckshaw1l,1151,2018-09-07,2,
ccrippin21,3073,2019-06-25,1,
dayllett1i,4271,2010-05-24,3,
glongbottom16,891,2010-11-30,3,
mromandl,2474,2016-11-25,3,
cfrankcom2d,1279,2016-09-27,2,
tpaulino2,1889,2018-08-24,2,
gbezemer1h,2,2018-10-06,1,
tmusickaw,1322,2017-04-13,2,
wdjordjevic1r,3757,2017-10-09,3,
mcharlot12,2775,2025-03-29,4,
gbezemer1h,3062,2014-01-12,4,
tfley1q,3353,2020-11-28,3,
oaloshkinj,2129,2018-06-11,2,
tpaulino2,432,2015-04-03,4,
dayllett1i,2516,2009-04-16,4,
mcharlot12,2617,2015-09-03,2,
lconaboy11,4537,2015-12-27,2,
pvicaryn,1678,2009-06-21,1,
rrosten1x,1915,2015-01-23,2,
kstammler1m,4549,2016-06-26,2,
ssparshettb,3433,2018-06-18,4,
cniesel0,1218,2019-04-20,1,
fbernon1j,2883,2022-08-12,3,
aheyward1g,3866,2010-04-11,4,
cschild1y,2371,2023-10-29,4,
ccrippin21,3364,2013-02-20,1,
egabbatiss2p,2096,2022-10-28,2,
bfiggins23,2109,2022-06-20,2,
mvasseh,596,2016-01-11,1,
dpiatto4,4565,2026-03-19,3,
vmuslimf,4399,2022-01-03,3,
ebatchelor22,1874,2011-01-01,1,
aeul1o,4214,2011-01-17,2,
vmuslimf,3933,2017-04-16,2,
prosenfelt14,2813,2024-04-14,1,
tpaulino2,3716,2010-01-29,3,
mvasseh,1585,2023-07-24,2,
jmarkos29,2021,2020-01-18,2,
sponteq,4505,2008-06-16,2,
cyannoni1w,3127,2017-04-18,4,
fbernon1j,2540,2009-01-08,2,
bfiggins23,1845,2013-03-23,2,
cfrankcom2d,4587,2008-08-02,2,
lbudibent3,2580,2023-03-04,1,
bdundin1f,4638,2023-05-17,2,
rwilcott10,4018,2016-04-11,1,
esouthwell2b,63,2020-12-12,4,
marnaez24,1394,2010-09-13,4,
kstonestreet20,2741,2021-08-13,4,
jcolyer5,4258,2015-07-18,2,
rrosten1x,617,2016-09-14,4,
lbudibent3,295,2008-12-11,2,
elivingstonep,1612,2023-07-13,1,
thargess27,3281,2016-02-06,4,
jvasilenko2h,1988,2023-05-29,4,
bboobierv,2002,2016-06-04,1,
mdampier2q,3400,2020-05-08,4,
tdundon1,2900,2023-12-24,1,
pkyteley2j,2539,2011-08-22,3,
wleatt2o,333,2024-02-21,4,
rgasgarthu,1599,2008-07-02,1,
ahorbath1a,4675,2022-09-07,1,
gseadon28,1213,2012-04-09,2,
daleksidzer,2662,2017-06-07,3,
avasechkin2g,993,2011-01-08,4,
gbezemer1h,1728,2014-09-16,3,
hseabrocke2m,2511,2019-01-16,2,
afradsonm,3483,2020-02-10,4,
hseabrocke2m,3464,2019-02-08,2,
aheyward1g,3700,2020-11-12,2,
jmccarterx,620,2025-10-27,4,
tsowrah1t,816,2009-06-18,4,
daleksidzer,20,2016-10-09,3,
aecclestone1d,2531,2010-07-15,2,
dpiatto4,2083,2021-03-30,3,
ssparshettb,2108,2023-10-05,3,
kstammler1m,1985,2013-01-19,1,
tmusickaw,4525,2021-04-18,3,
sponteq,2359,2012-09-26,1,
esouthwell2b,2400,2009-03-05,2,
mgarioch1p,3117,2015-07-14,2,
sbignell19,3181,2015-08-12,3,
olechmere1k,3096,2016-08-28,4,
bdundin1f,2497,2022-06-03,3,
lbudibent3,2159,2016-12-10,2,
ebatchelor22,2755,2023-08-26,3,
jvasilenko2h,2006,2013-07-30,1,
ssparshettb,1287,2018-11-17,2,
jdellcasa1n,1139,2009-09-08,3,
cwaszkiewicz1u,2348,2014-09-20,4,
tpaulino2,759,2018-02-06,1,
ebatchelor22,2910,2018-06-11,1,
thargess27,230,2018-10-08,4,
apetchell15,3312,2022-02-09,3,
sbignell19,1107,2013-01-16,3,
sbignell19,439,2009-04-01,2,
egrestie2c,1377,2020-08-02,4,
ssimoes2a,1526,2014-08-12,1,
dpiatto4,3256,2011-06-24,2,
ebatchelor22,3319,2022-04-01,4,
mvasseh,1777,2021-05-26,1,
jcolyer5,2952,2015-12-11,3,
jmarkos29,4686,2018-06-14,4,
battwellz,4665,2012-09-09,3,
jmonini18,1286,2015-07-03,1,
battwellz,2539,2019-04-20,3,
ashenton26,100,2009-07-28,2,
pkyteley2j,1514,2009-10-15,4,
rbottrellt,2975,2011-07-03,4,
aecclestone1d,1449,2018-11-22,2,
bdundin1f,2991,2010-10-11,1,
egabbatiss2p,1587,2015-12-12,3,
swilemans,3045,2012-01-22,3,
onewberryd,2348,2012-08-04,4,
afradsonm,3597,2014-04-19,4,
aheyward1g,2343,2022-06-05,3,
aeul1o,1741,2020-02-19,1,
llangloisi,1053,2024-05-19,3,
battwellz,636,2025-05-26,4,
aeul1o,4151,2022-01-25,3,
pkyteley2j,3646,2018-03-23,2,
rfoulis13,1338,2010-07-05,4,
gtapine,2898,2020-05-16,1,
jvasilenko2h,22,2014-10-02,4,
ksmedley1b,1690,2018-11-03,2,
ccrippin21,2408,2015-04-15,4,
lmaxtedg,410,2020-01-05,1,
dpiatto4,1959,2019-04-19,4,
aheyward1g,2276,2020-09-30,3,
gtapine,722,2026-01-12,2,
lbudibent3,2196,2020-11-27,2,
rfoulis13,1659,2012-04-27,1,
vmuslimf,4025,2024-07-14,1,
hpoundford2i,679,2025-10-16,3,
jdellcasa1n,4491,2021-12-06,3,
jmarkos29,2947,2011-11-12,2,
astoate1c,1083,2015-03-09,2,
marnaez24,1642,2010-06-23,1,
avasechkin2g,3846,2020-07-27,3,
aecclestone1d,445,2012-01-25,2,
thargess27,56,2008-08-28,4,
mdampier2q,641,2017-12-03,1,
cfrankcom2d,1499,2013-08-20,3,
rgasgarthu,3582,2025-12-29,4,
msmedmore2n,2644,2016-04-22,1,
csedgeworthk,2059,2020-10-12,4,
wdjordjevic1r,526,2025-05-07,2,
daleksidzer,2317,2019-12-11,4,
hseabrocke2m,780,2008-08-31,4,
astoate1c,375,2024-07-30,3,
daleksidzer,2736,2018-10-13,2,
mwhitnell7,795,2020-06-20,1,
battwellz,839,2022-10-01,1,
ccrippin21,2016,2018-10-12,3,
llangloisi,3832,2023-05-23,3,
jcolyer5,701,2020-07-28,4,
gtoffolonio,3630,2026-02-08,2,
elivingstonep,4683,2020-06-26,1,
rgasgarthu,1568,2021-08-17,3,
cdevaneyc,318,2022-07-14,1,
cosbaldestony,1178,2019-11-12,2,
cniesel0,1619,2026-03-02,3,
pcolleford2r,4658,2009-03-01,4,
pvicaryn,2727,2016-04-22,4,
ppointon2l,3504,2018-04-28,1,
oaloshkinj,1592,2009-04-11,1,
garonovich1v,2298,2017-11-17,2,
elivingstonep,429,2015-06-30,2,
aeul1o,413,2019-12-20,3,
fscreech6,4599,2023-09-11,4,
thargess27,3529,2024-07-29,1,
jmccarterx,1950,2024-08-16,1,
rfoulis13,2068,2018-01-27,2,
tpaulino2,1113,2023-05-23,1,
alloydwilliamsa,700,2013-01-16,1,
gseadon28,1446,2020-05-22,1,
cwaszkiewicz1u,3797,2025-04-09,1,
jmarkos29,1692,2011-07-08,1,
egrestie2c,3874,2012-05-28,2,
avasechkin2g,2690,2012-12-03,2,
egrestie2c,2337,2025-12-02,3,
lmaxtedg,3302,2012-09-04,4,
rfoulis13,162,2014-11-09,3,
ahorbath1a,974,2012-05-14,1,
kstammler1m,2560,2015-09-21,1,
cosbaldestony,2636,2010-07-04,4,
ahorbath1a,2545,2012-04-04,2,
cwaszkiewicz1u,1306,2020-02-28,4,
mromandl,270,2019-05-04,4,
ebatchelor22,3015,2022-08-10,2,
jmonini18,3689,2008-10-29,2,
ashenton26,650,2011-05-30,3,
fbernon1j,3439,2011-01-03,1,
wleatt2o,4028,2013-05-24,4,
lbudibent3,3656,2009-05-26,3,
bboobierv,3674,2024-04-14,2,
wdjordjevic1r,3217,2013-02-03,4,
jdellcasa1n,3902,2015-05-18,1,
jhaslen2e,855,2019-10-13,1,
egabbatiss2p,2531,2016-05-18,4,
bdundin1f,4362,2009-10-30,3,
gbezemer1h,1409,2020-05-08,1,
rfoulis13,4335,2025-06-01,3,
bdundin1f,2420,2014-04-04,3,
tsowrah1t,2884,2017-04-05,4,
tpaulino2,604,2008-12-21,4,
mvasseh,3737,2010-03-08,1,
mmeka,82,2016-03-04,4,
sponteq,3682,2014-04-16,2,
hseabrocke2m,3417,2020-09-06,2,
cfrankcom2d,3419,2022-06-25,2,
jmarkos29,278,2022-06-04,3,
alloydwilliamsa,3359,2023-12-28,3,
astoate1c,2281,2024-02-05,3,
egrestie2c,4514,2018-08-07,2,
aeul1o,4587,2011-04-26,2,
esouthwell2b,3641,2021-08-07,2,
prosenfelt14,848,2025-12-12,1,
olechmere1k,2984,2025-12-17,1,
msmedmore2n,712,2023-11-10,3,
garonovich1v,3282,2009-06-16,4,
jhaslen2e,3372,2010-07-07,1,
cniesel0,887,2022-10-01,2,
avasechkin2g,1848,2010-06-19,3,
wdjordjevic1r,4230,2014-06-22,1,
cwaszkiewicz1u,3664,2014-04-06,3,
rgasgarthu,1488,2010-02-03,3,
egrestie2c,3594,2011-07-23,4,
mmeka,775,2018-11-03,1,
xbenion2f,1583,2024-05-07,1,
prosenfelt14,1399,2009-08-26,4,
rgasgarthu,1965,2016-05-24,2,
cfrankcom2d,3734,2024-10-02,2,
hpoundford2i,2045,2025-01-19,3,
lbudibent3,3086,2025-12-03,2,
tpaulino2,3594,2010-08-18,1,
llangloisi,3367,2009-05-18,3,
lmaxtedg,1370,2020-04-13,2,
swilemans,4695,2022-01-06,2,
mdampier2q,348,2014-09-04,4,
ssimoes2a,3775,2021-01-18,1,
ppointon2l,2803,2021-08-08,1,
lmaxtedg,251,2023-06-01,2,
gbezemer1h,4204,2022-01-11,4,
sbignell19,3533,2010-07-11,3,
rbottrellt,2074,2020-04-21,3,
kstammler1m,3911,2010-09-14,4,
dpiatto4,2889,2009-10-25,1,
jmarkos29,4031,2026-03-14,3,
xbenion2f,3628,2014-07-18,3,
jhaslen2e,4463,2021-03-23,3,
aeul1o,1614,2011-10-11,1,
astoate1c,3693,2024-06-12,4,
llangloisi,3589,2021-07-31,1,
pvicaryn,1766,2023-08-31,3,
oaloshkinj,2487,2017-12-06,4,
dbruckshaw1l,3195,2013-07-01,4,
lshattock1e,1879,2010-09-19,2,
dpiatto4,4171,2019-07-05,2,
ashenton26,888,2022-10-18,3,
ccrippin21,3187,2012-02-27,4,
garonovich1v,3964,2021-01-17,2,
bdundin1f,2165,2013-12-29,1,
rgasgarthu,2882,2017-10-28,2,
alloydwilliamsa,2454,2009-11-29,4,
daleksidzer,944,2009-03-02,1,
thargess27,1534,2024-02-20,2,
dsiene2k,4576,2023-05-09,1,
daleksidzer,1863,2009-10-11,2,
elivingstonep,4398,2012-11-26,3,
csedgeworthk,110,2016-11-22,2,
bboobierv,769,2014-10-21,2,
jhearsey25,3850,2010-08-10,3,
cosbaldestony,674,2021-07-04,2,
olechmere1k,98,2013-04-28,1,
tpaulino2,1567,2026-04-14,2,
wdjordjevic1r,3265,2024-12-28,2,
cdevaneyc,2268,2017-08-18,4,
kstammler1m,3737,2014-01-10,4,
tdundon1,2559,2019-03-12,2,
alloydwilliamsa,2515,2020-10-14,4,
avasechkin2g,3525,2014-04-23,3,
cyannoni1w,2065,2018-05-19,1,
ahorbath1a,3315,2026-02-15,4,
jhaslen2e,4132,2014-09-09,3,
swilemans,892,2024-03-15,3,
rwilcott10,2358,2019-09-10,1,
gseadon28,1880,2014-12-24,1,
bboobierv,83,2010-02-12,4,
jmonini18,1660,2018-09-28,1,
cosbaldestony,1941,2020-02-24,2,
jmccarterx,3711,2013-03-15,3,
pkyteley2j,45,2014-02-10,2,
tfley1q,871,2020-04-07,1,
cdevaneyc,4082,2020-07-24,1,
tlowden17,4613,2019-06-28,4,
kstammler1m,1798,2019-09-03,4,
tsowrah1t,4667,2008-05-05,4,
knewling1s,758,2020-03-21,1,
ssimoes2a,1687,2016-03-04,4,
sbignell19,121,2019-08-03,4,
jcolyer5,142,2019-10-14,2,
gbezemer1h,2235,2008-12-21,3,
kstonestreet20,1946,2026-02-12,4,
tfley1q,4011,2013-09-27,3,
ssparshettb,3124,2022-01-12,4,
kstonestreet20,1381,2020-05-08,1,
lbudibent3,3356,2018-04-29,4,
mgarioch1p,1310,2016-08-26,4,
gtapine,824,2012-07-30,3,
ssparshettb,3740,2025-05-25,3,
egrestie2c,3506,2017-07-24,1,
cwaszkiewicz1u,2221,2020-10-18,1,
gbezemer1h,3244,2016-10-15,4,
gtoffolonio,4608,2020-04-01,1,
mgarioch1p,4655,2015-12-12,4,
aheyward1g,2426,2015-12-16,2,
tdundon1,3884,2025-08-23,3,
wdjordjevic1r,4288,2024-11-12,4,
lshattock1e,833,2010-07-19,2,
jmonini18,3790,2024-12-09,2,
lshattock1e,2861,2020-10-22,4,
vsecretan1z,3164,2017-11-12,2,
rfoulis13,3362,2010-09-15,2,
tsowrah1t,2891,2012-07-19,1,
pkyteley2j,151,2014-06-25,1,
olechmere1k,4431,2010-10-10,1,
lconaboy11,176,2011-04-23,1,
hpoundford2i,896,2022-08-11,4,
pcolleford2r,4321,2016-08-20,2,
apetchell15,3410,2018-11-22,1,
mmeka,382,2008-10-13,2,
jmarkos29,1546,2019-10-08,1,
ahorbath1a,4313,2012-03-24,2,
mgarioch1p,3144,2018-11-28,1,
rrosten1x,1911,2024-08-24,1,
jmonini18,915,2024-10-08,4,
jhearsey25,4619,2021-06-03,2,
mwhitnell7,1274,2019-02-24,4,
fbernon1j,1009,2008-01-08,4,
dpiatto4,3265,2009-08-25,1,
pcolleford2r,1832,2019-05-18,1,
bdundin1f,885,2009-05-31,4,
pcolleford2r,1572,2009-05-06,2,
tlowden17,63,2008-11-15,2,
thargess27,4103,2017-08-13,4,
cdevaneyc,1078,2026-03-14,3,
avasechkin2g,2831,2024-01-07,2,
wdjordjevic1r,1210,2021-12-23,2,
cwaszkiewicz1u,3681,2016-11-15,2,
marnaez24,3938,2010-12-18,4,
cfrankcom2d,2058,2023-01-14,1,
bdundin1f,429,2020-08-09,4,
apetchell15,3185,2019-10-18,3,
ssimoes2a,2542,2011-06-08,2,
lbudibent3,1921,2023-01-03,1,
fbernon1j,578,2011-06-03,1,
jdellcasa1n,1548,2014-11-24,2,
rbottrellt,1021,2022-12-18,4,
bboobierv,3808,2020-04-06,1,
gseadon28,2584,2012-02-01,2,
marnaez24,809,2017-07-09,1,
mromandl,2325,2009-05-08,4,
ssimoes2a,3075,2022-02-04,3,
mgarioch1p,2389,2008-03-24,4,
rwilcott10,82,2013-07-05,3,
ccockerham8,3977,2019-11-18,4,
aheyward1g,3934,2022-03-14,1,
pvicaryn,2034,2023-06-13,1,
olechmere1k,431,2008-02-11,4,
fbernon1j,2931,2022-04-25,3,
mwhitnell7,3763,2022-02-26,3,
cfrankcom2d,2757,2016-06-16,2,
apetchell15,3837,2023-12-26,3,
knewling1s,2071,2008-08-24,4,
dbruckshaw1l,2744,2013-11-08,4,
mcharlot12,1227,2026-03-18,3,
egabbatiss2p,4421,2021-07-13,3,
pvicaryn,3553,2018-04-24,4,
glongbottom16,3838,2010-11-03,4,
sbignell19,604,2009-09-13,4,
sponteq,4366,2018-09-15,3,
mvasseh,2087,2020-01-28,1,
alloydwilliamsa,1845,2014-06-16,3,
apetchell15,131,2010-01-27,1,
pcolleford2r,2889,2013-11-07,3,
jhaslen2e,3053,2018-04-02,4,
tfley1q,1679,2022-01-27,2,
jdellcasa1n,1598,2025-02-03,4,
onewberryd,3925,2019-04-25,2,
wdjordjevic1r,4197,2021-12-29,3,
dsiene2k,4729,2014-12-30,1,
dpiatto4,3557,2016-05-17,4,
pvicaryn,2239,2016-12-05,1,
vsecretan1z,330,2011-05-06,3,
lbudibent3,933,2011-06-05,1,
kstammler1m,2965,2025-05-31,3,
cniesel0,774,2009-04-01,2,
astoate1c,3698,2013-10-09,3,
rfoulis13,2467,2009-12-02,4,
glongbottom16,1082,2014-03-08,2,
tsowrah1t,3144,2018-03-06,4,
rgasgarthu,2617,2025-12-11,3,
ashenton26,2170,2015-07-08,4,
jhaslen2e,3369,2023-08-31,2,
kstonestreet20,1617,2014-05-19,4,
mwhitnell7,3200,2011-12-14,3,
jhaslen2e,3816,2017-05-18,3,
dbruckshaw1l,2322,2023-12-16,1,
mwhitnell7,382,2023-06-24,2,
knewling1s,1749,2022-01-02,4,
mromandl,1101,2014-09-01,2,
lbudibent3,326,2015-03-17,2,
knewling1s,4696,2019-01-12,2,
onewberryd,4578,2026-02-01,3,
ahorbath1a,629,2018-10-03,4,
afradsonm,3173,2009-09-21,1,
ebatchelor22,4111,2012-02-11,1,
gtapine,3125,2018-06-11,4,
mwhitnell7,596,2016-06-17,4,
dpiatto4,1911,2019-07-14,4,
ssimoes2a,4782,2011-06-20,1,
cdevaneyc,562,2022-11-21,4,
dpiatto4,980,2021-12-08,3,
cdevaneyc,1919,2022-01-18,3,
bfiggins23,2263,2022-08-08,3,
wdjordjevic1r,2551,2014-01-04,1,
rbottrellt,372,2015-06-14,2,
dpiatto4,1458,2014-08-24,2,
bdundin1f,1437,2021-12-02,2,
mcharlot12,2610,2021-10-14,4,
egrestie2c,4313,2011-06-15,3,
olechmere1k,4495,2019-11-28,1,
cwaszkiewicz1u,3501,2009-06-14,4,
ebatchelor22,4029,2010-04-16,2,
hpoundford2i,3466,2011-03-29,1,
tfley1q,2164,2010-07-26,2,
ksmedley1b,2881,2016-02-08,2,
dbruckshaw1l,3145,2018-05-26,1,
tmusickaw,1385,2025-08-11,3,
cfrankcom2d,2758,2022-03-22,3,
marnaez24,3403,2021-11-26,2,
marnaez24,3378,2021-03-27,4,
cniesel0,4609,2019-05-12,4,
mcharlot12,3828,2012-02-22,1,
jvasilenko2h,2176,2011-03-20,2,
mmeka,38,2015-03-09,3,
kstonestreet20,4444,2023-03-09,4,
avasechkin2g,1648,2020-05-05,3,
csedgeworthk,4077,2017-12-11,1,
dpiatto4,3249,2025-08-25,3,
rrosten1x,1407,2011-12-29,3,
kstonestreet20,2541,2014-04-21,4,
glongbottom16,2647,2012-01-26,1,
tlowden17,1229,2022-11-10,2,
ebatchelor22,941,2012-10-18,1,
kstammler1m,2036,2015-01-01,3,
lmaxtedg,3770,2016-12-17,2,
vsecretan1z,1029,2011-11-25,2,
jmonini18,10,2022-10-05,4,
lbudibent3,2212,2018-08-18,2,
knewling1s,2548,2022-03-30,3,
jvasilenko2h,3482,2022-10-15,2,
gseadon28,1010,2021-01-16,1,
rrosten1x,2624,2019-08-31,3,
olechmere1k,41,2017-03-30,3,
dsiene2k,26,2014-01-12,4,
knewling1s,3189,2023-05-14,4,
ksmedley1b,2270,2022-06-26,4,
lconaboy11,4730,2013-06-13,4,
mmeka,3661,2020-08-12,3,
egrestie2c,2018,2024-03-15,3,
aheyward1g,4544,2017-06-18,1,
ccrippin21,3225,2017-06-25,2,
rgasgarthu,3033,2012-08-02,3,
jdellcasa1n,1736,2021-08-14,1,
daleksidzer,4295,2025-07-14,3,
fbernon1j,3509,2013-03-28,3,
mvasseh,3587,2012-08-26,3,
egrestie2c,3382,2014-08-05,2,
vmuslimf,58,2011-01-06,3,
kstonestreet20,2410,2012-12-03,4,
egrestie2c,3990,2025-01-02,1,
tfley1q,4606,2020-09-30,1,
kstonestreet20,614,2024-09-02,1,
alloydwilliamsa,1348,2015-01-25,4,
bboobierv,101,2012-08-02,3,
lconaboy11,1013,2010-06-18,1,
lconaboy11,1993,2015-09-11,2,
fscreech6,3902,2015-04-06,1,
ssparshettb,3463,2015-03-13,4,
esouthwell2b,1876,2024-11-24,4,
lbudibent3,4431,2010-01-04,1,
gseadon28,4162,2023-09-19,2,
mdampier2q,3647,2019-06-28,1,
mmeka,2016,2022-01-23,4,
pcolleford2r,281,2025-04-30,2,
egrestie2c,3904,2023-01-15,1,
ksmedley1b,817,2019-03-06,1,
avasechkin2g,2304,2009-12-06,4,
vmuslimf,4380,2011-06-17,1,
cosbaldestony,1896,2013-08-21,4,
elivingstonep,293,2023-06-08,4,
aeul1o,3631,2009-11-21,4,
fbernon1j,1543,2021-01-27,4,
cdevaneyc,2734,2012-10-20,4,
bfiggins23,3170,2025-01-26,4,
xbenion2f,481,2023-02-14,2,
lmaxtedg,2224,2023-09-30,3,
cschild1y,3190,2016-01-27,1,
tlowden17,3263,2017-07-25,1,
cfrankcom2d,1207,2009-03-16,2,
ssparshettb,3842,2010-07-24,3,
cwaszkiewicz1u,1353,2012-12-12,2,
gtoffolonio,1985,2016-02-18,2,
llangloisi,1817,2017-11-21,4,
gbezemer1h,1014,2008-02-07,1,
sbignell19,2721,2009-05-05,2,
ccockerham8,4749,2022-01-24,3,
kstonestreet20,1316,2012-03-05,3,
ebatchelor22,4521,2023-09-03,1,
cniesel0,875,2023-04-08,1,
hseabrocke2m,1439,2025-10-09,3,
oaloshkinj,3180,2019-03-04,2,
wdjordjevic1r,503,2024-09-18,3,
elivingstonep,2203,2023-12-09,4,
ccrippin21,843,2024-03-22,2,
ssparshettb,4478,2011-02-17,4,
garonovich1v,2619,2020-12-16,4,
ppointon2l,4739,2013-01-14,2,
dayllett1i,1167,2023-03-18,4,
csedgeworthk,470,2018-09-10,2,
pvicaryn,227,2017-10-17,2,
aheyward1g,3355,2023-10-02,2,
alloydwilliamsa,3162,2024-09-20,2,
dsiene2k,987,2010-01-19,4,
egrestie2c,4356,2020-02-11,1,
gseadon28,2979,2018-11-30,3,
rrosten1x,4357,2015-12-14,3,
vmuslimf,2136,2018-09-08,4,
kstonestreet20,2715,2010-12-21,2,
dpiatto4,1480,2023-05-02,4,
prosenfelt14,617,2024-07-21,1,
alloydwilliamsa,4223,2009-07-11,2,
mvasseh,4700,2008-04-06,4,
xbenion2f,2557,2017-09-15,4,
elivingstonep,1985,2024-12-01,4,
hseabrocke2m,938,2009-12-11,3,
cyannoni1w,4004,2014-03-21,2,
pkyteley2j,3898,2018-02-14,1,
kstonestreet20,1700,2019-01-14,2,
lmaxtedg,1552,2012-02-07,3,
tfley1q,2098,2011-05-12,3,
tlowden17,1572,2013-02-13,1,
astoate1c,4634,2020-06-27,2,
afradsonm,1764,2023-01-19,4,
jdellcasa1n,1483,2011-02-23,2,
ashenton26,4581,2010-01-06,4,
ccockerham8,671,2017-05-11,2,
gseadon28,4711,2009-03-27,1,
bboobierv,4425,2011-03-22,1,
cwaszkiewicz1u,1232,2025-01-23,3,
jmccarterx,3135,2011-07-07,1,
cosbaldestony,4199,2024-06-01,1,
mcharlot12,3111,2020-09-08,4,
aheyward1g,3528,2024-02-26,4,
ahorbath1a,3824,2023-10-09,4,
prosenfelt14,3173,2020-03-18,2,
onewberryd,1585,2012-10-15,1,
hseabrocke2m,1007,2010-06-27,1,
mmeka,3690,2023-05-23,3,
fscreech6,1515,2018-07-14,4,
mdampier2q,2801,2008-11-13,3,
jvasilenko2h,1615,2024-10-30,4,
avasechkin2g,3768,2024-04-11,4,
dbruckshaw1l,3834,2011-01-21,1,
prosenfelt14,3768,2011-03-16,1,
ccrippin21,1688,2011-05-23,2,
gseadon28,4640,2009-05-28,2,
bdundin1f,261,2011-11-16,1,
ssparshettb,1971,2008-03-12,1,
dbruckshaw1l,4710,2014-04-05,1,
cdevaneyc,775,2010-05-28,1,
garonovich1v,347,2015-05-09,3,
jmccarterx,235,2011-01-16,1,
sbignell19,1065,2013-06-16,1,
ssparshettb,4402,2020-12-21,4,
oaloshkinj,2233,2016-06-15,4,
elivingstonep,299,2026-01-30,1,
knewling1s,4074,2010-08-14,3,
lshattock1e,3498,2017-09-08,2,
lmaxtedg,1070,2010-08-11,3,
alloydwilliamsa,3645,2010-10-15,1,
rgasgarthu,1520,2022-01-16,2,
cdevaneyc,705,2022-02-19,1,
jvasilenko2h,4762,2008-06-21,4,
cniesel0,2834,2013-06-21,4,
oaloshkinj,975,2019-07-07,2,
olechmere1k,4667,2023-01-07,3,
mromandl,2362,2017-12-02,3,
lshattock1e,135,2020-05-15,4,
wleatt2o,2505,2018-07-14,2,
egrestie2c,149,2010-10-09,1,
gtoffolonio,4597,2020-07-13,3,
ashenton26,3476,2012-11-05,4,
ashenton26,3522,2024-02-10,2,
jmccarterx,2324,2026-04-23,1,
mgarioch1p,3794,2018-05-11,2,
hpoundford2i,1042,2011-12-13,3,
ebatchelor22,2126,2014-11-13,4,
garonovich1v,1348,2015-08-06,1,
cniesel0,282,2017-10-07,1,
cyannoni1w,2670,2024-06-05,1,
ssimoes2a,2644,2015-10-21,2,
ssparshettb,1213,2009-02-22,4,
gbezemer1h,3707,2018-05-01,2,
avasechkin2g,3642,2013-05-15,3,
wleatt2o,2896,2014-04-29,1,
astoate1c,1678,2023-04-16,2,
pcolleford2r,552,2013-05-22,4,
jhaslen2e,1984,2008-11-04,3,
cfrankcom2d,996,2012-04-20,3,
esouthwell2b,4124,2010-01-04,1,
rfoulis13,3138,2014-11-05,4,
tlowden17,380,2015-06-29,4,
xbenion2f,770,2017-09-08,1,
egabbatiss2p,1708,2015-04-23,2,
cschild1y,2073,2018-12-01,3,
fscreech6,2317,2014-07-09,4,
cdevaneyc,1382,2017-01-14,1,
ppointon2l,2329,2013-01-14,1,
tdundon1,1525,2024-09-03,2,
thargess27,578,2019-10-17,4,
marnaez24,1906,2013-07-10,1,
vmuslimf,1580,2024-12-12,2,
fscreech6,1925,2024-05-24,3,
oaloshkinj,2149,2008-04-20,1,
gbezemer1h,67,2012-01-08,2,
cdevaneyc,4749,2019-06-15,3,
vmuslimf,1492,2025-08-05,3,
pcolleford2r,560,2019-08-28,3,
gtapine,4731,2018-05-02,3,
cschild1y,1205,2015-08-03,2,
fbernon1j,3579,2016-10-25,4,
wdjordjevic1r,4578,2023-03-28,2,
cschild1y,265,2008-02-24,4,
aeul1o,2734,2014-06-24,3,
cwaszkiewicz1u,4329,2025-01-29,1,
rgasgarthu,2276,2009-07-10,1,
ccrippin21,4588,2024-04-16,4,
cosbaldestony,379,2023-06-13,2,
jdellcasa1n,3071,2021-07-31,4,
lbudibent3,3033,2018-02-21,3,
gseadon28,2101,2015-05-15,3,
sbignell19,3950,2009-10-16,2,
tdundon1,2006,2014-06-17,4,
ppointon2l,3977,2023-11-09,4,
dpiatto4,1904,2024-08-22,4,
lbudibent3,734,2009-12-07,1,
csedgeworthk,3765,2008-09-19,4,
jmarkos29,1203,2009-12-17,1,
csedgeworthk,3284,2010-05-16,4,
rgasgarthu,2663,2019-08-29,4,
aecclestone1d,3108,2015-06-02,2,
ppointon2l,887,2014-01-30,3,
msmedmore2n,3123,2013-08-30,3,
rrosten1x,4653,2016-07-28,2,
jmccarterx,2477,2010-05-03,1,
bboobierv,4554,2015-12-12,2,
aecclestone1d,1815,2014-11-17,1,
llangloisi,3761,2020-07-27,2,
ssparshettb,2599,2021-03-13,1,
msmedmore2n,787,2016-09-21,3,
sponteq,3667,2016-08-22,4,
egrestie2c,1697,2012-11-28,4,
thargess27,1132,2011-02-12,1,
mgarioch1p,1485,2018-08-13,4,
thargess27,519,2009-07-22,1,
vmuslimf,3836,2010-11-29,1,
kstonestreet20,880,2026-02-23,3,
cschild1y,1475,2023-10-31,4,
glongbottom16,3454,2011-10-31,4,
rwilcott10,1776,2008-09-05,1,
jmarkos29,1385,2018-07-08,4,
dpiatto4,1499,2019-01-23,3,
mvasseh,240,2026-04-17,4,
tmusickaw,3305,2026-04-21,3,
ahorbath1a,587,2019-01-02,2,
bdundin1f,1792,2021-04-08,3,
jdellcasa1n,4136,2013-07-24,1,
thargess27,2053,2024-09-30,4,
aeul1o,4147,2010-04-15,3,
kstonestreet20,4357,2023-04-03,2,
kstammler1m,380,2010-12-25,2,
dsiene2k,3641,2021-02-23,4,
gseadon28,1387,2010-07-11,4,
elivingstonep,2885,2018-02-15,3,
ksmedley1b,2930,2013-09-26,2,
jcolyer5,2839,2011-04-06,4,
fscreech6,3968,2009-10-27,3,
pvicaryn,84,2022-01-04,1,
rtwitchings9,1137,2025-06-30,1,
xbenion2f,3390,2009-02-15,2,
tfley1q,2004,2023-10-22,3,
lshattock1e,1076,2025-01-10,4,
gseadon28,1591,2020-12-17,4,
hpoundford2i,4051,2016-11-19,3,
kstonestreet20,427,2016-08-10,2,
msmedmore2n,3259,2010-04-09,2,
sbignell19,2686,2020-10-31,4,
esouthwell2b,4296,2018-02-14,1,
xbenion2f,2081,2019-07-13,4,
avasechkin2g,4786,2008-02-18,2,
bdundin1f,2379,2023-04-29,1,
rfoulis13,3384,2019-07-03,3,
tlowden17,2865,2017-01-20,4,
gtapine,4431,2011-08-17,2,
apetchell15,665,2025-06-19,2,
egabbatiss2p,46,2014-12-30,4,
jdellcasa1n,4340,2017-05-27,4,
tpaulino2,3365,2014-03-15,2,
vsecretan1z,4379,2014-07-16,1,
wleatt2o,1303,2009-05-26,1,
bfiggins23,3117,2014-10-08,2,
mvasseh,2569,2018-10-11,1,
dayllett1i,2760,2016-06-29,2,
ebatchelor22,1323,2018-05-17,1,
battwellz,3669,2014-03-01,3,
msmedmore2n,1688,2025-08-08,3,
tdundon1,1227,2023-09-21,1,
hseabrocke2m,2724,2015-03-06,4,
gtapine,1784,2019-02-12,2,
tmusickaw,3806,2014-06-25,4,
cyannoni1w,367,2016-07-15,2,
swilemans,4459,2015-05-19,1,
dsiene2k,708,2011-08-23,3,
csedgeworthk,2661,2018-07-31,3,
garonovich1v,3641,2013-09-08,4,
ahorbath1a,1482,2019-08-16,3,
daleksidzer,2774,2008-08-16,3,
aheyward1g,826,2024-05-03,4,
avasechkin2g,3324,2016-05-02,3,
ssimoes2a,4233,2009-08-03,4,
astoate1c,2535,2010-11-06,1,
prosenfelt14,2337,2014-06-01,2,
llangloisi,2532,2024-10-25,3,
avasechkin2g,2525,2008-09-25,3,
elivingstonep,2614,2013-09-19,4,
elivingstonep,155,2018-11-06,3,
swilemans,4604,2024-10-20,2,
jhaslen2e,2502,2018-02-12,1,
astoate1c,4401,2020-03-04,1,
pvicaryn,1185,2023-07-19,1,
aeul1o,1949,2014-02-02,1,
rfoulis13,1443,2024-05-13,1,
pvicaryn,4624,2021-02-14,1,
tlowden17,2610,2014-12-20,2,
aecclestone1d,455,2023-06-07,1,
tdundon1,1482,2011-11-03,1,
ppointon2l,415,2020-07-25,1,
vmuslimf,1321,2021-07-15,3,
cniesel0,1429,2019-02-08,1,
mvasseh,1187,2010-01-30,2,
wdjordjevic1r,3066,2021-05-26,4,
dayllett1i,4390,2013-07-16,1,
mwhitnell7,3605,2024-08-18,2,
marnaez24,2293,2022-11-16,3,
gseadon28,809,2011-01-01,1,
aheyward1g,4411,2023-07-26,4,
cyannoni1w,4493,2019-12-04,2,
hpoundford2i,265,2015-09-18,3,
tlowden17,4695,2013-07-16,2,
mdampier2q,2608,2024-01-02,1,
fscreech6,3992,2008-08-10,2,
jhaslen2e,2206,2021-09-07,4,
tpaulino2,2390,2024-10-03,3,
llangloisi,3865,2015-02-21,1,
lbudibent3,2240,2010-04-19,1,
ebatchelor22,930,2024-06-09,2,
tpaulino2,2582,2016-05-29,3,
vmuslimf,4464,2022-06-26,3,
thargess27,2501,2011-06-13,4,
gtoffolonio,1038,2018-02-24,1,
jvasilenko2h,699,2016-05-19,4,
prosenfelt14,1233,2022-11-27,4,
battwellz,1309,2009-12-27,1,
egrestie2c,3301,2024-08-22,2,
mvasseh,1999,2011-01-08,2,
garonovich1v,1341,2013-11-27,2,
lshattock1e,924,2022-04-16,4,
knewling1s,114,2019-02-22,2,
esouthwell2b,1516,2012-02-21,1,
olechmere1k,3091,2009-04-04,3,
tsowrah1t,3539,2010-11-27,1,
swilemans,2155,2018-07-12,2,
sponteq,549,2010-03-23,2,
ashenton26,1043,2025-12-13,1,
garonovich1v,2477,2008-05-29,3,
knewling1s,1237,2020-11-04,3,
ksmedley1b,3910,2018-08-17,2,
dbruckshaw1l,578,2008-01-26,1,
gbezemer1h,3169,2022-10-17,4,
jvasilenko2h,4058,2011-12-12,2,
gbezemer1h,2186,2022-10-27,3,
mmeka,799,2013-04-07,4,
prosenfelt14,3127,2018-10-22,2,
hseabrocke2m,540,2023-02-20,4,
kstammler1m,3508,2012-02-08,4,
bdundin1f,1987,2014-12-09,1,
cwaszkiewicz1u,460,2009-01-06,4,
dpiatto4,826,2024-10-08,4,
bfiggins23,2175,2012-10-24,3,
sbignell19,2820,2012-04-17,2,
gseadon28,2143,2014-03-12,1,
tlowden17,977,2011-10-22,3,
alloydwilliamsa,412,2017-07-04,3,
esouthwell2b,759,2008-09-22,1,
marnaez24,4674,2019-05-03,2,
cniesel0,1808,2016-05-06,3,
thargess27,3825,2023-03-31,4,
jhaslen2e,1963,2008-10-18,1,
cniesel0,4580,2011-07-03,4,
aheyward1g,3540,2014-02-25,2,
gbezemer1h,1039,2012-06-01,1,
cschild1y,112,2011-11-30,1,
gbezemer1h,1969,2015-07-18,3,
aeul1o,4615,2026-04-04,4,
rfoulis13,539,2024-09-30,1,
mromandl,1091,2010-08-28,4,
gtapine,4422,2016-01-05,3,
alloydwilliamsa,1402,2021-07-09,2,
rrosten1x,1612,2017-05-08,3,
jmonini18,3400,2021-01-12,3,
rtwitchings9,2477,2013-01-11,1,
daleksidzer,4263,2015-12-08,1,
jmonini18,1522,2011-08-07,2,
hseabrocke2m,699,2018-12-11,1,
ccrippin21,4645,2017-05-29,2,
wdjordjevic1r,4474,2009-02-11,1,
marnaez24,3387,2020-01-21,1,
jcolyer5,2779,2015-11-17,3,
kstammler1m,1509,2009-07-26,3,
olechmere1k,447,2012-04-13,2,
gseadon28,2701,2011-04-19,3,
ssimoes2a,2623,2013-11-13,2,
tmusickaw,1926,2022-11-08,2,
tmusickaw,3881,2016-11-19,2,
cwaszkiewicz1u,395,2016-10-23,1,
fbernon1j,13,2012-03-05,1,
glongbottom16,2866,2019-03-02,2,
sbignell19,3166,2010-11-04,4,
knewling1s,4448,2019-06-14,1,
sbignell19,423,2022-06-10,1,
mwhitnell7,1941,2012-11-25,3,
astoate1c,4087,2025-06-14,3,
jcolyer5,3727,2015-10-31,3,
tmusickaw,876,2013-02-04,1,
cschild1y,4584,2018-04-14,1,
jhearsey25,2648,2019-03-02,1,
hpoundford2i,4526,2016-11-20,4,
egabbatiss2p,1205,2008-04-29,1,
dayllett1i,3620,2017-10-02,3,
cyannoni1w,346,2014-04-03,2,
vmuslimf,538,2009-01-10,2,
glongbottom16,511,2010-02-03,4,
rtwitchings9,2640,2008-02-13,3,
jmccarterx,1972,2018-04-05,4,
msmedmore2n,467,2013-01-22,4,
bboobierv,2047,2016-07-30,2,
wleatt2o,1178,2021-08-16,1,
tlowden17,3927,2017-07-29,3,
rtwitchings9,2568,2016-03-06,3,
ksmedley1b,3388,2013-09-21,3,
csedgeworthk,4280,2014-04-03,1,
fbernon1j,2705,2023-05-15,4,
xbenion2f,3078,2020-08-13,2,
jdellcasa1n,211,2017-06-23,1,
cwaszkiewicz1u,1362,2019-04-28,1,
elivingstonep,3759,2016-06-30,4,
msmedmore2n,2741,2019-09-01,3,
ppointon2l,3938,2013-01-29,3,
jhaslen2e,1515,2020-07-07,3,
mcharlot12,1893,2013-06-22,3,
vsecretan1z,3722,2013-07-16,4,
rwilcott10,2664,2015-03-16,4,
knewling1s,4579,2022-11-25,1,
sponteq,3948,2017-11-18,4,
knewling1s,456,2008-01-19,2,
msmedmore2n,1187,2015-02-22,4,
bfiggins23,2670,2022-11-05,2,
cniesel0,3818,2010-06-23,1,
gseadon28,1084,2014-03-30,1,
ppointon2l,3419,2009-06-11,3,
ahorbath1a,1179,2016-09-24,4,
cniesel0,404,2013-11-11,1,
gtoffolonio,4467,2015-04-05,3,
rbottrellt,4703,2009-03-31,3,
alloydwilliamsa,205,2020-05-20,1,
jmarkos29,1323,2018-07-14,4,
jdellcasa1n,3189,2010-12-31,1,
cschild1y,2755,2025-04-01,3,
jcolyer5,1132,2020-06-13,2,
gbezemer1h,4665,2011-03-10,1,
gtapine,2518,2017-10-14,4,
bdundin1f,1443,2013-12-18,3,
aeul1o,4745,2012-01-31,3,
tpaulino2,31,2025-07-29,4,
wleatt2o,880,2026-01-08,2,
lshattock1e,2551,2017-04-29,3,
gtoffolonio,2199,2014-05-25,1,
apetchell15,3534,2020-05-26,4,
aeul1o,612,2024-09-17,2,
esouthwell2b,313,2013-07-31,2,
aecclestone1d,716,2008-12-14,2,
ksmedley1b,4248,2022-05-16,4,
csedgeworthk,559,2008-01-31,4,
mwhitnell7,2848,2015-09-11,3,
marnaez24,1433,2017-04-30,3,
dayllett1i,1504,2025-04-25,2,
knewling1s,2442,2018-08-25,3,
astoate1c,2585,2019-11-03,2,
tlowden17,1775,2015-09-08,4,
jhearsey25,185,2021-01-28,4,
apetchell15,2324,2009-11-07,1,
mromandl,2303,2012-07-28,1,
dpiatto4,3769,2017-07-14,3,
afradsonm,695,2008-08-01,3,
mcharlot12,2971,2009-03-11,4,
csedgeworthk,4208,2008-10-09,1,
mvasseh,4267,2018-01-06,2,
mmeka,141,2019-01-30,1,
cniesel0,648,2018-09-14,4,
jhearsey25,4176,2022-03-08,4,
pkyteley2j,2993,2010-08-28,1,
hseabrocke2m,3183,2024-08-04,1,
gbezemer1h,4456,2018-09-04,3,
ccockerham8,1391,2021-05-24,1,
cdevaneyc,3466,2013-12-29,1,
jmccarterx,3170,2010-08-28,4,
jmonini18,548,2010-08-19,4,
mgarioch1p,4036,2021-09-24,4,
egabbatiss2p,3061,2015-12-07,1,
pkyteley2j,3932,2012-10-26,1,
msmedmore2n,2155,2008-07-07,3,
tpaulino2,4345,2016-04-28,2,
mmeka,2396,2010-02-23,3,
rwilcott10,2832,2013-12-15,1,
fscreech6,1512,2012-06-04,1,
jvasilenko2h,2769,2024-05-02,1,
rtwitchings9,709,2015-05-17,4,
jhaslen2e,859,2024-03-31,2,
marnaez24,4145,2022-08-05,3,
rrosten1x,1203,2015-07-05,1,
tsowrah1t,2320,2011-06-22,3,
jhaslen2e,962,2020-01-10,2,
astoate1c,562,2011-05-14,4,
alloydwilliamsa,4552,2023-03-26,2,
ccrippin21,422,2022-06-30,2,
llangloisi,4728,2016-05-17,4,
jmarkos29,2416,2016-10-20,1,
lconaboy11,3809,2020-09-13,1,
sponteq,4094,2026-02-13,1,
egrestie2c,643,2016-10-02,3,
apetchell15,1541,2020-12-20,4,
ppointon2l,4116,2008-09-25,4,
pkyteley2j,1705,2018-06-24,3,
onewberryd,4569,2024-09-30,1,
cniesel0,901,2025-12-07,1,
dayllett1i,3827,2009-10-27,2,
dpiatto4,1552,2018-01-24,1,
jmccarterx,867,2023-08-03,4,
cwaszkiewicz1u,2814,2020-01-22,3,
ccockerham8,1126,2017-11-05,1,
aheyward1g,1277,2024-12-07,4,
cyannoni1w,2137,2019-11-14,2,
jvasilenko2h,1178,2019-10-17,4,
knewling1s,4124,2011-12-03,3,
prosenfelt14,645,2024-10-17,1,
jmccarterx,4107,2018-07-23,4,
ccockerham8,872,2012-03-22,4,
tlowden17,2088,2013-06-07,4,
ppointon2l,3758,2012-11-09,4,
ccockerham8,1386,2014-02-23,3,
mromandl,1833,2011-01-02,4,
olechmere1k,701,2012-10-02,3,
vsecretan1z,1227,2024-03-27,4,
rwilcott10,2844,2020-03-15,3,
dbruckshaw1l,944,2020-04-28,3,
avasechkin2g,3743,2022-12-17,1,
dpiatto4,936,2010-01-05,2,
egrestie2c,4295,2009-02-24,1,
apetchell15,646,2025-10-15,2,
jhaslen2e,4335,2021-05-19,3,
thargess27,3683,2015-12-04,4,
mromandl,4064,2023-01-20,1,
lbudibent3,3131,2015-07-17,3,
tsowrah1t,4341,2015-08-03,1,
fscreech6,2669,2021-07-22,2,
cniesel0,4643,2011-05-19,1,
jmccarterx,1814,2019-09-01,2,
jmonini18,4215,2020-03-05,3,
gseadon28,4292,2016-04-16,3,
dpiatto4,3307,2011-12-09,1,
dpiatto4,2970,2011-03-23,2,
sponteq,1308,2014-10-14,1,
bfiggins23,984,2014-09-22,1,
mcharlot12,4445,2016-05-03,3,
dayllett1i,4603,2008-01-03,2,
pcolleford2r,2791,2024-05-03,1,
egrestie2c,711,2018-06-28,1,
oaloshkinj,3333,2016-02-16,1,
oaloshkinj,2140,2022-12-28,4,
aheyward1g,1159,2014-02-06,4,
prosenfelt14,3329,2016-11-04,2,
hpoundford2i,57,2009-11-30,1,
olechmere1k,3349,2021-02-03,3,
lmaxtedg,2076,2011-04-11,4,
onewberryd,4778,2011-08-14,3,
rrosten1x,2300,2011-05-18,1,
llangloisi,1571,2011-08-04,4,
msmedmore2n,2703,2014-01-23,2,
jdellcasa1n,35,2016-07-15,3,
marnaez24,4398,2009-11-01,1,
battwellz,1904,2011-08-14,3,
hseabrocke2m,3528,2014-05-05,1,
cschild1y,450,2024-12-24,3,
jmonini18,3679,2008-05-12,4,
cdevaneyc,56,2012-08-15,4,
marnaez24,1038,2013-03-09,2,
pkyteley2j,2366,2014-12-01,4,
tpaulino2,1439,2013-05-28,4,
apetchell15,3780,2016-08-16,1,
rrosten1x,3676,2017-09-04,4,
mromandl,266,2012-11-03,4,
aecclestone1d,2795,2011-08-20,4,
tlowden17,4550,2023-01-06,4,
lconaboy11,4003,2009-10-27,2,
battwellz,2328,2018-07-13,1,
tmusickaw,2134,2017-12-04,3,
jvasilenko2h,2910,2023-11-25,2,
jhearsey25,1723,2025-04-15,3,
pcolleford2r,4760,2016-12-09,2,
lbudibent3,1244,2023-11-14,1,
cdevaneyc,4802,2015-12-24,2,
egrestie2c,350,2022-01-08,1,
alloydwilliamsa,2641,2016-03-03,3,
battwellz,4635,2022-03-02,1,
astoate1c,3287,2016-07-24,2,
vmuslimf,2079,2014-08-19,4,
sponteq,3916,2008-10-16,3,
jdellcasa1n,3631,2020-09-10,3,
avasechkin2g,3742,2017-12-10,2,
apetchell15,586,2016-06-04,3,
jhearsey25,1138,2016-05-29,4,
ahorbath1a,2057,2013-07-03,3,
pkyteley2j,3260,2017-05-23,3,
egrestie2c,199,2024-02-20,3,
dayllett1i,4325,2023-09-25,1,
llangloisi,504,2013-06-13,3,
cdevaneyc,2625,2008-02-11,3,
ppointon2l,3269,2014-07-21,4,
jmccarterx,3705,2008-10-26,2,
jmccarterx,2851,2009-10-09,3,
avasechkin2g,2321,2024-01-10,3,
hpoundford2i,639,2023-08-16,3,
elivingstonep,480,2022-08-27,4,
ppointon2l,4668,2008-05-21,3,
astoate1c,1361,2025-12-13,2,
jhearsey25,2693,2012-10-18,4,
pvicaryn,4533,2016-09-16,4,
afradsonm,1425,2012-08-02,2,
mdampier2q,495,2023-06-22,2,
wleatt2o,515,2019-06-23,4,
onewberryd,1033,2019-02-19,1,
egrestie2c,3171,2017-03-09,1,
dbruckshaw1l,1776,2010-06-13,1,
mromandl,4233,2013-10-15,1,
tlowden17,2996,2023-11-05,4,
aheyward1g,4047,2019-09-03,2,
apetchell15,194,2010-06-25,4,
hpoundford2i,4638,2017-03-08,3,
ccockerham8,3469,2018-09-08,1,
rfoulis13,364,2025-09-22,2,
msmedmore2n,1796,2019-05-30,2,
llangloisi,2198,2011-02-05,4,
knewling1s,3566,2022-09-27,2,
aecclestone1d,163,2008-08-12,1,
olechmere1k,3511,2018-02-20,2,
aheyward1g,1553,2016-04-23,1,
dpiatto4,3111,2018-08-06,1,
fbernon1j,4269,2019-01-16,2,
jcolyer5,435,2025-09-11,1,
mdampier2q,438,2016-07-29,1,
pvicaryn,2702,2012-09-10,4,
ssparshettb,293,2014-10-03,2,
ssimoes2a,4752,2023-01-31,4,
gbezemer1h,3152,2021-05-16,4,
esouthwell2b,3110,2017-08-01,2,
glongbottom16,884,2010-08-29,3,
gtoffolonio,308,2011-04-11,1,
afradsonm,567,2015-10-22,4,
bdundin1f,3387,2011-04-04,4,
tmusickaw,399,2014-06-22,1,
sponteq,3596,2015-03-23,1,
gtapine,4193,2008-05-27,2,
bboobierv,1305,2009-03-10,3,
rrosten1x,2121,2024-04-10,1,
msmedmore2n,4183,2022-10-01,1,
astoate1c,915,2021-06-09,4,
rbottrellt,1080,2008-09-30,4,
ebatchelor22,3376,2015-06-09,4,
gseadon28,37,2010-05-02,1,
tlowden17,1344,2025-01-20,1,
alloydwilliamsa,1366,2022-12-03,1,
onewberryd,4725,2009-03-01,1,
jcolyer5,4545,2022-02-02,1,
marnaez24,2284,2019-05-30,4,
onewberryd,1005,2018-06-02,1,
rrosten1x,337,2013-11-06,3,
llangloisi,475,2017-01-24,3,
aheyward1g,4147,2019-12-27,1,
pvicaryn,548,2014-02-01,3,
ahorbath1a,2286,2011-12-04,3,
esouthwell2b,1896,2022-10-08,3,
vsecretan1z,3621,2016-06-16,1,
rwilcott10,1738,2017-11-18,3,
pvicaryn,1538,2019-08-06,1,
cwaszkiewicz1u,3374,2008-02-21,1,
bfiggins23,1360,2010-11-11,4,
ppointon2l,3774,2009-07-14,2,
dpiatto4,2103,2023-01-12,2,
fbernon1j,50,2025-10-11,2,
jmonini18,2688,2009-02-12,4,
gseadon28,2294,2024-09-07,2,
afradsonm,1069,2014-04-11,2,
rrosten1x,793,2009-03-24,2,
wdjordjevic1r,3362,2016-11-15,1,
battwellz,2461,2008-01-31,2,
apetchell15,3851,2011-01-26,1,
daleksidzer,823,2022-11-02,2,
tpaulino2,904,2010-05-27,4,
cwaszkiewicz1u,3393,2012-07-27,4,
rrosten1x,1332,2010-01-09,3,
kstonestreet20,2974,2019-04-15,4,
jvasilenko2h,1021,2016-10-10,3,
ebatchelor22,893,2015-06-14,1,
llangloisi,3565,2018-12-05,3,
alloydwilliamsa,2510,2009-10-28,2,
ccockerham8,3238,2024-11-30,4,
cfrankcom2d,1037,2019-11-14,3,
jmonini18,2649,2011-03-26,2,
apetchell15,1977,2024-09-10,1,
esouthwell2b,4571,2017-06-25,3,
tlowden17,1074,2013-03-28,1,
rfoulis13,623,2021-12-12,2,
gseadon28,3236,2009-09-12,1,
egabbatiss2p,1387,2025-03-03,4,
vsecretan1z,3364,2011-08-20,2,
battwellz,187,2018-10-19,3,
jhaslen2e,2544,2014-10-29,3,
jhaslen2e,3477,2022-04-28,3,
prosenfelt14,4247,2020-08-25,1,
lshattock1e,3917,2014-05-17,2,
tsowrah1t,3902,2021-03-05,2,
tmusickaw,4193,2012-03-06,4,
ebatchelor22,398,2020-11-28,2,
rbottrellt,2975,2015-03-07,2,
battwellz,2036,2009-12-08,4,
tsowrah1t,2234,2023-12-11,4,
swilemans,3394,2024-06-23,1,
tdundon1,4441,2021-01-07,1,
cschild1y,3540,2010-08-30,3,
elivingstonep,2850,2009-02-01,1,
tsowrah1t,2689,2018-03-15,1,
mromandl,2947,2022-06-26,1,
gseadon28,4215,2016-10-07,4,
hseabrocke2m,1445,2019-08-30,1,
ppointon2l,2255,2013-04-07,4,
hpoundford2i,2851,2025-08-30,3,
vsecretan1z,1576,2011-07-21,4,
prosenfelt14,312,2011-01-14,4,
ccrippin21,2181,2016-12-14,3,
vsecretan1z,3932,2018-07-25,1,
rtwitchings9,2738,2010-02-21,2,
dayllett1i,2479,2011-10-19,3,
lshattock1e,2128,2020-02-12,3,
gbezemer1h,1752,2022-04-03,2,
gseadon28,291,2024-11-21,4,
gtoffolonio,3738,2022-10-05,1,
onewberryd,4024,2010-05-18,1,
tsowrah1t,48,2016-03-25,1,
csedgeworthk,3877,2020-11-12,4,
tsowrah1t,1756,2018-01-21,4,
tdundon1,822,2011-12-24,1,
lshattock1e,1369,2023-10-11,4,
mdampier2q,476,2011-01-18,2,
rgasgarthu,3711,2009-05-01,1,
dsiene2k,4758,2009-04-18,4,
vsecretan1z,3167,2012-11-13,1,
cosbaldestony,4391,2016-06-14,4,
pkyteley2j,4214,2014-04-07,4,
cniesel0,2034,2018-10-17,1,
pcolleford2r,3654,2017-09-21,4,
thargess27,628,2025-04-04,1,
mgarioch1p,1449,2009-02-23,2,
garonovich1v,4072,2015-03-31,1,
cwaszkiewicz1u,3252,2021-10-09,3,
cyannoni1w,1045,2017-01-17,2,
egabbatiss2p,453,2010-07-29,3,
dayllett1i,418,2013-11-28,3,
cyannoni1w,2189,2024-03-22,1,
prosenfelt14,729,2016-09-10,3,
knewling1s,3940,2012-08-16,1,
jhaslen2e,3747,2025-06-09,2,
battwellz,3452,2013-09-25,1,
wleatt2o,1909,2024-10-06,3,
jvasilenko2h,4123,2019-07-08,2,
gbezemer1h,3085,2012-04-28,3,
bfiggins23,2497,2017-09-11,4,
ksmedley1b,3746,2022-08-19,3,
xbenion2f,4485,2010-12-26,3,
gtapine,2352,2025-07-23,4,
bfiggins23,1232,2023-01-31,2,
olechmere1k,2245,2023-08-02,4,
tlowden17,2455,2012-06-18,2,
jhaslen2e,3643,2023-03-29,1,
mwhitnell7,4490,2017-05-02,4,
cdevaneyc,801,2010-11-25,1,
aeul1o,3501,2008-05-06,2,
sponteq,1390,2023-08-05,4,
csedgeworthk,1175,2008-11-20,2,
rfoulis13,1300,2009-04-26,4,
alloydwilliamsa,4660,2010-12-11,3,
esouthwell2b,1377,2013-01-16,1,
tfley1q,3086,2009-01-04,1,
olechmere1k,4798,2010-08-05,1,
dpiatto4,2097,2020-06-12,3,
rtwitchings9,4219,2015-01-28,3,
knewling1s,3302,2026-01-29,3,
jhaslen2e,3216,2020-04-19,1,
cwaszkiewicz1u,3222,2010-08-14,4,
oaloshkinj,2918,2014-02-15,4,
rtwitchings9,1532,2015-06-10,4,
kstammler1m,3046,2013-11-05,2,
bdundin1f,1372,2013-09-13,2,
avasechkin2g,4231,2019-06-29,2,
aheyward1g,223,2016-12-11,2,
lmaxtedg,4270,2011-06-21,4,
sbignell19,3407,2022-11-21,3,
ahorbath1a,805,2019-07-09,3,
tlowden17,2709,2020-02-03,1,
jdellcasa1n,3406,2020-09-02,4,
ashenton26,1975,2013-07-19,4,
gseadon28,4002,2012-02-06,1,
daleksidzer,237,2021-06-23,1,
dbruckshaw1l,2955,2019-07-21,4,
cwaszkiewicz1u,10,2022-03-11,4,
cyannoni1w,4110,2017-02-26,2,
tmusickaw,3443,2013-12-29,2,
dpiatto4,1729,2010-09-08,3,
rbottrellt,686,2011-03-08,4,
alloydwilliamsa,4163,2009-06-14,1,
rwilcott10,1399,2008-03-13,4,
cniesel0,3947,2010-05-08,4,
wleatt2o,760,2008-01-19,2,
rwilcott10,3551,2021-02-23,1,
mgarioch1p,1782,2022-11-13,3,
egrestie2c,4098,2019-09-18,4,
olechmere1k,1237,2008-12-28,2,
jmccarterx,2381,2010-06-03,3,
mcharlot12,3305,2023-10-16,1,
ksmedley1b,4174,2019-05-31,4,
dbruckshaw1l,1569,2020-09-06,3,
bdundin1f,2573,2023-12-09,2,
ccrippin21,1664,2010-08-12,1,
xbenion2f,1547,2018-01-05,1,
avasechkin2g,4604,2012-11-16,3,
gtapine,4570,2021-09-16,3,
mvasseh,3815,2008-09-04,3,
kstammler1m,3472,2008-04-25,4,
wleatt2o,3854,2009-10-02,4,
jvasilenko2h,658,2011-05-29,4,
mwhitnell7,2780,2016-10-30,1,
tpaulino2,2474,2011-07-31,2,
gbezemer1h,1814,2010-06-09,2,
jmonini18,1399,2014-09-11,3,
sbignell19,300,2020-11-07,1,
rrosten1x,569,2010-02-14,3,
tpaulino2,3099,2009-05-28,3,
hseabrocke2m,3117,2024-08-30,3,
aeul1o,1255,2023-07-20,2,
aeul1o,1089,2021-08-22,1,
hseabrocke2m,194,2025-11-14,3,
pcolleford2r,1912,2025-08-15,3,
mromandl,814,2018-11-01,3,
mwhitnell7,1947,2008-10-09,2,
alloydwilliamsa,4168,2018-05-18,4,
rtwitchings9,2481,2021-08-21,3,
cyannoni1w,4452,2025-09-09,4,
ebatchelor22,1079,2022-11-02,2,
jhaslen2e,3305,2011-07-21,4,
egabbatiss2p,2866,2013-01-23,4,
jhaslen2e,1851,2013-06-20,4,
jhaslen2e,149,2016-01-23,1,
mvasseh,4772,2022-03-19,4,
ssimoes2a,1622,2021-05-01,1,
fscreech6,2926,2012-06-28,3,
glongbottom16,1340,2013-11-25,2,
pvicaryn,3413,2020-09-22,1,
alloydwilliamsa,1070,2008-12-04,2,
mvasseh,408,2021-01-12,1,
avasechkin2g,3810,2024-02-08,1,
esouthwell2b,3132,2017-09-23,3,
hpoundford2i,1037,2012-11-06,1,
marnaez24,4154,2021-05-11,2,
kstonestreet20,4652,2009-02-05,4,
ashenton26,1820,2013-04-18,3,
fbernon1j,518,2022-04-06,1,
vmuslimf,1932,2022-01-22,4,
cschild1y,2847,2009-02-12,1,
glongbottom16,2955,2019-03-19,1,
knewling1s,39,2017-05-05,1,
sponteq,1420,2025-08-03,3,
tlowden17,3355,2025-06-09,1,
jhaslen2e,4568,2011-08-21,4,
astoate1c,1942,2025-02-02,3,
mcharlot12,4777,2019-01-26,4,
ebatchelor22,71,2008-07-15,3,
kstammler1m,4313,2013-03-08,4,
gtoffolonio,2776,2011-05-09,1,
glongbottom16,648,2014-03-20,3,
jhearsey25,1227,2012-08-27,4,
aecclestone1d,1503,2024-01-03,4,
marnaez24,2634,2018-09-25,2,
wleatt2o,2766,2018-05-12,1,
rgasgarthu,3167,2026-02-05,1,
thargess27,4361,2009-05-19,1,
rrosten1x,290,2023-03-31,3,
cschild1y,251,2013-12-24,1,
onewberryd,238,2011-12-01,3,
pvicaryn,2706,2012-03-20,3,
cosbaldestony,107,2016-12-30,3,
rrosten1x,3603,2019-12-10,4,
oaloshkinj,241,2021-09-02,1,
egrestie2c,2243,2018-02-03,3,
lbudibent3,336,2024-03-25,4,
cniesel0,527,2025-06-26,3,
aeul1o,2820,2019-08-18,2,
dbruckshaw1l,4097,2010-09-06,1,
jhaslen2e,1517,2019-09-25,4,
vsecretan1z,1268,2024-09-11,2,
lshattock1e,2767,2014-05-04,4,
msmedmore2n,2933,2017-01-08,2,
olechmere1k,3821,2022-06-24,1,
cosbaldestony,405,2015-09-07,1,
pcolleford2r,4371,2015-12-23,3,
daleksidzer,3844,2020-03-20,1,
hseabrocke2m,789,2014-09-07,1,
ssparshettb,718,2015-11-06,1,
bfiggins23,1412,2022-11-23,4,
battwellz,2239,2015-11-14,3,
mcharlot12,3883,2017-01-21,2,
pkyteley2j,1660,2018-08-27,4,
daleksidzer,1907,2016-01-19,4,
jvasilenko2h,2207,2014-11-13,3,
daleksidzer,4263,2008-02-22,2,
pvicaryn,3825,2012-12-05,3,
cosbaldestony,1942,2014-08-14,1,
pkyteley2j,2019,2009-07-08,4,
ebatchelor22,2827,2021-05-13,2,
bfiggins23,2469,2023-03-21,2,
rfoulis13,2141,2020-05-03,1,
prosenfelt14,2344,2012-05-15,1,
apetchell15,499,2025-01-15,4,
ccockerham8,2442,2012-07-13,1,
ksmedley1b,3910,2024-06-10,1,
ppointon2l,1667,2014-12-31,2,
afradsonm,340,2009-08-19,4,
cschild1y,958,2020-08-21,2,
cschild1y,1295,2008-02-28,4,
avasechkin2g,181,2019-11-15,2,
gtapine,468,2013-05-26,3,
gbezemer1h,2262,2008-10-13,1,
lmaxtedg,3828,2013-07-21,4,
wdjordjevic1r,3717,2022-05-15,2,
sbignell19,1334,2014-11-25,3,
pcolleford2r,1075,2018-10-13,2,
lconaboy11,863,2019-12-21,2,
aheyward1g,1204,2023-08-31,4,
kstammler1m,4753,2013-09-04,3,
thargess27,4062,2017-03-25,1,
bdundin1f,2445,2021-11-29,1,
mmeka,1266,2019-11-07,1,
egrestie2c,1706,2015-02-21,1,
cniesel0,1936,2013-10-07,4,
ccrippin21,2558,2022-10-19,3,
tsowrah1t,2354,2016-11-15,4,
jmccarterx,1125,2025-05-04,4,
daleksidzer,4106,2009-02-24,3,
lmaxtedg,2649,2014-11-11,4,
vsecretan1z,585,2012-04-06,1,
marnaez24,2423,2025-11-02,3,
ppointon2l,4127,2011-01-19,4,
oaloshkinj,2797,2008-12-14,2,
gtapine,3869,2011-08-21,4,
hseabrocke2m,4481,2008-02-26,1,
lbudibent3,1604,2020-10-10,1,
mwhitnell7,509,2019-04-01,4,
mwhitnell7,2388,2011-02-08,2,
dsiene2k,2020,2008-03-14,4,
cschild1y,535,2014-08-17,4,
jhaslen2e,1966,2009-11-23,3,
cosbaldestony,1337,2023-11-10,2,
jhaslen2e,81,2025-02-14,1,
afradsonm,4341,2024-12-22,4,
gtoffolonio,1862,2008-11-08,3,
mwhitnell7,1305,2024-02-15,3,
marnaez24,4694,2016-11-11,3,
ahorbath1a,4378,2009-12-08,3,
cfrankcom2d,2447,2024-03-06,3,
cwaszkiewicz1u,812,2015-02-07,3,
swilemans,3326,2019-07-18,1,
kstonestreet20,4386,2010-02-12,4,
afradsonm,2547,2012-11-05,3,
lmaxtedg,1562,2010-12-05,3,
jhearsey25,4251,2025-01-22,4,
dpiatto4,101,2012-04-23,4,
tfley1q,2857,2021-11-08,4,
cfrankcom2d,4624,2010-06-15,3,
pkyteley2j,720,2023-02-25,3,
jvasilenko2h,693,2024-08-21,4,
rwilcott10,3597,2011-02-21,3,
rfoulis13,956,2008-11-12,2,
mcharlot12,1109,2008-11-05,4,
jhaslen2e,4768,2022-02-08,1,
mmeka,4135,2021-09-23,4,
mdampier2q,4395,2008-01-05,1,
pvicaryn,1018,2009-04-30,3,
ppointon2l,45,2022-03-12,2,
hpoundford2i,1355,2013-12-12,4,
hseabrocke2m,2580,2023-09-28,4,
daleksidzer,4711,2016-10-30,3,
avasechkin2g,1961,2008-11-29,4,
lbudibent3,3668,2011-09-11,3,
bfiggins23,4097,2023-03-30,3,
csedgeworthk,1835,2008-05-11,1,
kstammler1m,3097,2025-03-07,2,
bfiggins23,2425,2026-02-19,3,
jcolyer5,2597,2011-04-13,1,
jcolyer5,3287,2021-10-18,1,
onewberryd,2668,2025-07-21,1,
tsowrah1t,2714,2009-03-06,3,
dbruckshaw1l,328,2015-10-10,4,
mwhitnell7,3175,2021-09-13,3,
marnaez24,2056,2014-03-09,3,
tsowrah1t,3613,2009-07-03,2,
jhearsey25,3485,2011-07-27,1,
kstonestreet20,3538,2011-06-29,4,
mgarioch1p,4382,2010-09-19,2,
gseadon28,1598,2017-10-08,1,
aecclestone1d,2780,2022-11-16,2,
mgarioch1p,3364,2010-02-05,3,
cschild1y,3432,2020-02-18,1,
tmusickaw,1633,2021-07-27,1,
csedgeworthk,2879,2013-09-07,4,
oaloshkinj,3679,2022-01-03,4,
oaloshkinj,4486,2020-12-04,3,
lmaxtedg,2005,2020-10-12,3,
fbernon1j,3164,2019-02-03,2,
tmusickaw,1285,2021-11-07,3,
gbezemer1h,1183,2017-01-27,2,
lmaxtedg,543,2014-11-07,2,
oaloshkinj,1289,2017-05-25,2,
csedgeworthk,340,2010-05-25,1,
astoate1c,747,2016-08-10,1,
battwellz,3432,2014-03-26,4,
aheyward1g,1234,2009-02-19,2,
lshattock1e,2130,2026-03-04,1,
avasechkin2g,1007,2013-06-09,4,
cniesel0,3933,2025-05-30,4,
gbezemer1h,901,2014-10-02,3,
ahorbath1a,2097,2018-01-05,3,
marnaez24,2349,2018-07-29,1,
rrosten1x,1634,2015-02-23,4,
gtoffolonio,1840,2025-09-30,1,
rrosten1x,3800,2018-10-02,4,
rfoulis13,2005,2014-09-23,4,
tmusickaw,4565,2024-09-03,3,
sponteq,572,2021-07-15,3,
gseadon28,2978,2017-08-20,2,
lbudibent3,262,2010-05-28,4,
rtwitchings9,70,2011-08-26,3,
kstammler1m,1649,2011-05-21,3,
wleatt2o,2975,2014-03-11,4,
rrosten1x,784,2022-04-09,3,
cyannoni1w,2985,2025-12-23,1,
kstammler1m,4214,2025-09-27,2,
jmccarterx,4797,2010-08-15,2,
onewberryd,4556,2010-06-18,1,
lshattock1e,596,2021-11-14,1,
vsecretan1z,4277,2014-09-30,2,
gtapine,962,2018-07-10,1,
mwhitnell7,3024,2015-11-07,2,
rbottrellt,1404,2020-10-05,4,
esouthwell2b,2493,2010-10-16,2,
lbudibent3,1402,2018-06-28,4,
gtapine,4272,2017-06-04,1,
wdjordjevic1r,4345,2025-01-22,3,
oaloshkinj,2372,2008-02-23,3,
oaloshkinj,3208,2014-08-27,4,
jmonini18,971,2018-03-09,3,
rtwitchings9,1645,2022-11-29,1,
jhearsey25,2322,2018-12-15,4,
dbruckshaw1l,2939,2019-04-25,2,
ebatchelor22,1666,2010-04-28,2,
mdampier2q,671,2016-12-21,1,
pcolleford2r,4025,2023-06-27,2,
gseadon28,2406,2019-02-23,4,
cdevaneyc,624,2012-03-28,1,
rbottrellt,4726,2019-08-31,3,
ksmedley1b,2830,2022-03-09,1,
msmedmore2n,1429,2021-05-13,2,
mvasseh,3897,2025-11-18,3,
alloydwilliamsa,2748,2021-09-28,4,
cyannoni1w,696,2023-11-04,4,
tfley1q,1966,2021-08-18,2,
cwaszkiewicz1u,1333,2011-05-26,1,
oaloshkinj,4038,2016-01-23,1,
garonovich1v,1750,2009-06-17,3,
sponteq,4462,2014-01-09,3,
lconaboy11,1120,2021-06-06,3,
wdjordjevic1r,4435,2008-11-03,3,
jhearsey25,2642,2012-12-19,1,
prosenfelt14,3644,2025-08-11,3,
wleatt2o,259,2024-12-07,4,
ssparshettb,1777,2024-08-11,1,
sbignell19,1895,2010-05-02,1,
prosenfelt14,339,2021-05-17,4,
pkyteley2j,2278,2010-10-01,1,
jmccarterx,1439,2016-09-04,1,
cwaszkiewicz1u,168,2022-05-10,3,
ssimoes2a,658,2021-05-08,1,
lshattock1e,1235,2024-02-14,3,
wdjordjevic1r,4419,2010-08-17,3,
marnaez24,4077,2014-01-26,2,
bboobierv,4321,2018-06-19,4,
cosbaldestony,4772,2016-12-28,1,
pvicaryn,1327,2024-11-05,1,
tdundon1,3540,2020-04-23,1,
mgarioch1p,514,2022-07-27,3,
tsowrah1t,1437,2008-04-20,3,
gbezemer1h,3809,2010-12-09,4,
ppointon2l,2279,2018-05-01,3,
pvicaryn,1072,2020-05-14,3,
oaloshkinj,4291,2016-06-04,1,
rtwitchings9,4171,2022-02-03,2,
tpaulino2,1480,2021-08-26,3,
pcolleford2r,4399,2008-05-01,1,
gbezemer1h,539,2011-07-25,2,
msmedmore2n,280,2014-10-17,3,
thargess27,4036,2020-07-11,2,
ssimoes2a,4185,2008-06-16,4,
lshattock1e,4528,2019-04-24,4,
csedgeworthk,3683,2010-02-28,2,
ppointon2l,1910,2015-02-19,2,
esouthwell2b,4186,2020-06-28,2,
jhaslen2e,4098,2023-05-03,4,
aeul1o,3900,2024-11-13,3,
ahorbath1a,2794,2021-09-11,4,
llangloisi,2316,2011-06-22,4,
wleatt2o,3341,2015-01-19,4,
swilemans,4433,2010-08-09,4,
glongbottom16,3225,2010-01-28,2,
ashenton26,668,2022-10-16,2,
rbottrellt,2638,2022-09-03,3,
ahorbath1a,2079,2010-02-22,3,
dsiene2k,4358,2015-06-01,1,
tfley1q,3340,2019-03-19,2,
jmonini18,4473,2023-10-04,1,
cniesel0,4156,2009-03-12,1,
hpoundford2i,2483,2022-02-16,1,
knewling1s,2756,2014-09-17,4,
rrosten1x,3522,2022-07-08,3,
gtapine,1394,2024-06-05,2,
mwhitnell7,4178,2011-07-14,3,
thargess27,820,2018-09-10,3,
tsowrah1t,2494,2015-07-12,3,
mmeka,1645,2022-09-02,2,
tsowrah1t,3349,2013-11-03,4,
ashenton26,4638,2025-05-02,3,
knewling1s,4770,2024-08-05,1,
ssimoes2a,3262,2012-01-04,1,
swilemans,410,2015-09-29,4,
pcolleford2r,596,2020-01-12,2,
mdampier2q,2684,2022-02-10,1,
pcolleford2r,1583,2020-04-19,4,
apetchell15,2374,2015-04-11,1,
onewberryd,246,2012-01-28,4,
cniesel0,1793,2012-10-08,4,
vsecretan1z,405,2026-01-09,4,
avasechkin2g,3332,2021-05-18,1,
alloydwilliamsa,4336,2014-01-02,1,
cniesel0,2809,2015-01-16,1,
vsecretan1z,91,2018-01-08,2,
tsowrah1t,3929,2012-05-30,2,
rwilcott10,4799,2016-09-20,1,
jcolyer5,2896,2013-11-25,1,
ssimoes2a,4424,2013-04-30,2,
lmaxtedg,3336,2011-12-29,4,
aecclestone1d,1325,2016-05-09,1,
bdundin1f,1229,2023-10-23,1,
mromandl,991,2020-03-12,3,
llangloisi,1546,2025-06-19,1,
jvasilenko2h,3433,2017-05-11,2,
tmusickaw,4616,2009-04-22,2,
apetchell15,1062,2024-10-07,2,
kstammler1m,3330,2022-06-17,3,
gtoffolonio,2580,2024-10-04,3,
prosenfelt14,1097,2016-12-03,4,
ssimoes2a,3913,2010-11-03,1,
xbenion2f,3051,2013-06-22,4,
fbernon1j,1691,2015-05-21,3,
avasechkin2g,2982,2014-10-19,3,
tmusickaw,1782,2024-09-10,1,
rfoulis13,1439,2010-09-04,1,
fscreech6,4692,2014-11-05,4,
llangloisi,1664,2022-05-18,1,
dsiene2k,1696,2016-07-12,1,
prosenfelt14,158,2009-12-07,1,
mmeka,2338,2014-04-19,2,
mromandl,2828,2018-05-18,4,
cschild1y,1029,2023-01-26,2,
pkyteley2j,4633,2026-02-07,1,
hpoundford2i,4797,2017-01-27,1,
hpoundford2i,1104,2009-04-07,2,
rbottrellt,3819,2022-08-23,4,
wleatt2o,3384,2023-03-14,4,
oaloshkinj,1369,2015-09-25,4,
jhearsey25,1202,2024-07-15,3,
jdellcasa1n,3089,2015-12-26,2,
swilemans,2006,2018-03-24,1,
cosbaldestony,3156,2011-12-20,1,
mgarioch1p,1024,2023-12-25,3,
swilemans,2443,2024-01-10,3,
fscreech6,50,2008-10-19,4,
wleatt2o,4589,2017-11-15,1,
xbenion2f,2802,2022-05-03,4,
cwaszkiewicz1u,4572,2010-12-02,4,
pvicaryn,2889,2011-12-19,3,
ssimoes2a,1545,2010-04-15,1,
cschild1y,1548,2024-11-07,3,
lbudibent3,1598,2015-02-01,1,
cniesel0,2514,2021-10-31,3,
ccrippin21,50,2009-10-15,3,
vsecretan1z,4044,2009-08-10,3,
swilemans,4025,2011-07-29,4,
mromandl,3348,2024-08-22,4,
tfley1q,4622,2017-01-01,2,
jhearsey25,849,2025-11-10,1,
swilemans,3034,2016-12-28,1,
onewberryd,4475,2025-08-20,4,
prosenfelt14,1190,2008-05-30,4,
afradsonm,4477,2016-06-01,3,
aecclestone1d,318,2009-06-19,1,
rwilcott10,3880,2009-04-18,2,
rbottrellt,4370,2014-09-28,1,
pvicaryn,4467,2011-11-27,3,
gtoffolonio,587,2008-02-06,2,
jmonini18,2643,2011-03-17,4,
aheyward1g,344,2022-07-16,3,
alloydwilliamsa,2479,2023-03-14,2,
pcolleford2r,3521,2017-05-13,2,
aecclestone1d,561,2012-12-29,2,
apetchell15,3417,2013-08-31,3,
olechmere1k,2915,2018-02-11,4,
swilemans,4272,2019-09-18,3,
ahorbath1a,463,2020-03-12,3,
sbignell19,3574,2023-11-13,1,
aheyward1g,143,2014-01-20,1,
afradsonm,4135,2019-12-08,3,
rfoulis13,1377,2009-02-01,1,
battwellz,4125,2022-01-20,4,
cdevaneyc,249,2013-12-14,3,
llangloisi,4142,2014-07-30,2,
aheyward1g,1908,2010-02-09,3,
egabbatiss2p,3541,2013-11-23,2,
cosbaldestony,2107,2016-03-20,2,
cwaszkiewicz1u,1020,2016-01-06,3,
kstonestreet20,2287,2024-11-05,4,
pcolleford2r,1991,2013-10-27,1,
egabbatiss2p,4543,2017-08-03,1,
gbezemer1h,1849,2013-12-29,1,
avasechkin2g,4569,2023-06-27,2,
mromandl,4410,2015-03-30,2,
ssparshettb,4448,2011-06-15,2,
msmedmore2n,2734,2019-10-26,4,
egrestie2c,4256,2012-12-31,2,
sbignell19,2584,2022-02-10,4,
gbezemer1h,1470,2025-08-21,3,
cniesel0,862,2017-06-20,2,
vsecretan1z,3205,2016-07-30,1,
egabbatiss2p,4576,2010-01-02,2,
marnaez24,3468,2023-01-28,2,
fbernon1j,4020,2014-05-21,4,
kstonestreet20,2601,2011-04-12,4,
astoate1c,3466,2016-12-06,4,
mwhitnell7,4105,2014-01-23,3,
astoate1c,2422,2020-04-11,1,
tdundon1,2714,2022-07-16,4,
lconaboy11,694,2010-04-17,3,
egrestie2c,3948,2019-12-28,3,
jmccarterx,1441,2012-06-28,2,
lbudibent3,3769,2018-12-23,1,
astoate1c,2914,2020-05-03,3,
fbernon1j,2103,2014-10-01,2,
sbignell19,1493,2024-05-08,1,
xbenion2f,1568,2019-03-15,2,
sbignell19,3945,2011-08-02,2,
bdundin1f,324,2012-02-17,1,
dsiene2k,2866,2008-06-29,2,
tmusickaw,3354,2013-05-15,1,
cosbaldestony,3,2011-08-03,1,
apetchell15,1013,2008-10-25,1,
sponteq,1740,2021-12-28,4,
tdundon1,3789,2022-08-22,3,
jcolyer5,1731,2016-11-05,3,
rtwitchings9,1896,2015-05-28,4,
mvasseh,359,2022-11-25,1,
rgasgarthu,878,2008-04-30,4,
cfrankcom2d,136,2018-07-08,4,
olechmere1k,2143,2026-01-17,1,
dayllett1i,2072,2019-05-20,1,
elivingstonep,1111,2011-12-23,4,
gseadon28,1762,2010-08-24,4,
mgarioch1p,769,2010-09-11,3,
pcolleford2r,2550,2015-11-17,3,
gtoffolonio,4589,2016-12-12,1,
aeul1o,2923,2023-05-08,2,
fscreech6,1069,2020-05-23,3,
hpoundford2i,2451,2010-10-13,1,
rtwitchings9,2919,2009-02-10,4,
jcolyer5,4309,2013-02-14,4,
ssimoes2a,959,2021-09-21,4,
jmccarterx,4254,2016-01-18,4,
prosenfelt14,2837,2010-11-16,3,
elivingstonep,3190,2008-04-09,4,
swilemans,78,2010-05-17,2,
egrestie2c,1914,2015-12-27,4,
tmusickaw,2276,2010-10-16,4,
egabbatiss2p,2710,2017-02-17,1,
thargess27,3152,2019-06-25,3,
apetchell15,2948,2009-03-21,1,
fscreech6,2333,2024-01-05,1,
ccockerham8,492,2022-03-19,2,
jvasilenko2h,2391,2012-07-13,3,
jhearsey25,4236,2021-01-03,2,
aeul1o,2044,2018-06-28,1,
hseabrocke2m,1494,2010-03-23,1,
msmedmore2n,352,2024-12-22,1,
gbezemer1h,4648,2022-08-27,2,
lconaboy11,322,2021-11-08,2,
kstonestreet20,2864,2010-07-02,2,
llangloisi,171,2010-01-09,4,
cosbaldestony,4620,2009-10-15,2,
vsecretan1z,1039,2013-11-22,1,
elivingstonep,992,2022-11-27,3,
rbottrellt,4274,2021-09-12,3,
tsowrah1t,259,2012-10-12,1,
onewberryd,4563,2013-12-29,2,
afradsonm,2097,2025-09-09,3,
ccockerham8,3157,2012-10-20,3,
lconaboy11,4694,2013-05-13,3,
ksmedley1b,1944,2017-06-20,3,
elivingstonep,4527,2023-04-11,4,
llangloisi,4674,2013-05-01,2,
msmedmore2n,2025,2015-02-04,4,
tsowrah1t,3282,2011-02-07,3,
mgarioch1p,1842,2015-08-08,3,
alloydwilliamsa,1916,2018-10-28,1,
pcolleford2r,2429,2008-06-18,1,
jvasilenko2h,4654,2025-02-15,4,
tpaulino2,3496,2014-10-09,4,
pvicaryn,4148,2018-07-20,2,
pkyteley2j,4513,2023-06-20,1,
llangloisi,1601,2014-12-26,1,
olechmere1k,4648,2009-05-09,3,
lbudibent3,4257,2019-07-16,3,
jmccarterx,642,2017-12-08,3,
xbenion2f,159,2019-12-28,2,
dayllett1i,1122,2023-09-01,3,
dpiatto4,2465,2015-07-16,1,
olechmere1k,3786,2016-07-02,3,
esouthwell2b,2379,2018-11-26,2,
dsiene2k,2524,2017-06-02,3,
dsiene2k,52,2020-12-15,2,
pcolleford2r,3049,2021-09-21,4,
mromandl,1456,2020-02-15,3,
astoate1c,6,2024-04-20,4,
ebatchelor22,1281,2024-05-22,1,
gbezemer1h,2168,2008-01-16,3,
ashenton26,2136,2011-11-17,3,
xbenion2f,3565,2013-01-16,3,
kstammler1m,1562,2020-12-25,4,
bfiggins23,45,2013-08-22,4,
bfiggins23,4706,2012-11-12,2,
csedgeworthk,1662,2026-01-12,2,
jvasilenko2h,1357,2008-07-31,1,
mromandl,3139,2011-01-01,4,
dpiatto4,3191,2008-06-02,3,
jmccarterx,4472,2017-01-10,2,
mcharlot12,220,2017-05-30,4,
battwellz,1433,2024-10-19,4,
mmeka,536,2011-12-24,2,
swilemans,3049,2020-11-18,1,
swilemans,1270,2017-08-02,1,
tpaulino2,3308,2017-02-24,1,
mcharlot12,3457,2019-08-31,1,
wdjordjevic1r,2461,2015-05-01,3,
marnaez24,580,2020-08-15,4,
gtapine,4095,2010-04-23,2,
egabbatiss2p,4774,2016-12-23,4,
dpiatto4,2089,2021-07-30,1,
jmccarterx,2699,2013-07-13,3,
csedgeworthk,2370,2015-01-14,1,
battwellz,2349,2019-04-12,2,
garonovich1v,4684,2025-04-25,4,
thargess27,4346,2015-11-27,3,
lshattock1e,3908,2016-11-05,1,
lshattock1e,2592,2014-03-09,3,
tpaulino2,112,2010-07-13,2,
cniesel0,261,2009-05-21,3,
msmedmore2n,2766,2016-07-05,2,
lbudibent3,940,2022-05-29,2,
bboobierv,2,2025-04-29,4,
esouthwell2b,168,2025-05-30,1,
tmusickaw,3160,2009-06-05,2,
rfoulis13,4449,2019-10-06,4,
gseadon28,3335,2016-02-05,3,
dbruckshaw1l,3390,2017-07-28,4,
tdundon1,1194,2022-11-08,3,
jhaslen2e,288,2010-08-29,4,
jhearsey25,4666,2026-03-22,1,
jdellcasa1n,575,2020-07-08,4,
ksmedley1b,3746,2020-06-07,2,
mvasseh,1112,2023-09-26,4,
tpaulino2,3037,2017-10-05,2,
sbignell19,4346,2023-03-07,3,
glongbottom16,3485,2014-02-07,2,
cyannoni1w,4611,2021-08-11,1,
cwaszkiewicz1u,3956,2019-12-03,4,
aheyward1g,4680,2022-12-23,4,
lbudibent3,2517,2018-07-07,4,
jmarkos29,4132,2016-05-16,1,
lconaboy11,1323,2018-12-25,4,
rrosten1x,4177,2010-02-08,1,
rwilcott10,3977,2010-06-25,1,
egrestie2c,2889,2022-01-06,4,
dayllett1i,2691,2008-11-04,2,
cniesel0,2058,2012-07-01,1,
rrosten1x,1074,2026-02-05,1,
llangloisi,1931,2021-06-06,4,
cniesel0,1482,2025-03-29,4,
jmccarterx,1874,2009-05-25,2,
elivingstonep,4759,2019-03-27,3,
rwilcott10,102,2022-07-16,3,
garonovich1v,2211,2010-06-28,2,
mvasseh,3685,2009-02-10,3,
elivingstonep,3397,2018-12-11,4,
gbezemer1h,2129,2018-11-24,4,
oaloshkinj,3563,2018-02-05,4,
mromandl,2862,2017-06-06,3,
elivingstonep,2633,2019-04-30,3,
lmaxtedg,2889,2011-06-25,4,
gtoffolonio,4631,2026-01-01,4,
gtoffolonio,688,2013-12-20,4,
rbottrellt,3722,2021-12-28,2,
lbudibent3,187,2013-04-13,4,
mvasseh,1179,2020-02-03,3,
garonovich1v,2434,2008-01-17,1,
elivingstonep,4234,2012-07-01,1,
glongbottom16,51,2016-11-14,2,
lmaxtedg,1938,2026-04-01,2,
swilemans,1908,2011-04-25,2,
afradsonm,279,2020-09-05,1,
gbezemer1h,3651,2012-04-07,3,
garonovich1v,3558,2009-08-23,2,
tmusickaw,4770,2009-06-29,3,
cdevaneyc,1622,2011-10-18,4,
mgarioch1p,874,2025-09-10,1,
hseabrocke2m,3554,2017-05-04,3,
ccockerham8,51,2024-03-11,2,
rfoulis13,2802,2013-03-21,4,
tsowrah1t,596,2011-05-25,1,
ssimoes2a,1663,2017-10-05,2,
dayllett1i,792,2011-11-10,4,
pvicaryn,4211,2010-02-15,2,
ssparshettb,3342,2023-11-01,4,
aheyward1g,3541,2008-07-23,4,
ssparshettb,287,2016-08-19,1,
jmonini18,4585,2010-02-16,4,
lconaboy11,1353,2010-08-10,4,
msmedmore2n,532,2017-02-08,2,
xbenion2f,2054,2009-01-15,1,
msmedmore2n,344,2020-12-30,1,
xbenion2f,3165,2014-10-24,1,
cfrankcom2d,4800,2012-06-18,3,
cniesel0,4031,2009-11-07,2,
egabbatiss2p,2033,2017-05-14,4,
ccockerham8,4553,2020-05-07,3,
ebatchelor22,294,2014-04-23,3,
dbruckshaw1l,3220,2020-08-22,4,
tsowrah1t,4299,2012-12-17,1,
gbezemer1h,3271,2012-11-21,2,
gseadon28,2183,2024-11-26,1,
rgasgarthu,1555,2022-03-10,2,
hseabrocke2m,488,2020-01-30,1,
rbottrellt,2296,2018-05-06,1,
mdampier2q,4016,2014-10-22,1,
ebatchelor22,2900,2024-05-08,1,
apetchell15,2607,2024-02-02,4,
lconaboy11,4310,2009-09-19,4,
mvasseh,2758,2024-01-10,2,
vsecretan1z,218,2018-11-21,4,
oaloshkinj,2877,2022-04-09,4,
bdundin1f,3082,2018-12-25,4,
aecclestone1d,2172,2011-09-30,1,
bboobierv,4328,2009-10-07,3,
pcolleford2r,2126,2023-11-28,4,
fscreech6,2891,2016-08-31,2,
gtapine,1495,2025-08-13,4,
onewberryd,1987,2010-09-13,2,
elivingstonep,3527,2024-01-26,1,
mgarioch1p,3360,2015-08-15,1,
jcolyer5,3580,2025-03-06,2,
dsiene2k,4764,2021-02-25,4,
lbudibent3,2539,2023-12-03,1,
rbottrellt,3466,2018-03-21,2,
rbottrellt,4115,2025-11-24,3,
ccrippin21,3776,2011-11-10,1,
cyannoni1w,2225,2017-08-01,4,
knewling1s,252,2018-02-10,4,
mgarioch1p,2975,2025-11-18,4,
jmarkos29,1941,2015-12-03,2,
llangloisi,4164,2022-07-23,1,
ssimoes2a,4203,2026-02-12,1,
csedgeworthk,131,2023-08-31,4,
tfley1q,1514,2013-08-21,2,
egabbatiss2p,716,2016-05-24,4,
gbezemer1h,1769,2025-03-29,2,
knewling1s,1154,2024-09-09,1,
ccrippin21,1995,2011-06-30,1,
elivingstonep,2483,2024-01-18,2,
elivingstonep,4540,2021-03-12,1,
marnaez24,4438,2024-10-24,4,
msmedmore2n,4798,2018-05-01,3,
aheyward1g,3247,2018-10-16,2,
thargess27,4633,2015-05-02,1,
cniesel0,1009,2019-09-14,2,
ashenton26,4461,2015-03-05,4,
rfoulis13,3707,2021-06-25,3,
jvasilenko2h,1958,2013-02-19,3,
rtwitchings9,3510,2009-12-16,2,
cdevaneyc,1787,2024-02-23,4,
ssimoes2a,4251,2020-07-25,2,
dbruckshaw1l,2072,2025-09-17,2,
llangloisi,3713,2014-09-08,1,
ssparshettb,728,2026-02-22,1,
battwellz,276,2023-09-03,1,
jmccarterx,3200,2015-02-18,3,
knewling1s,3806,2015-09-28,2,
apetchell15,1475,2018-11-29,2,
oaloshkinj,783,2023-01-30,2,
tfley1q,721,2010-01-14,2,
alloydwilliamsa,3120,2024-09-13,2,
aeul1o,1122,2025-04-06,3,
mromandl,283,2019-07-23,2,
mdampier2q,3668,2013-03-28,4,
cyannoni1w,4434,2009-01-07,1,
afradsonm,1031,2013-04-07,2,
apetchell15,4070,2009-04-28,2,
pkyteley2j,368,2009-03-08,4,
cschild1y,2676,2022-09-03,2,
esouthwell2b,1229,2020-02-15,4,
ccockerham8,4722,2021-12-05,2,
jhaslen2e,3689,2015-03-08,3,
wleatt2o,4450,2008-03-29,3,
lconaboy11,2946,2009-12-13,1,
cdevaneyc,888,2011-09-17,2,
elivingstonep,1186,2025-12-04,3,
pkyteley2j,95,2019-03-24,2,
pcolleford2r,4184,2017-09-08,3,
tlowden17,3998,2018-01-06,3,
wleatt2o,999,2015-04-07,4,
lconaboy11,3495,2020-02-07,2,
aecclestone1d,1970,2008-08-24,4,
rrosten1x,4488,2025-04-23,4,
rrosten1x,2255,2009-08-04,1,
bfiggins23,2268,2014-06-16,4,
ccockerham8,3775,2009-06-04,3,
tdundon1,2158,2011-03-28,4,
daleksidzer,3920,2016-10-29,3,
afradsonm,4346,2019-07-11,1,
garonovich1v,4593,2015-08-25,4,
garonovich1v,2207,2022-05-15,4,
tsowrah1t,42,2012-10-27,1,
dsiene2k,2685,2022-11-11,1,
dayllett1i,1874,2025-10-10,4,
lshattock1e,2111,2017-06-03,3,
onewberryd,60,2021-07-30,3,
vmuslimf,875,2018-03-20,2,
jhearsey25,4616,2023-11-29,1,
astoate1c,4736,2020-03-23,2,
ebatchelor22,420,2020-04-07,4,
thargess27,2791,2023-03-28,1,
mvasseh,4571,2015-10-06,3,
hpoundford2i,4144,2023-05-28,1,
jdellcasa1n,1695,2019-05-20,1,
rfoulis13,1260,2011-05-08,2,
cosbaldestony,28,2024-04-26,1,
aeul1o,745,2022-09-17,4,
afradsonm,2822,2024-08-01,2,
ashenton26,1693,2015-12-17,2,
ssparshettb,2878,2013-03-06,4,
pcolleford2r,2409,2016-04-02,2,
bboobierv,1510,2015-09-18,4,
bdundin1f,156,2016-01-14,2,
cfrankcom2d,2599,2018-04-21,4,
mvasseh,1387,2012-05-25,1,
tmusickaw,3256,2017-02-07,2,
ccrippin21,1396,2018-02-10,2,
egabbatiss2p,1521,2019-01-01,2,
gbezemer1h,3380,2012-09-25,4,
llangloisi,646,2018-05-13,4,
jmccarterx,4524,2024-03-29,1,
wleatt2o,3251,2012-01-05,1,
jmccarterx,917,2020-07-04,2,
garonovich1v,3161,2019-03-17,1,
mdampier2q,47,2015-04-28,4,
ssimoes2a,2000,2016-06-21,3,
csedgeworthk,3879,2009-01-11,1,
garonovich1v,2821,2010-10-13,2,
tfley1q,1225,2013-03-23,3,
cfrankcom2d,60,2016-05-31,1,
tlowden17,984,2010-11-15,2,
swilemans,3813,2023-12-14,2,
fscreech6,4276,2008-08-05,3,
jcolyer5,3921,2012-11-09,1,
xbenion2f,3550,2015-10-07,4,
gtapine,191,2009-04-16,4,
rwilcott10,3622,2026-01-30,2,
aeul1o,3194,2024-02-23,4,
rfoulis13,3151,2022-12-13,3,
aeul1o,4760,2010-08-08,3,
mcharlot12,2281,2011-10-18,4,
tfley1q,4644,2023-07-29,1,
thargess27,4605,2015-11-26,2,
tsowrah1t,814,2025-12-18,3,
mcharlot12,2387,2024-08-31,2,
ksmedley1b,4361,2009-10-18,1,
bboobierv,4262,2019-08-31,4,
daleksidzer,713,2008-11-23,1,
lshattock1e,3589,2017-07-14,2,
battwellz,928,2011-05-19,2,
jmccarterx,3986,2008-08-26,1,
egabbatiss2p,2563,2012-06-02,4,
tdundon1,2102,2023-10-15,4,
egabbatiss2p,4484,2018-12-15,2,
ahorbath1a,2520,2009-11-13,3,
astoate1c,3585,2012-07-18,3,
marnaez24,2313,2025-04-12,4,
ccrippin21,3989,2019-03-18,3,
rrosten1x,3833,2023-06-04,3,
rwilcott10,3186,2010-10-04,4,
olechmere1k,923,2019-04-18,2,
thargess27,4641,2015-06-30,3,
dayllett1i,350,2012-10-10,2,
vmuslimf,514,2019-08-13,2,
cfrankcom2d,4519,2011-09-19,1,
csedgeworthk,2538,2009-01-02,2,
aeul1o,3177,2022-10-11,2,
ebatchelor22,3503,2010-05-07,4,
swilemans,3117,2009-10-05,2,
jmarkos29,1620,2022-01-25,2,
battwellz,2014,2014-04-06,2,
oaloshkinj,495,2021-12-12,3,
rwilcott10,935,2017-05-27,4,
glongbottom16,1489,2008-08-15,4,
sponteq,4010,2011-08-09,3,
pkyteley2j,4352,2022-02-06,3,
hpoundford2i,3541,2024-11-07,1,
mvasseh,2132,2019-03-25,2,
jhaslen2e,2920,2008-06-01,4,
dbruckshaw1l,3157,2018-01-05,1,
csedgeworthk,130,2009-01-12,2,
wdjordjevic1r,3447,2008-12-28,1,
hseabrocke2m,277,2023-10-28,1,
gtoffolonio,2262,2021-03-14,2,
bfiggins23,692,2021-11-21,1,
gbezemer1h,4580,2014-03-03,1,
hpoundford2i,3705,2011-12-03,4,
hpoundford2i,2584,2024-01-11,2,
cdevaneyc,3527,2024-05-19,3,
rrosten1x,841,2009-06-22,1,
ssimoes2a,1588,2012-11-12,3,
mcharlot12,3757,2012-12-30,4,
aeul1o,1596,2025-10-12,4,
marnaez24,4568,2020-04-09,4,
jvasilenko2h,1123,2023-10-01,2,
ssparshettb,1692,2022-01-08,2,
astoate1c,51,2013-03-28,2,
pvicaryn,310,2021-06-20,4,
hpoundford2i,2537,2010-03-03,1,
csedgeworthk,1952,2009-02-13,4,
knewling1s,3302,2009-12-23,3,
pvicaryn,2178,2008-11-11,4,
jcolyer5,4521,2010-12-24,1,
ksmedley1b,3905,2020-06-09,4,
tpaulino2,3501,2009-08-12,4,
vsecretan1z,2729,2021-10-10,3,
tsowrah1t,4641,2016-09-20,1,
aeul1o,1641,2010-07-13,4,
dpiatto4,3825,2012-09-01,2,
elivingstonep,485,2025-12-14,1,
tlowden17,3946,2014-10-02,2,
mvasseh,3218,2019-12-19,2,
astoate1c,16,2014-07-19,2,
aheyward1g,4505,2010-01-03,1,
knewling1s,3825,2017-04-02,2,
prosenfelt14,997,2020-08-19,3,
xbenion2f,2884,2021-03-26,2,
gbezemer1h,4696,2015-05-14,1,
afradsonm,266,2013-01-26,2,
tlowden17,2324,2016-12-27,1,
pkyteley2j,4684,2025-04-20,1,
astoate1c,3299,2010-11-05,4,
jmonini18,1273,2016-07-05,4,
ebatchelor22,1440,2021-07-30,1,
cfrankcom2d,1580,2025-12-10,1,
fbernon1j,3595,2012-10-14,4,
ashenton26,2937,2011-08-10,1,
marnaez24,2331,2009-11-13,3,
sponteq,3266,2012-07-29,3,
bboobierv,3693,2016-04-24,2,
pcolleford2r,488,2014-02-13,1,
hseabrocke2m,4698,2021-11-11,4,
tpaulino2,3012,2024-04-22,1,
aecclestone1d,3473,2024-06-05,4,
hpoundford2i,377,2022-01-01,3,
garonovich1v,2972,2025-05-19,1,
kstonestreet20,3407,2009-08-26,3,
lbudibent3,914,2011-06-21,1,
sponteq,2682,2014-05-23,2,
lbudibent3,2017,2023-12-10,2,
ebatchelor22,2695,2017-12-27,4,
ebatchelor22,2742,2022-02-13,4,
knewling1s,3018,2020-12-15,2,
lmaxtedg,409,2021-07-27,2,
jcolyer5,817,2012-08-05,3,
mgarioch1p,2273,2024-04-01,1,
rgasgarthu,1693,2025-07-11,1,
daleksidzer,4089,2009-02-04,3,
swilemans,884,2019-02-04,1,
apetchell15,3013,2024-03-13,2,
gtapine,570,2009-08-12,3,
elivingstonep,4625,2017-03-07,2,
egrestie2c,2810,2018-06-14,4,
gbezemer1h,1648,2024-05-22,4,
mromandl,3200,2021-09-16,4,
bdundin1f,1763,2016-04-01,2,
rgasgarthu,3832,2008-05-04,1,
msmedmore2n,2658,2026-04-22,2,
rfoulis13,454,2013-11-18,1,
ssparshettb,2466,2013-03-28,1,
llangloisi,3449,2016-06-21,2,
ahorbath1a,939,2018-10-20,4,
dayllett1i,1349,2018-05-08,3,
vsecretan1z,4566,2014-07-30,4,
marnaez24,337,2015-07-03,2,
lmaxtedg,4213,2011-09-15,1,
rrosten1x,27,2023-09-06,1,
prosenfelt14,3409,2018-09-16,2,
gbezemer1h,2774,2017-06-13,2,
ccrippin21,283,2020-08-27,4,
ccrippin21,2800,2018-04-05,1,
gbezemer1h,1953,2008-11-29,4,
cosbaldestony,558,2018-04-18,1,
ccockerham8,4351,2011-05-06,1,
avasechkin2g,2954,2021-07-22,3,
cyannoni1w,3537,2008-08-04,3,
lbudibent3,2379,2022-10-17,2,
mromandl,4120,2016-07-09,3,
prosenfelt14,3240,2019-11-29,1,
pkyteley2j,4230,2011-02-23,2,
tlowden17,4535,2013-01-26,4,
xbenion2f,635,2024-06-18,2,
jmccarterx,3127,2014-06-17,3,
jhearsey25,2362,2025-06-25,2,
mdampier2q,1029,2014-02-09,1,
ashenton26,2760,2020-11-21,2,
fbernon1j,1189,2013-11-22,4,
jmarkos29,32,2019-10-31,2,
ebatchelor22,1216,2022-08-30,4,
vsecretan1z,280,2013-03-27,4,
rgasgarthu,2139,2015-09-09,4,
rwilcott10,1316,2008-10-17,4,
gtoffolonio,330,2023-10-02,1,
gtoffolonio,2034,2025-05-17,2,
thargess27,208,2019-11-05,4,
daleksidzer,2037,2010-07-30,1,
vmuslimf,2530,2026-04-12,4,
alloydwilliamsa,4649,2020-07-08,4,
mmeka,3513,2024-08-31,4,
dsiene2k,4155,2017-12-04,1,
mgarioch1p,2739,2019-06-19,3,
dpiatto4,2068,2023-02-06,4,
ssparshettb,3297,2008-08-30,4,
sbignell19,2215,2018-08-04,2,
kstonestreet20,1791,2019-11-04,2,
aeul1o,228,2017-02-05,3,
knewling1s,3071,2015-06-07,3,
tdundon1,321,2021-03-30,4,
ksmedley1b,3504,2022-08-05,2,
msmedmore2n,3994,2010-03-15,1,
bdundin1f,937,2011-01-28,2,
ssimoes2a,3932,2020-01-16,1,
jcolyer5,917,2021-05-09,2,
egabbatiss2p,316,2010-08-13,3,
swilemans,3895,2025-05-30,4,
cniesel0,4340,2010-02-12,4,
daleksidzer,985,2010-03-16,2,
rwilcott10,3036,2009-04-28,2,
astoate1c,95,2010-06-05,4,
sbignell19,3461,2017-01-08,3,
wdjordjevic1r,3311,2021-06-12,4,
mmeka,4386,2020-03-19,2,
mromandl,3262,2020-12-26,3,
mmeka,972,2018-03-29,4,
aeul1o,3644,2013-07-26,1,
jmonini18,1896,2011-06-29,1,
tlowden17,320,2024-04-10,3,
dbruckshaw1l,2769,2014-11-17,3,
dsiene2k,1553,2010-12-23,1,
rbottrellt,4208,2015-11-11,2,
cniesel0,961,2011-01-22,3,
bboobierv,4486,2009-12-19,3,
olechmere1k,3216,2019-07-23,2,
gbezemer1h,911,2023-04-21,2,
egrestie2c,1040,2017-02-06,3,
knewling1s,4109,2012-02-07,2,
tfley1q,4444,2010-04-08,2,
astoate1c,3599,2012-05-07,3,
jcolyer5,3740,2022-01-13,1,
lconaboy11,4013,2008-12-29,4,
onewberryd,1343,2011-08-22,2,
tdundon1,3364,2013-04-10,4,
bboobierv,1001,2025-09-02,2,
tmusickaw,223,2024-01-20,4,
aeul1o,1136,2021-04-30,4,
aecclestone1d,4041,2011-02-27,3,
ssimoes2a,914,2009-04-04,4,
ahorbath1a,4091,2011-12-27,1,
pcolleford2r,3591,2016-06-23,3,
mdampier2q,3653,2024-10-28,2,
aeul1o,1688,2015-07-26,4,
dbruckshaw1l,373,2012-11-02,4,
mmeka,4064,2026-03-13,1,
cfrankcom2d,3702,2019-11-29,1,
ebatchelor22,1304,2011-10-30,4,
jhaslen2e,45,2023-10-27,1,
gseadon28,2893,2021-09-07,2,
bboobierv,2396,2023-09-12,1,
battwellz,2057,2016-04-08,1,
pvicaryn,4377,2023-04-10,4,
tsowrah1t,709,2024-11-25,2,
bdundin1f,321,2021-04-17,3,
tsowrah1t,1240,2017-12-23,4,
fbernon1j,3022,2019-03-11,4,
bdundin1f,1396,2022-11-15,4,
pvicaryn,3666,2015-12-14,2,
jmonini18,604,2022-09-01,2,
vmuslimf,877,2023-02-21,3,
tsowrah1t,1091,2012-04-04,1,
pcolleford2r,272,2010-08-31,1,
dayllett1i,3328,2022-04-05,2,
fscreech6,2723,2011-01-14,3,
dayllett1i,206,2012-06-26,2,
jcolyer5,3689,2015-02-06,1,
jhearsey25,441,2017-10-04,2,
tlowden17,4194,2023-03-01,2,
ccrippin21,2129,2017-04-02,4,
cdevaneyc,1524,2013-07-19,4,
mromandl,4379,2024-10-10,1,
garonovich1v,4728,2022-09-25,3,
lmaxtedg,1892,2021-05-06,2,
avasechkin2g,1481,2019-06-01,4,
bfiggins23,3007,2019-02-17,1,
cfrankcom2d,1463,2016-03-15,3,
gtoffolonio,739,2011-04-17,4,
thargess27,1534,2013-08-05,1,
esouthwell2b,662,2014-12-17,2,
ssparshettb,2983,2012-11-12,3,
marnaez24,3344,2023-01-10,2,
rwilcott10,1615,2026-02-27,3,
ksmedley1b,735,2012-03-27,3,
avasechkin2g,952,2018-12-08,3,
jcolyer5,3326,2022-01-24,2,
jhaslen2e,4675,2012-07-10,2,
glongbottom16,4146,2026-04-13,4,
ashenton26,1983,2019-12-20,3,
ssparshettb,3138,2017-09-02,2,
jhaslen2e,1121,2016-06-13,3,
mromandl,2434,2009-10-05,4,
gbezemer1h,4655,2017-08-31,4,
mdampier2q,926,2018-02-26,1,
hpoundford2i,3247,2014-09-24,4,
esouthwell2b,4755,2009-11-14,2,
aeul1o,2204,2017-06-24,1,
rwilcott10,3555,2019-09-04,3,
cschild1y,756,2009-07-11,4,
fbernon1j,2402,2023-08-27,2,
daleksidzer,4223,2024-05-05,4,
fbernon1j,351,2013-05-17,1,
msmedmore2n,2710,2014-10-23,1,
gseadon28,2523,2009-09-30,4,
daleksidzer,1479,2009-03-02,3,
mmeka,2042,2010-01-21,4,
cschild1y,3639,2024-06-14,2,
mdampier2q,557,2020-08-13,1,
garonovich1v,1821,2021-02-22,1,
lmaxtedg,687,2016-08-17,4,
rgasgarthu,2321,2013-10-04,3,
cwaszkiewicz1u,4748,2011-01-09,4,
aheyward1g,3349,2022-10-12,3,
pvicaryn,2299,2019-06-08,3,
jmccarterx,2406,2019-03-14,1,
onewberryd,876,2014-04-19,2,
cwaszkiewicz1u,4061,2023-09-08,4,
bdundin1f,69,2019-01-29,3,
kstammler1m,4325,2025-07-11,4,
jvasilenko2h,2367,2014-07-02,4,
bboobierv,1582,2013-10-19,2,
egabbatiss2p,4062,2020-09-29,2,
mwhitnell7,3916,2011-07-13,2,
tpaulino2,4231,2017-09-21,1,
aheyward1g,1797,2023-04-01,3,
apetchell15,1888,2018-09-08,1,
battwellz,3621,2020-10-01,4,
afradsonm,1721,2016-07-17,3,
cfrankcom2d,883,2021-10-07,3,
rwilcott10,2787,2013-05-03,3,
thargess27,2212,2025-05-05,2,
bdundin1f,1417,2020-05-22,4,
cdevaneyc,2189,2020-06-10,4,
cdevaneyc,2570,2016-08-06,3,
alloydwilliamsa,4763,2013-04-20,3,
tpaulino2,1027,2019-11-24,1,
daleksidzer,364,2025-05-29,2,
cwaszkiewicz1u,164,2014-01-07,4,
tdundon1,3184,2019-09-17,3,
ccrippin21,1752,2022-02-26,3,
ccockerham8,3680,2020-07-08,2,
gtoffolonio,1233,2016-03-27,4,
aheyward1g,1468,2015-08-20,3,
ssparshettb,1813,2017-08-05,2,
kstammler1m,1771,2020-04-20,1,
aecclestone1d,998,2021-11-06,3,
xbenion2f,1860,2008-03-28,3,
csedgeworthk,4494,2013-09-18,2,
mwhitnell7,2255,2019-12-26,4,
prosenfelt14,3680,2014-11-26,3,
cfrankcom2d,1781,2008-01-10,1,
rgasgarthu,4152,2017-07-31,1,
prosenfelt14,3741,2018-02-18,1,
gtapine,176,2018-11-14,3,
mgarioch1p,4581,2009-06-13,4,
knewling1s,3192,2010-07-26,2,
jmarkos29,1388,2025-01-19,4,
elivingstonep,3759,2008-02-19,2,
swilemans,4689,2019-08-08,3,
pcolleford2r,2970,2011-04-05,2,
cyannoni1w,3879,2017-08-24,1,
lshattock1e,1126,2017-11-20,4,
mmeka,2098,2025-11-22,4,
aheyward1g,220,2010-10-16,3,
wleatt2o,1134,2010-08-21,3,
cyannoni1w,4758,2011-11-09,3,
msmedmore2n,503,2015-03-30,2,
bboobierv,4477,2023-06-29,3,
rwilcott10,1099,2008-04-16,1,
jmccarterx,2006,2021-04-06,4,
alloydwilliamsa,325,2013-09-15,2,
daleksidzer,643,2009-03-10,4,
mgarioch1p,4410,2022-01-30,3,
egabbatiss2p,824,2010-01-04,2,
fscreech6,2649,2018-12-04,1,
ccrippin21,4326,2016-07-08,2,
gbezemer1h,1377,2014-12-06,1,
apetchell15,3231,2025-05-21,2,
mgarioch1p,3078,2021-08-10,3,
mvasseh,4514,2026-03-29,3,
cwaszkiewicz1u,806,2024-10-11,3,
hseabrocke2m,2594,2018-09-20,3,
jdellcasa1n,1013,2017-01-20,2,
rwilcott10,3763,2023-02-04,3,
rtwitchings9,2143,2020-06-03,3,
jhearsey25,1714,2019-06-16,4,
tfley1q,4407,2011-07-12,4,
avasechkin2g,3352,2017-12-11,1,
dsiene2k,644,2015-04-26,4,
mromandl,1208,2008-02-19,3,
cniesel0,3187,2017-06-16,4,
xbenion2f,1082,2017-05-10,3,
tsowrah1t,2211,2009-11-01,2,
fbernon1j,2444,2010-10-19,2,
marnaez24,1836,2020-11-09,4,
gtoffolonio,461,2015-09-06,2,
tdundon1,2493,2018-09-15,3,
rfoulis13,3427,2021-01-07,4,
pkyteley2j,3829,2018-12-16,3,
kstonestreet20,4780,2009-01-22,4,
apetchell15,3751,2020-04-17,4,
ccrippin21,473,2015-12-07,1,
bfiggins23,1514,2011-01-15,3,
cfrankcom2d,4329,2019-10-20,4,
dsiene2k,1446,2015-11-08,2,
lconaboy11,852,2020-12-08,4,
cosbaldestony,591,2019-06-07,3,
gtoffolonio,520,2022-09-06,4,
dsiene2k,847,2024-07-10,1,
mdampier2q,4322,2018-06-02,2,
rwilcott10,3253,2017-12-25,3,
tlowden17,3591,2021-11-25,2,
jmarkos29,1291,2025-02-18,4,
apetchell15,2156,2015-03-30,2,
mromandl,132,2013-09-19,4,
esouthwell2b,201,2014-07-16,3,
ebatchelor22,4172,2010-08-15,1,
afradsonm,1807,2017-02-02,1,
tmusickaw,2530,2013-04-05,2,
mvasseh,243,2023-02-12,3,
rbottrellt,3650,2024-10-01,1,
tsowrah1t,895,2023-07-19,4,
olechmere1k,2641,2013-05-04,2,
thargess27,2356,2022-06-12,3,
tlowden17,3759,2008-12-09,3,
marnaez24,3742,2018-04-06,1,
mromandl,4328,2026-02-28,3,
cwaszkiewicz1u,2635,2016-10-20,1,
tlowden17,3264,2021-12-15,3,
ebatchelor22,3391,2019-02-21,2,
daleksidzer,1598,2009-10-22,3,
gbezemer1h,2512,2012-02-21,2,
afradsonm,1050,2013-11-19,1,
rwilcott10,800,2025-11-01,1,
ashenton26,3345,2010-04-21,2,
cfrankcom2d,4267,2021-01-16,2,
cyannoni1w,1315,2012-04-27,4,
ppointon2l,616,2014-09-29,3,
jmarkos29,2038,2018-10-08,1,
lmaxtedg,4413,2010-01-17,2,
kstammler1m,3978,2016-06-20,1,
battwellz,2212,2017-10-05,3,
rtwitchings9,2834,2010-01-21,3,
bdundin1f,3341,2016-01-31,2,
lbudibent3,4611,2025-05-15,4,
pkyteley2j,2137,2015-09-09,1,
jmarkos29,967,2023-02-04,1,
apetchell15,4628,2015-11-11,1,
sponteq,1074,2019-06-08,2,
rbottrellt,4031,2019-12-18,1,
sponteq,646,2010-10-24,4,
fbernon1j,3308,2009-04-21,4,
mgarioch1p,4649,2010-06-27,1,
lshattock1e,583,2019-04-06,3,
ccrippin21,1881,2009-06-14,2,
swilemans,1816,2019-07-03,2,
jmccarterx,1263,2022-09-26,4,
marnaez24,3629,2020-03-19,3,
cwaszkiewicz1u,3388,2012-03-07,4,
xbenion2f,2371,2023-03-26,1,
astoate1c,3413,2025-04-05,2,
battwellz,4697,2025-01-30,1,
ksmedley1b,2006,2012-07-16,3,
dpiatto4,2854,2014-04-07,1,
cwaszkiewicz1u,3477,2019-11-10,4,
rrosten1x,704,2012-08-01,4,
tlowden17,797,2022-05-15,2,
mwhitnell7,3628,2024-04-10,3,
cyannoni1w,449,2017-01-02,3,
vmuslimf,2745,2025-09-21,1,
sbignell19,1061,2009-01-11,4,
gtoffolonio,2915,2016-07-17,1,
gbezemer1h,2095,2019-02-26,2,
marnaez24,1214,2012-12-28,3,
kstonestreet20,1061,2016-03-05,2,
rbottrellt,3976,2011-01-03,4,
ahorbath1a,93,2023-08-15,4,
oaloshkinj,2325,2023-03-11,4,
glongbottom16,2984,2017-09-02,1,
ksmedley1b,2097,2008-07-02,2,
tsowrah1t,2433,2014-03-01,3,
llangloisi,2171,2012-06-09,3,
mgarioch1p,4044,2020-02-20,3,
ebatchelor22,1223,2016-03-14,3,
rrosten1x,1961,2009-12-07,2,
dbruckshaw1l,2294,2019-12-17,2,
ssparshettb,1448,2011-06-04,1,
esouthwell2b,2081,2012-11-13,3,
afradsonm,365,2009-11-07,1,
llangloisi,191,2013-02-18,1,
egabbatiss2p,720,2020-12-12,3,
cfrankcom2d,534,2024-11-28,2,
prosenfelt14,3023,2011-11-21,3,
ssimoes2a,3349,2024-04-07,3,
dbruckshaw1l,2844,2018-03-13,4,
avasechkin2g,2982,2016-10-02,2,
bfiggins23,2021,2008-02-08,3,
mgarioch1p,4795,2019-05-28,1,
fscreech6,592,2011-10-30,4,
gtapine,1503,2019-08-03,2,
vmuslimf,566,2025-04-22,2,
gseadon28,2557,2023-04-01,1,
rgasgarthu,961,2025-08-15,4,
pcolleford2r,537,2009-03-05,2,
hpoundford2i,1508,2024-07-27,2,
aecclestone1d,3093,2012-09-30,3,
daleksidzer,4176,2009-03-07,3,
gbezemer1h,2125,2022-01-08,2,
cfrankcom2d,3933,2021-10-01,2,
vmuslimf,4398,2024-02-18,1,
jmonini18,3933,2022-08-04,2,
alloydwilliamsa,6,2025-06-23,1,
aeul1o,2146,2010-06-04,3,
ccrippin21,857,2008-12-17,1,
dsiene2k,2180,2023-12-29,1,
bfiggins23,4688,2015-12-25,1,
tmusickaw,3187,2010-02-03,4,
onewberryd,429,2024-09-08,3,
glongbottom16,634,2018-06-07,2,
gtapine,560,2023-10-06,2,
ahorbath1a,597,2010-11-18,1,
cdevaneyc,3551,2020-04-01,1,
gbezemer1h,1962,2015-07-10,1,
mromandl,3541,2011-08-20,3,
hpoundford2i,2987,2014-08-17,4,
dpiatto4,2034,2018-07-08,4,
apetchell15,3672,2019-05-29,4,
tfley1q,1174,2023-04-06,3,
tsowrah1t,4646,2018-10-07,1,
pcolleford2r,1149,2021-09-20,4,
esouthwell2b,1620,2015-11-20,2,
hseabrocke2m,1532,2020-09-28,3,
afradsonm,3903,2021-05-03,4,
bfiggins23,876,2017-04-05,4,
dayllett1i,4726,2014-09-07,3,
aeul1o,4462,2011-12-10,2,
rtwitchings9,864,2024-08-14,2,
swilemans,2044,2016-07-08,1,
wleatt2o,4546,2017-05-29,3,
jmarkos29,3019,2014-09-28,4,
afradsonm,102,2021-07-17,1,
hpoundford2i,1160,2012-09-22,2,
ssimoes2a,4644,2015-12-10,1,
ashenton26,2262,2023-10-27,2,
knewling1s,4185,2013-03-31,3,
bfiggins23,4227,2013-03-20,1,
llangloisi,1266,2012-06-22,1,
alloydwilliamsa,595,2011-11-24,2,
egabbatiss2p,209,2015-02-02,4,
pvicaryn,400,2015-03-27,2,
ashenton26,2140,2019-12-18,1,
aeul1o,988,2011-04-06,2,
mwhitnell7,4680,2022-01-24,2,
prosenfelt14,973,2022-09-18,4,
ksmedley1b,553,2018-10-17,3,
dayllett1i,3670,2012-05-21,1,
jmarkos29,4282,2023-01-24,1,
dsiene2k,2872,2024-07-24,2,
rtwitchings9,832,2012-06-09,1,
rbottrellt,3548,2009-09-03,4,
kstonestreet20,3407,2009-04-25,3,
ccrippin21,1766,2017-08-08,1,
ppointon2l,2948,2020-03-18,2,
rrosten1x,3575,2019-08-11,1,
ksmedley1b,4411,2008-03-26,2,
elivingstonep,2055,2008-11-16,1,
rwilcott10,1069,2009-06-23,4,
jhaslen2e,2602,2018-01-25,4,
jvasilenko2h,364,2024-01-19,4,
astoate1c,2588,2019-10-07,1,
dpiatto4,3949,2025-06-07,2,
dayllett1i,3431,2024-09-10,1,
dsiene2k,3364,2018-09-08,4,
vsecretan1z,4267,2022-04-30,4,
ashenton26,4481,2014-11-21,2,
bboobierv,1784,2021-11-11,3,
mromandl,2499,2016-11-01,2,
pcolleford2r,2196,2010-04-20,2,
dsiene2k,283,2008-04-23,4,
thargess27,2909,2012-02-13,3,
elivingstonep,4472,2008-03-11,4,
apetchell15,355,2011-11-25,1,
tsowrah1t,1690,2016-12-20,1,
tsowrah1t,4307,2023-06-13,1,
ppointon2l,2179,2023-06-10,3,
cfrankcom2d,4208,2016-09-30,1,
avasechkin2g,1611,2013-12-25,3,
aecclestone1d,1123,2018-01-31,1,
mromandl,1805,2024-12-23,1,
aheyward1g,3543,2013-07-16,2,
rtwitchings9,550,2025-07-15,1,
onewberryd,4605,2014-01-13,4,
astoate1c,3202,2011-05-20,1,
tfley1q,3305,2014-02-25,2,
vsecretan1z,2364,2018-06-22,3,
cwaszkiewicz1u,2874,2011-05-24,1,
rwilcott10,4716,2024-03-19,4,
ahorbath1a,410,2024-05-03,4,
lshattock1e,3166,2018-03-24,4,
aheyward1g,870,2017-10-15,1,
lconaboy11,3663,2011-12-22,3,
kstammler1m,421,2014-10-09,1,
apetchell15,2505,2014-01-17,3,
dsiene2k,3410,2011-05-17,2,
mgarioch1p,2335,2019-10-09,1,
tmusickaw,3599,2011-02-20,1,
rwilcott10,2662,2013-07-12,3,
pcolleford2r,3959,2018-10-21,2,
rrosten1x,3517,2009-07-28,3,
jmarkos29,780,2022-08-24,1,
tpaulino2,1540,2018-07-10,2,
fbernon1j,4508,2020-08-09,1,
egabbatiss2p,4430,2019-09-13,1,
knewling1s,3616,2012-06-30,1,
egabbatiss2p,2700,2008-08-19,3,
olechmere1k,2604,2024-06-01,4,
kstonestreet20,3039,2025-04-07,4,
cfrankcom2d,3539,2013-08-03,2,
rrosten1x,2950,2023-05-06,1,
tmusickaw,646,2022-07-25,2,
lbudibent3,3521,2025-05-03,2,
hseabrocke2m,2261,2010-08-23,1,
onewberryd,2433,2023-11-05,1,
astoate1c,1768,2015-02-07,4,
ssparshettb,3830,2026-04-24,4,
kstammler1m,4119,2025-03-19,1,
ebatchelor22,4220,2010-09-11,4,
egabbatiss2p,2049,2022-03-14,4,
cfrankcom2d,2765,2018-05-14,4,
rfoulis13,2341,2020-11-21,2,
csedgeworthk,1413,2015-08-26,4,
jhaslen2e,2069,2014-01-19,2,
hseabrocke2m,312,2008-08-23,3,
ssparshettb,3936,2008-07-15,1,
hpoundford2i,4146,2015-10-12,3,
wdjordjevic1r,2987,2011-03-02,4,
vsecretan1z,2416,2024-05-03,2,
ssparshettb,1882,2022-03-05,2,
tdundon1,2574,2019-11-09,4,
ahorbath1a,373,2012-07-24,1,
jhaslen2e,748,2010-03-05,3,
ssparshettb,2054,2016-06-08,3,
jcolyer5,4660,2019-11-27,2,
glongbottom16,4722,2011-08-22,2,
msmedmore2n,3351,2009-06-08,2,
avasechkin2g,3576,2024-12-27,2,
msmedmore2n,3356,2009-05-24,4,
dpiatto4,2152,2017-12-29,2,
bboobierv,65,2013-06-14,2,
swilemans,1275,2022-07-11,1,
rwilcott10,2911,2018-11-06,1,
wleatt2o,2672,2010-12-21,3,
jvasilenko2h,4267,2022-01-14,2,
mwhitnell7,2159,2017-04-26,3,
rtwitchings9,105,2010-06-18,2,
cniesel0,2098,2021-10-18,2,
ahorbath1a,3253,2010-06-10,4,
ccrippin21,4380,2012-03-26,1,
vsecretan1z,4684,2018-06-04,3,
tdundon1,4718,2024-07-05,1,
vmuslimf,3877,2024-12-20,3,
rwilcott10,4606,2010-01-19,3,
oaloshkinj,4267,2022-12-05,3,
rwilcott10,4164,2011-06-23,1,
cosbaldestony,4227,2020-09-13,2,
olechmere1k,1323,2023-12-24,3,
pvicaryn,647,2021-03-02,3,
cschild1y,2993,2016-11-05,1,
prosenfelt14,2860,2014-05-11,2,
apetchell15,2682,2021-09-03,4,
tlowden17,714,2016-11-08,1,
dsiene2k,566,2023-06-17,3,
dsiene2k,2053,2011-03-12,4,
astoate1c,9,2010-01-21,2,
mdampier2q,2695,2020-12-09,1,
pvicaryn,1333,2025-02-27,3,
jdellcasa1n,3667,2021-05-16,1,
pvicaryn,881,2015-05-03,2,
dbruckshaw1l,648,2025-09-29,1,
ssimoes2a,3460,2015-10-24,2,
pkyteley2j,48,2010-02-23,1,
kstonestreet20,703,2022-06-01,2,
rfoulis13,1673,2014-11-11,3,
dbruckshaw1l,2600,2023-04-30,1,
tpaulino2,1940,2017-04-24,3,
aheyward1g,2442,2013-02-12,1,
mgarioch1p,3682,2024-01-06,3,
battwellz,4182,2016-05-24,4,
mwhitnell7,840,2013-09-12,2,
rtwitchings9,997,2022-12-17,4,
mwhitnell7,2979,2021-08-06,3,
pkyteley2j,41,2020-10-09,2,
pvicaryn,3200,2014-09-25,3,
ccockerham8,2150,2022-03-20,3,
cniesel0,143,2008-08-06,3,
lconaboy11,1265,2008-02-25,4,
onewberryd,2471,2025-09-08,1,
ebatchelor22,1677,2020-10-25,2,
fscreech6,1789,2019-10-13,2,
jhaslen2e,3419,2017-11-27,4,
aecclestone1d,677,2024-08-25,2,
aecclestone1d,3272,2011-10-03,1,
jhearsey25,2144,2025-07-24,2,
ppointon2l,2463,2023-08-05,2,
rrosten1x,2810,2023-05-07,4,
ccockerham8,1672,2015-01-24,3,
vsecretan1z,3186,2008-02-28,3,
msmedmore2n,506,2023-04-27,2,
mcharlot12,1674,2024-09-02,4,
fscreech6,4569,2022-09-24,4,
ccrippin21,3508,2021-04-19,1,
thargess27,99,2013-05-03,2,
elivingstonep,2109,2020-11-01,2,
cniesel0,3265,2013-03-16,4,
bfiggins23,801,2011-08-31,3,
cwaszkiewicz1u,4470,2017-05-26,3,
gtapine,2237,2019-07-31,3,
elivingstonep,2114,2013-10-25,3,
pvicaryn,3409,2019-03-17,1,
ppointon2l,900,2018-08-10,3,
vsecretan1z,4290,2021-07-13,1,
dayllett1i,1835,2023-09-07,1,
tpaulino2,4595,2022-08-25,4,
cwaszkiewicz1u,405,2025-03-01,4,
elivingstonep,1592,2019-07-01,1,
ksmedley1b,3580,2023-02-26,2,
elivingstonep,4585,2019-10-07,1,
glongbottom16,3822,2014-12-18,1,
mromandl,862,2009-05-01,3,
fbernon1j,3672,2009-11-20,1,
ssimoes2a,509,2022-05-06,1,
rbottrellt,2606,2011-10-12,3,
tmusickaw,2181,2025-07-24,2,
csedgeworthk,4324,2011-10-08,1,
tpaulino2,3258,2010-02-01,4,
bdundin1f,2580,2023-06-16,2,
ssimoes2a,2953,2016-08-21,1,
rgasgarthu,2219,2013-01-12,3,
prosenfelt14,298,2016-09-28,1,
tlowden17,4486,2012-03-27,1,
oaloshkinj,2142,2024-09-01,1,
lmaxtedg,571,2023-12-31,3,
tdundon1,4279,2020-12-15,2,
pcolleford2r,3107,2019-03-12,3,
tlowden17,4192,2026-03-03,2,
jmonini18,2705,2024-12-16,4,
cdevaneyc,4778,2019-08-03,2,
cfrankcom2d,838,2025-09-27,3,
bdundin1f,318,2019-01-15,2,
rfoulis13,1419,2025-07-30,2,
tlowden17,2017,2018-01-02,3,
bboobierv,4730,2016-10-17,4,
aecclestone1d,910,2024-03-01,3,
gtapine,3017,2009-03-12,4,
cwaszkiewicz1u,2585,2011-05-23,1,
jmonini18,1827,2019-03-26,2,
ssimoes2a,115,2012-09-13,1,
onewberryd,3678,2026-04-09,3,
aheyward1g,258,2010-07-01,4,
lshattock1e,3854,2012-10-22,4,
jhaslen2e,2952,2021-05-13,4,
lconaboy11,1415,2008-03-11,3,
aheyward1g,2703,2022-03-28,3,
cschild1y,4783,2025-03-01,2,
fbernon1j,4465,2026-01-23,4,
ashenton26,1928,2020-08-13,2,
vsecretan1z,1177,2008-02-08,3,
ccockerham8,9,2016-07-04,1,
ashenton26,2911,2012-05-16,3,
rtwitchings9,612,2008-11-24,2,
rtwitchings9,2433,2024-07-08,2,
elivingstonep,1771,2023-05-22,3,
kstonestreet20,4066,2014-04-06,2,
lshattock1e,2742,2016-05-18,2,
wdjordjevic1r,4796,2022-11-08,1,
jdellcasa1n,1076,2009-10-31,3,
gseadon28,4380,2019-10-17,3,
bfiggins23,1254,2021-04-20,3,
jcolyer5,657,2019-10-28,1,
egabbatiss2p,295,2018-08-15,2,
prosenfelt14,1580,2018-01-02,2,
fscreech6,2482,2014-05-03,2,
vsecretan1z,2506,2019-03-16,1,
ppointon2l,2868,2023-01-31,1,
prosenfelt14,3686,2010-03-31,4,
lmaxtedg,1602,2019-05-17,1,
wdjordjevic1r,4718,2008-09-18,4,
avasechkin2g,204,2019-08-13,3,
ahorbath1a,279,2011-08-26,1,
onewberryd,3380,2024-04-03,1,
daleksidzer,491,2022-03-15,1,
aeul1o,3980,2015-07-17,3,
mgarioch1p,1203,2011-11-18,4,
jmccarterx,3820,2010-09-26,2,
pvicaryn,4384,2014-01-19,4,
jmccarterx,2100,2025-03-19,4,
ahorbath1a,3771,2013-01-06,2,
mwhitnell7,2317,2012-06-28,2,
battwellz,1408,2014-12-24,2,
tlowden17,3648,2014-03-10,2,
aheyward1g,76,2013-06-23,2,
glongbottom16,1663,2016-05-31,2,
tpaulino2,2210,2009-02-04,4,
kstonestreet20,4083,2020-08-12,4,
wdjordjevic1r,1618,2019-06-29,1,
alloydwilliamsa,4225,2018-05-23,1,
csedgeworthk,1950,2014-11-01,2,
cschild1y,4314,2021-12-10,2,
mwhitnell7,1258,2015-05-06,3,
prosenfelt14,848,2009-11-06,3,
jmonini18,1148,2025-04-21,3,
kstonestreet20,753,2021-07-28,1,
thargess27,4191,2015-11-05,1,
bfiggins23,288,2017-07-08,4,
sponteq,2692,2012-02-20,1,
cniesel0,4462,2014-07-23,4,
pcolleford2r,3375,2022-06-30,3,
lshattock1e,594,2019-02-27,2,
prosenfelt14,595,2024-04-22,4,
llangloisi,473,2023-03-29,2,
pvicaryn,889,2014-07-04,1,
jvasilenko2h,710,2024-06-09,3,
rbottrellt,4477,2011-08-27,1,
ppointon2l,2047,2020-10-16,2,
hpoundford2i,4048,2019-12-17,4,
gtapine,3168,2025-07-20,2,
jcolyer5,1370,2015-07-17,4,
oaloshkinj,2875,2015-04-14,4,
dpiatto4,2251,2013-05-17,2,
mvasseh,4486,2013-04-17,1,
cwaszkiewicz1u,1797,2026-01-06,1,
rfoulis13,391,2012-06-11,3,
dsiene2k,201,2014-05-22,4,
ppointon2l,3284,2022-05-19,3,
sponteq,1380,2010-03-29,1,
tlowden17,679,2012-05-25,1,
vmuslimf,1461,2008-06-29,2,
tlowden17,2500,2018-11-17,2,
rwilcott10,183,2022-05-31,4,
apetchell15,965,2022-05-19,4,
mcharlot12,532,2022-10-06,4,
sponteq,1859,2017-04-06,3,
elivingstonep,3948,2010-04-14,2,
rgasgarthu,856,2024-11-28,1,
jmccarterx,1294,2014-02-10,1,
gtapine,3964,2011-04-12,2,
kstammler1m,3303,2021-12-12,1,
prosenfelt14,2193,2016-06-04,2,
hpoundford2i,608,2019-09-02,1,
wdjordjevic1r,1012,2022-05-28,1,
ksmedley1b,3615,2015-09-08,3,
egabbatiss2p,1290,2021-04-10,2,
jmccarterx,4333,2009-05-22,1,
sbignell19,2422,2020-02-26,4,
aecclestone1d,1228,2022-11-06,4,
cyannoni1w,3615,2012-09-09,4,
hpoundford2i,267,2019-11-22,1,
jdellcasa1n,3039,2009-09-04,4,
dsiene2k,3530,2018-09-20,3,
cdevaneyc,415,2011-03-24,2,
jdellcasa1n,745,2021-12-27,2,
prosenfelt14,724,2024-03-27,3,
oaloshkinj,3962,2011-09-30,1,
cdevaneyc,863,2014-01-06,2,
dpiatto4,2776,2025-08-03,4,
apetchell15,4377,2022-06-05,3,
afradsonm,3086,2009-08-03,3,
ebatchelor22,3720,2023-10-22,4,
rtwitchings9,1060,2021-04-28,3,
ssparshettb,155,2022-07-06,1,
cniesel0,4483,2009-07-20,1,
rwilcott10,1837,2020-11-23,1,
tsowrah1t,1830,2024-08-22,2,
jvasilenko2h,1952,2026-04-02,4,
tmusickaw,840,2012-07-12,1,
tsowrah1t,2871,2008-05-20,4,
dpiatto4,4232,2025-12-02,3,
afradsonm,420,2013-09-26,1,
vmuslimf,2109,2019-08-20,2,
gbezemer1h,2262,2025-01-06,1,
rrosten1x,3221,2016-03-20,4,
lconaboy11,2735,2021-04-07,2,
sbignell19,401,2013-01-01,4,
ccrippin21,3068,2018-09-19,1,
vsecretan1z,2224,2017-11-13,2,
dsiene2k,3559,2017-02-18,2,
aeul1o,4419,2016-09-03,3,
bboobierv,3525,2015-02-12,1,
sbignell19,3986,2012-03-09,1,
fscreech6,209,2023-08-13,2,
ebatchelor22,272,2013-01-31,2,
apetchell15,4035,2008-12-30,1,
kstammler1m,3045,2011-12-12,3,
daleksidzer,338,2016-02-16,1,
swilemans,4327,2009-11-29,3,
cosbaldestony,2341,2015-10-01,2,
sbignell19,4339,2020-11-03,2,
cosbaldestony,772,2014-11-22,4,
llangloisi,3058,2022-03-13,1,
battwellz,3470,2011-03-10,3,
pvicaryn,3472,2013-11-21,4,
mvasseh,1022,2025-02-14,4,
aeul1o,1766,2015-09-21,3,
rtwitchings9,2914,2024-08-08,2,
rbottrellt,1835,2011-11-03,1,
csedgeworthk,3796,2019-03-26,4,
battwellz,659,2021-09-04,4,
fscreech6,1402,2021-12-11,2,
swilemans,353,2010-04-13,4,
tlowden17,2816,2009-08-20,4,
mwhitnell7,2290,2009-01-18,3,
fscreech6,4363,2025-08-05,4,
swilemans,4630,2014-02-09,3,
jhearsey25,889,2020-08-07,2,
ssparshettb,1707,2012-09-20,1,
apetchell15,3731,2010-05-21,4,
sponteq,705,2017-11-18,3,
egabbatiss2p,4784,2012-04-09,3,
lmaxtedg,234,2016-05-05,2,
knewling1s,414,2024-06-21,4,
afradsonm,2394,2011-02-26,2,
afradsonm,153,2019-03-03,2,
prosenfelt14,4486,2012-11-22,3,
mdampier2q,2656,2018-03-29,3,
gbezemer1h,4562,2009-02-09,4,
battwellz,1218,2012-08-26,2,
lconaboy11,3007,2012-08-17,3,
aeul1o,2287,2011-08-25,2,
tmusickaw,3896,2024-12-14,3,
fbernon1j,1382,2023-06-30,4,
tdundon1,2193,2022-10-06,3,
ssparshettb,1362,2019-01-12,4,
afradsonm,2309,2010-06-16,4,
cniesel0,3007,2009-08-14,1,
jdellcasa1n,3204,2010-01-31,3,
jmonini18,1475,2010-04-30,4,
egabbatiss2p,4063,2022-12-16,3,
csedgeworthk,1535,2025-10-18,4,
jhaslen2e,4539,2019-11-19,4,
rrosten1x,983,2022-03-22,3,
fbernon1j,4672,2016-06-20,4,
ebatchelor22,1623,2012-03-17,1,
dayllett1i,4041,2010-09-05,1,
sbignell19,1650,2009-12-24,2,
aeul1o,2975,2013-02-28,4,
rwilcott10,4168,2012-04-24,4,
cdevaneyc,206,2026-04-10,3,
aheyward1g,1156,2018-03-12,4,
rrosten1x,1147,2012-11-15,2,
elivingstonep,99,2020-06-17,2,
hpoundford2i,3709,2009-06-26,1,
olechmere1k,3056,2019-11-26,4,
mdampier2q,4184,2022-11-27,1,
ccockerham8,3753,2009-12-06,4,
ssimoes2a,219,2025-05-18,2,
hpoundford2i,3506,2015-06-25,1,
aheyward1g,1067,2013-05-06,4,
rrosten1x,1557,2019-10-19,3,
glongbottom16,291,2023-04-23,2,
csedgeworthk,1285,2015-03-16,2,
kstonestreet20,1770,2017-08-31,2,
egrestie2c,1477,2013-08-08,2,
mcharlot12,153,2025-03-31,1,
dayllett1i,185,2012-05-16,4,
garonovich1v,4579,2025-02-14,3,
oaloshkinj,4401,2009-04-17,1,
esouthwell2b,967,2024-12-05,1,
mromandl,2054,2011-09-06,3,
rbottrellt,1636,2008-08-03,1,
xbenion2f,4278,2023-06-28,2,
cyannoni1w,3285,2017-12-26,2,
rtwitchings9,1731,2013-02-20,3,
jcolyer5,1789,2022-01-19,4,
battwellz,3329,2016-02-29,4,
gtapine,1496,2026-04-20,4,
tpaulino2,2213,2011-08-03,3,
rrosten1x,4165,2020-12-09,2,
csedgeworthk,493,2019-07-13,2,
cdevaneyc,1549,2013-08-13,3,
fscreech6,4167,2008-03-01,1,
jhaslen2e,865,2018-06-03,2,
fbernon1j,3285,2010-03-12,3,
egrestie2c,1720,2019-04-15,4,
kstammler1m,174,2011-04-17,1,
wdjordjevic1r,4694,2024-11-07,3,
jmccarterx,3999,2014-11-30,3,
lconaboy11,661,2021-05-17,4,
msmedmore2n,282,2018-03-25,4,
jmonini18,3514,2009-06-01,2,
esouthwell2b,2098,2008-12-05,1,
jhearsey25,353,2022-10-01,3,
alloydwilliamsa,4221,2009-12-27,2,
tmusickaw,2557,2015-02-06,1,
glongbottom16,2070,2021-09-07,4,
csedgeworthk,2762,2017-01-05,2,
daleksidzer,3695,2016-01-28,3,
prosenfelt14,261,2011-07-16,4,
csedgeworthk,4338,2009-12-01,4,
rwilcott10,2893,2011-09-14,3,
ccrippin21,1067,2012-04-20,2,
llangloisi,2499,2010-10-09,1,
tfley1q,4566,2013-12-26,1,
mwhitnell7,236,2023-09-10,4,
mdampier2q,4485,2019-05-11,1,
lshattock1e,556,2015-07-26,1,
fscreech6,167,2022-08-06,4,
jhearsey25,2972,2015-01-19,3,
garonovich1v,2776,2021-11-19,3,
rfoulis13,464,2017-12-29,2,
kstammler1m,1950,2024-05-02,2,
lconaboy11,3176,2018-03-27,2,
bboobierv,4480,2009-11-27,3,
mromandl,1407,2009-12-03,2,
fbernon1j,1413,2014-02-28,1,
egabbatiss2p,1774,2012-01-24,1,
tlowden17,4101,2022-03-14,3,
bfiggins23,590,2020-09-06,2,
jhearsey25,2193,2021-11-25,1,
xbenion2f,3929,2016-07-31,2,
hseabrocke2m,2529,2010-05-14,2,
lmaxtedg,3221,2008-10-30,3,
jmonini18,596,2018-04-05,2,
vsecretan1z,1205,2026-04-24,3,
tsowrah1t,559,2023-04-14,2,
egabbatiss2p,3518,2018-06-01,2,
sbignell19,2501,2015-05-25,2,
marnaez24,1026,2020-09-06,3,
wleatt2o,93,2017-03-01,1,
olechmere1k,1698,2019-01-21,4,
pvicaryn,268,2020-07-17,4,
wdjordjevic1r,3927,2020-01-09,1,
elivingstonep,1197,2025-03-10,4,
sponteq,3842,2025-11-22,2,
sponteq,1773,2010-07-25,2,
daleksidzer,1847,2011-07-30,4,
jdellcasa1n,310,2025-12-01,1,
avasechkin2g,3264,2014-10-12,4,
tsowrah1t,3745,2018-12-30,2,
gbezemer1h,2240,2013-03-21,1,
gseadon28,4299,2020-04-19,2,
jmarkos29,1438,2009-08-17,1,
egrestie2c,1620,2013-11-07,1,
tlowden17,4780,2016-03-27,1,
msmedmore2n,1684,2014-04-13,2,
lbudibent3,1160,2008-11-25,3,
mgarioch1p,2609,2014-04-04,1,
wleatt2o,3229,2011-11-19,1,
fscreech6,2795,2014-11-21,3,
tmusickaw,4465,2022-08-17,4,
afradsonm,3147,2013-11-04,4,
rgasgarthu,4559,2026-01-07,2,
cosbaldestony,1750,2010-09-24,2,
xbenion2f,3551,2017-09-10,2,
ashenton26,4564,2015-02-14,1,
knewling1s,3339,2009-07-13,2,
dayllett1i,1845,2010-01-15,3,
ssparshettb,749,2018-06-13,4,
aeul1o,4105,2022-10-15,1,
bdundin1f,739,2009-07-18,2,
sponteq,491,2018-10-19,2,
gtapine,3841,2016-03-11,3,
cwaszkiewicz1u,3334,2009-04-24,4,
swilemans,3630,2023-05-09,4,
bfiggins23,3484,2015-12-11,4,
jmonini18,668,2018-10-27,4,
ccrippin21,3781,2023-09-19,2,
mmeka,1163,2021-03-01,1,
jvasilenko2h,897,2022-12-05,3,
jhaslen2e,1563,2012-09-28,3,
cdevaneyc,2739,2009-10-10,4,
kstammler1m,1911,2018-01-05,4,
ksmedley1b,3068,2013-05-19,2,
dpiatto4,4131,2018-08-10,2,
ccockerham8,3443,2023-12-27,4,
cschild1y,4056,2011-12-16,1,
garonovich1v,4527,2020-05-16,2,
xbenion2f,414,2018-10-04,3,
ahorbath1a,1574,2014-03-29,1,
tmusickaw,2033,2008-09-21,2,
cschild1y,2946,2022-06-21,3,
pkyteley2j,902,2016-11-02,1,
cschild1y,2165,2012-11-04,2,
olechmere1k,67,2010-12-03,3,
prosenfelt14,9,2018-04-06,1,
rgasgarthu,4643,2021-11-24,4,
cniesel0,2471,2018-03-11,1,
lconaboy11,1038,2017-07-04,2,
avasechkin2g,3531,2013-07-23,3,
avasechkin2g,1814,2011-04-10,4,
dpiatto4,2843,2014-12-06,2,
aeul1o,5,2014-01-21,3,
ssimoes2a,2135,2011-07-07,4,
marnaez24,2687,2014-06-24,4,
kstammler1m,1350,2018-09-04,3,
mgarioch1p,949,2024-09-05,4,
csedgeworthk,4781,2015-06-03,1,
battwellz,1924,2011-08-19,2,
olechmere1k,2865,2023-04-01,3,
tdundon1,102,2017-07-16,2,
ssimoes2a,4655,2018-09-12,2,
ssparshettb,845,2024-08-04,1,
cfrankcom2d,1254,2016-02-05,4,
tpaulino2,2589,2015-11-01,2,
lconaboy11,1825,2025-12-04,1,
rbottrellt,3054,2024-06-17,3,
dayllett1i,39,2010-07-28,2,
mromandl,4784,2022-03-13,1,
sponteq,1985,2025-04-16,2,
esouthwell2b,2718,2024-07-06,3,
bdundin1f,1980,2020-01-17,3,
bfiggins23,3190,2011-06-15,1,
rgasgarthu,1264,2018-01-14,1,
olechmere1k,1561,2009-12-08,2,
mdampier2q,1421,2025-03-25,4,
mwhitnell7,1440,2016-01-16,4,
alloydwilliamsa,958,2020-09-28,1,
jhearsey25,4287,2014-06-02,1,
rfoulis13,2578,2020-06-05,4,
egabbatiss2p,4229,2019-02-10,4,
bfiggins23,1239,2015-12-14,4,
alloydwilliamsa,1952,2015-04-16,4,
astoate1c,4533,2018-10-16,2,
ccrippin21,2139,2008-12-13,1,
aecclestone1d,2945,2011-04-24,4,
onewberryd,51,2021-01-06,3,
esouthwell2b,381,2021-02-15,2,
hseabrocke2m,4478,2019-03-26,3,
gseadon28,612,2024-06-29,4,
hseabrocke2m,2894,2018-04-05,2,
astoate1c,3145,2019-11-27,2,
dayllett1i,2097,2023-05-13,4,
tpaulino2,2786,2024-12-14,3,
pcolleford2r,1734,2013-04-13,1,
rrosten1x,4265,2024-09-30,4,
ksmedley1b,2159,2017-10-21,4,
swilemans,89,2019-08-06,4,
ksmedley1b,3357,2025-01-18,1,
mromandl,4300,2012-01-11,3,
mcharlot12,4,2009-08-12,4,
thargess27,1664,2022-07-28,2,
ebatchelor22,413,2019-04-26,3,
rwilcott10,833,2015-12-04,1,
cdevaneyc,2537,2016-04-19,1,
jmccarterx,97,2012-09-19,1,
csedgeworthk,3913,2025-09-17,4,
bdundin1f,4260,2024-09-04,3,
ksmedley1b,4468,2009-05-18,2,
elivingstonep,3628,2024-02-19,2,
mcharlot12,3162,2021-05-20,2,
gbezemer1h,4180,2014-10-25,4,
onewberryd,3846,2018-01-26,2,
marnaez24,4290,2025-05-12,3,
gtoffolonio,1348,2017-03-04,2,
mmeka,4038,2016-01-26,3,
dayllett1i,3520,2021-12-01,3,
sbignell19,3301,2019-02-11,2,
tpaulino2,4551,2008-04-20,4,
cosbaldestony,1190,2011-11-13,2,
rtwitchings9,2666,2015-07-10,1,
pkyteley2j,4435,2021-12-25,1,
avasechkin2g,1419,2024-07-22,2,
tfley1q,1182,2019-05-17,4,
gtoffolonio,4542,2008-11-02,1,
fbernon1j,3967,2010-08-02,4,
cfrankcom2d,3652,2017-02-25,3,
msmedmore2n,4543,2014-05-09,1,
ssparshettb,975,2023-08-13,4,
apetchell15,88,2024-03-04,1,
pvicaryn,3558,2009-06-12,4,
cwaszkiewicz1u,285,2019-12-08,3,
lbudibent3,2257,2012-04-23,2,
swilemans,197,2015-06-02,1,
cosbaldestony,1854,2008-09-19,1,
gseadon28,1993,2009-03-02,2,
msmedmore2n,4242,2021-01-22,4,
bboobierv,1755,2014-12-14,1,
ssimoes2a,1257,2009-10-03,1,
jhearsey25,4472,2016-12-13,1,
swilemans,4351,2020-04-01,3,
swilemans,3100,2018-04-30,3,
pcolleford2r,2450,2021-07-10,3,
tsowrah1t,4053,2016-10-17,2,
wdjordjevic1r,4236,2013-08-17,3,
tlowden17,863,2015-07-10,4,
cfrankcom2d,4774,2008-12-11,1,
mromandl,2514,2019-02-24,2,
mwhitnell7,4160,2008-10-14,2,
aeul1o,2174,2023-11-04,4,
cniesel0,718,2024-01-15,1,
tmusickaw,695,2011-02-03,4,
kstammler1m,588,2011-10-15,4,
knewling1s,4595,2017-11-04,4,
tmusickaw,634,2022-05-12,1,
cfrankcom2d,3363,2013-06-01,1,
dayllett1i,3410,2011-10-26,1,
kstonestreet20,2693,2008-12-28,3,
cfrankcom2d,4563,2019-05-15,1,
egrestie2c,3462,2010-05-19,3,
egrestie2c,335,2011-05-20,2,
tmusickaw,254,2020-07-30,1,
aeul1o,881,2023-04-22,4,
ccrippin21,1812,2021-03-20,2,
sbignell19,2569,2015-11-10,1,
cosbaldestony,2859,2026-01-13,3,
dayllett1i,4014,2010-05-25,4,
fbernon1j,3636,2016-06-01,2,
fscreech6,2254,2015-08-11,1,
jmarkos29,812,2023-08-02,1,
ccockerham8,2770,2010-10-20,4,
dayllett1i,1052,2019-05-12,1,
gtapine,2532,2015-09-09,1,
ppointon2l,3911,2016-06-01,2,
mgarioch1p,4539,2021-04-07,1,
bdundin1f,3739,2017-08-23,3,
cfrankcom2d,3264,2016-10-30,2,
swilemans,244,2009-09-02,3,
gtapine,2336,2015-04-22,1,
cniesel0,4095,2009-09-25,1,
tdundon1,2154,2011-12-23,4,
jcolyer5,2897,2009-11-15,4,
cdevaneyc,2953,2023-11-06,4,
jmccarterx,1094,2020-03-27,4,
rbottrellt,4005,2023-06-25,1,
swilemans,3826,2009-05-11,1,
rfoulis13,836,2016-01-19,1,
mdampier2q,1775,2017-02-14,1,
knewling1s,2921,2009-04-17,4,
apetchell15,647,2009-07-17,1,
mcharlot12,2510,2008-12-15,4,
kstammler1m,443,2018-06-21,2,
mromandl,4239,2019-04-18,4,
hseabrocke2m,2010,2016-12-13,3,
llangloisi,2351,2015-01-11,2,
tpaulino2,2120,2010-05-31,3,
jmarkos29,2023,2011-04-22,1,
ebatchelor22,2385,2023-08-18,3,
pvicaryn,2591,2025-04-29,3,
fscreech6,4296,2021-08-30,3,
esouthwell2b,2553,2011-04-21,2,
rbottrellt,2710,2016-07-02,3,
ashenton26,2216,2019-06-16,3,
cosbaldestony,3047,2022-09-05,3,
rtwitchings9,314,2018-09-25,1,
dpiatto4,3180,2016-11-23,3,
ssimoes2a,2016,2021-05-03,1,
pvicaryn,1686,2015-08-20,3,
lmaxtedg,4623,2019-09-03,2,
alloydwilliamsa,348,2008-08-03,3,
ccockerham8,2678,2024-06-03,4,
egabbatiss2p,3485,2023-07-12,3,
msmedmore2n,2145,2012-03-06,4,
elivingstonep,2760,2012-06-23,1,
cdevaneyc,4299,2016-04-27,3,
wdjordjevic1r,1008,2025-01-23,1,
wdjordjevic1r,97,2026-04-23,3,
lbudibent3,4652,2017-05-11,2,
dsiene2k,164,2022-07-16,3,
cdevaneyc,3492,2025-09-26,4,
knewling1s,320,2012-10-17,4,
rtwitchings9,182,2011-07-22,1,
mdampier2q,3638,2016-03-01,3,
ccrippin21,4333,2020-12-21,4,
jmonini18,1310,2021-01-01,4,
astoate1c,1676,2013-07-30,3,
jmonini18,781,2009-01-27,3,
mromandl,3957,2014-05-24,3,
cschild1y,3883,2025-01-24,4,
ebatchelor22,4728,2018-10-26,1,
tsowrah1t,2936,2025-11-30,2,
rfoulis13,3730,2021-07-12,2,
sponteq,1723,2018-09-14,1,
mgarioch1p,2782,2013-08-27,2,
marnaez24,2574,2021-07-07,2,
jmccarterx,2671,2016-12-11,1,
avasechkin2g,4192,2022-08-29,3,
olechmere1k,442,2016-07-24,2,
afradsonm,4225,2021-02-25,3,
garonovich1v,4625,2015-02-15,4,
sponteq,2243,2018-08-29,3,
oaloshkinj,2976,2013-02-02,1,
rrosten1x,2299,2009-07-07,2,
aheyward1g,2535,2021-01-03,3,
afradsonm,3907,2017-08-02,4,
egabbatiss2p,3117,2020-01-22,2,
tpaulino2,4261,2025-11-06,2,
mmeka,1872,2019-06-25,4,
dbruckshaw1l,496,2012-09-25,2,
kstammler1m,1418,2022-10-12,1,
vmuslimf,223,2010-10-18,2,
rtwitchings9,3945,2012-12-15,1,
apetchell15,1682,2019-07-26,1,
battwellz,2389,2024-12-25,4,
tpaulino2,447,2011-06-14,3,
tpaulino2,2334,2024-02-14,4,
wleatt2o,4490,2023-08-06,3,
jmarkos29,1068,2019-07-20,3,
hpoundford2i,452,2020-08-01,1,
aecclestone1d,2979,2021-02-15,3,
knewling1s,604,2020-01-03,2,
rwilcott10,32,2009-07-11,3,
battwellz,86,2026-01-21,4,
lmaxtedg,1284,2014-10-28,3,
ppointon2l,1341,2017-07-06,3,
jmonini18,4266,2025-05-15,4,
gtapine,2755,2015-01-27,2,
esouthwell2b,3492,2023-08-23,2,
aheyward1g,1557,2021-07-28,2,
glongbottom16,1521,2024-04-09,3,
mgarioch1p,4418,2021-08-15,3,
fscreech6,587,2025-02-20,1,
llangloisi,2001,2024-12-14,2,
gbezemer1h,1229,2018-04-26,1,
gseadon28,2142,2017-12-17,1,
mdampier2q,535,2025-02-14,4,
rbottrellt,68,2021-07-03,1,
csedgeworthk,871,2018-01-14,3,
gtapine,3690,2021-11-28,1,
jmonini18,884,2016-08-03,3,
wdjordjevic1r,270,2025-08-15,2,
jdellcasa1n,2932,2011-12-04,2,
prosenfelt14,1211,2011-04-13,2,
prosenfelt14,3880,2022-09-12,3,
egabbatiss2p,3850,2018-05-27,3,
jcolyer5,1567,2017-06-01,1,
kstonestreet20,3912,2022-11-22,1,
rtwitchings9,1869,2014-02-18,1,
battwellz,152,2025-05-29,2,
tsowrah1t,4454,2015-06-17,2,
tpaulino2,1054,2018-09-22,1,
ahorbath1a,511,2010-06-30,4,
cosbaldestony,915,2023-02-14,4,
esouthwell2b,1323,2009-10-23,4,
onewberryd,1563,2015-09-24,3,
mcharlot12,2539,2008-12-26,3,
rrosten1x,117,2021-09-20,1,
cschild1y,3384,2021-07-23,4,
cschild1y,3446,2010-03-30,2,
lbudibent3,1565,2013-09-10,3,
olechmere1k,4597,2020-04-17,2,
gbezemer1h,1665,2009-12-21,4,
garonovich1v,2995,2021-02-27,3,
jhaslen2e,3798,2009-07-24,1,
swilemans,3485,2016-12-30,4,
elivingstonep,4686,2024-11-23,3,
mcharlot12,1843,2018-07-12,4,
pkyteley2j,639,2024-06-25,3,
msmedmore2n,562,2013-09-23,3,
tmusickaw,1060,2015-07-31,3,
tdundon1,1731,2018-01-03,2,
lmaxtedg,4620,2013-12-12,2,
bdundin1f,4389,2018-11-20,1,
marnaez24,1223,2012-07-02,4,
knewling1s,1217,2010-03-02,2,
pcolleford2r,4453,2011-08-12,3,
swilemans,4248,2018-05-05,3,
jmarkos29,1336,2020-06-02,3,
mromandl,2740,2017-02-26,1,
cwaszkiewicz1u,4100,2018-02-27,2,
msmedmore2n,1166,2008-03-29,1,
hpoundford2i,3183,2015-07-05,2,
oaloshkinj,4132,2012-10-04,3,
cosbaldestony,756,2011-06-25,3,
ccrippin21,1149,2008-10-03,2,
tfley1q,4505,2020-02-05,4,
dsiene2k,21,2024-09-04,2,
dayllett1i,1869,2021-08-26,4,
lmaxtedg,1404,2021-07-21,4,
esouthwell2b,2490,2010-05-03,2,
mwhitnell7,4027,2018-10-28,3,
vmuslimf,595,2015-08-01,2,
tlowden17,3444,2016-05-27,1,
egabbatiss2p,1993,2023-04-26,4,
cschild1y,3037,2016-01-09,2,
mgarioch1p,2677,2008-04-18,3,
battwellz,1737,2016-06-29,2,
gbezemer1h,1683,2020-01-11,2,
fbernon1j,3573,2025-10-17,2,
ppointon2l,4473,2023-06-26,3,
lconaboy11,2306,2020-02-20,4,
apetchell15,3465,2022-04-15,2,
ppointon2l,1169,2014-11-07,4,
sbignell19,1917,2011-11-02,3,
ppointon2l,4509,2009-10-08,3,
knewling1s,2984,2012-03-05,2,
ccrippin21,2742,2017-12-29,1,
pvicaryn,1843,2018-11-20,1,
tpaulino2,3008,2017-08-27,4,
dpiatto4,633,2012-06-28,3,
sbignell19,3349,2008-03-08,4,
rbottrellt,978,2012-01-09,4,
ksmedley1b,682,2010-09-22,4,
cyannoni1w,1073,2013-07-20,1,
apetchell15,4591,2025-10-10,3,
jmonini18,2957,2015-03-02,3,
egrestie2c,3380,2011-07-31,1,
jdellcasa1n,98,2013-09-01,2,
thargess27,3572,2015-03-01,4,
prosenfelt14,3407,2022-06-04,3,
tfley1q,1095,2014-01-02,1,
swilemans,2095,2009-11-07,4,
egabbatiss2p,2908,2019-04-27,2,
ahorbath1a,2601,2015-05-23,3,
xbenion2f,629,2023-04-28,1,
cschild1y,2832,2013-03-08,3,
tmusickaw,1043,2013-02-22,3,
sponteq,2199,2018-04-23,4,
egabbatiss2p,1205,2014-06-21,1,
swilemans,3567,2019-07-17,3,
tlowden17,857,2011-12-13,1,
prosenfelt14,397,2024-07-30,2,
mwhitnell7,3590,2021-07-18,2,
ccrippin21,2370,2010-12-24,3,
sponteq,1855,2014-03-08,4,
egabbatiss2p,567,2019-05-11,1,
cdevaneyc,2706,2011-12-09,1,
pvicaryn,2783,2021-03-05,1,
daleksidzer,4746,2025-09-15,4,
ppointon2l,1362,2012-01-26,2,
egrestie2c,4020,2021-01-11,1,
rtwitchings9,828,2022-01-09,1,
vsecretan1z,3541,2013-09-12,1,
gtoffolonio,3803,2022-03-30,4,
csedgeworthk,4184,2013-03-16,4,
cosbaldestony,852,2022-01-24,2,
prosenfelt14,3001,2009-07-14,1,
mdampier2q,137,2020-09-10,2,
wdjordjevic1r,1446,2010-12-12,2,
mwhitnell7,1687,2010-07-03,2,
ccrippin21,1518,2009-01-13,1,
mvasseh,1603,2020-06-28,3,
dpiatto4,1315,2016-03-19,3,
jmarkos29,4214,2018-04-28,4,
mwhitnell7,4020,2025-05-06,1,
thargess27,4359,2019-07-26,2,
elivingstonep,3325,2013-02-10,1,
jmccarterx,3532,2024-12-21,1,
jmarkos29,1614,2020-04-26,2,
ahorbath1a,4247,2011-04-08,1,
ashenton26,2896,2017-07-04,2,
mwhitnell7,4315,2016-12-24,4,
cfrankcom2d,3850,2016-04-24,3,
dpiatto4,2220,2024-10-29,2,
jvasilenko2h,8,2008-02-24,4,
daleksidzer,3975,2014-02-15,1,
ppointon2l,179,2025-06-03,3,
ashenton26,1657,2011-07-14,4,
mdampier2q,148,2023-09-05,2,
esouthwell2b,4407,2010-09-03,3,
rwilcott10,508,2025-12-30,2,
thargess27,1950,2026-01-29,4,
pvicaryn,3759,2012-02-28,3,
battwellz,1711,2014-06-15,4,
dbruckshaw1l,2630,2015-07-22,1,
rgasgarthu,664,2013-06-26,1,
glongbottom16,2582,2016-08-24,3,
rgasgarthu,1638,2022-11-09,2,
rfoulis13,1623,2018-03-06,1,
pcolleford2r,2332,2018-07-06,4,
lmaxtedg,2593,2024-07-26,1,
kstonestreet20,3573,2016-04-30,2,
avasechkin2g,3858,2014-08-23,3,
tdundon1,3492,2008-09-25,2,
gtapine,628,2008-08-24,2,
jmccarterx,4360,2017-02-19,4,
mmeka,4578,2010-05-20,4,
rwilcott10,1967,2009-03-25,4,
rrosten1x,2112,2018-09-03,1,
ssimoes2a,92,2013-01-18,3,
glongbottom16,2338,2014-08-15,4,
jmccarterx,3021,2019-10-09,3,
pvicaryn,4404,2020-08-20,3,
kstonestreet20,2172,2013-06-06,4,
cschild1y,2241,2021-10-28,4,
afradsonm,1937,2020-06-23,4,
lshattock1e,1190,2024-09-25,1,
cdevaneyc,4389,2023-02-07,1,
lshattock1e,2808,2014-04-19,4,
jhearsey25,3868,2014-04-20,1,
mwhitnell7,4531,2009-01-18,1,
ashenton26,2205,2024-01-04,3,
dsiene2k,2842,2014-11-08,2,
wdjordjevic1r,1958,2010-08-03,1,
mdampier2q,3150,2017-10-06,3,
astoate1c,3443,2015-11-27,4,
xbenion2f,2575,2012-08-17,3,
lmaxtedg,615,2018-04-20,1,
ashenton26,1679,2013-07-18,1,
jhaslen2e,3190,2014-04-22,3,
aecclestone1d,1528,2009-07-04,4,
cyannoni1w,3050,2019-07-28,3,
sbignell19,4314,2016-06-22,1,
esouthwell2b,2033,2009-08-06,1,
kstammler1m,3916,2019-01-26,2,
cdevaneyc,84,2022-07-13,3,
cschild1y,2677,2016-10-21,4,
llangloisi,1498,2019-08-06,4,
jhaslen2e,2006,2021-05-07,2,
bdundin1f,456,2021-05-31,3,
wdjordjevic1r,4605,2014-05-18,2,
mromandl,4330,2012-10-20,2,
ebatchelor22,215,2016-11-24,2,
astoate1c,3596,2011-04-28,3,
gtapine,2737,2021-08-05,1,
afradsonm,2570,2018-10-14,4,
dpiatto4,1794,2022-01-15,2,
ashenton26,1789,2026-04-13,3,
aeul1o,3113,2023-08-14,1,
rbottrellt,4177,2014-12-06,4,
lshattock1e,4433,2011-07-07,3,
gtoffolonio,1032,2008-06-27,4,
xbenion2f,4558,2012-02-12,2,
tfley1q,346,2018-04-09,3,
bboobierv,2868,2020-04-18,4,
aheyward1g,3860,2008-09-11,2,
rwilcott10,1063,2017-10-26,4,
xbenion2f,1225,2014-03-13,2,
onewberryd,4473,2010-11-06,4,
daleksidzer,363,2014-08-01,1,
swilemans,1760,2017-09-12,4,
gseadon28,4245,2019-07-31,1,
rtwitchings9,3048,2025-08-08,4,
jvasilenko2h,4478,2022-06-13,4,
jhearsey25,2553,2008-12-24,4,
csedgeworthk,4614,2015-01-19,4,
egabbatiss2p,4,2016-05-18,2,
gseadon28,2640,2018-10-26,3,
xbenion2f,3572,2012-05-03,1,
ebatchelor22,1049,2012-08-23,2,
afradsonm,1414,2020-09-15,1,
lconaboy11,4493,2026-03-15,1,
ssparshettb,3600,2025-02-17,2,
llangloisi,3318,2008-10-19,4,
battwellz,2081,2021-12-30,3,
pcolleford2r,1495,2016-07-22,2,
swilemans,4628,2025-04-06,4,
lshattock1e,2629,2020-08-31,3,
marnaez24,2913,2022-12-27,3,
olechmere1k,3999,2025-11-13,2,
olechmere1k,494,2022-05-12,2,
aheyward1g,1711,2024-03-24,1,
pvicaryn,491,2015-09-11,2,
ssimoes2a,2919,2021-11-04,2,
egabbatiss2p,2801,2021-08-19,3,
fscreech6,3761,2009-10-10,2,
ppointon2l,3591,2022-12-11,1,
jvasilenko2h,2353,2014-12-04,4,
cosbaldestony,2965,2011-08-25,1,
jmccarterx,443,2024-06-20,2,
aeul1o,3975,2010-03-25,1,
ppointon2l,149,2018-03-30,2,
csedgeworthk,1642,2023-08-21,1,
lconaboy11,4622,2021-03-09,3,
olechmere1k,928,2020-10-29,4,
oaloshkinj,2225,2011-12-20,4,
aheyward1g,2815,2013-11-29,3,
jmccarterx,3303,2011-05-08,1,
bfiggins23,3722,2023-02-22,1,
fbernon1j,2049,2017-11-28,3,
rgasgarthu,27,2008-03-26,4,
tlowden17,1129,2013-03-17,1,
tdundon1,2861,2011-08-31,1,
csedgeworthk,3342,2016-06-24,1,
tsowrah1t,2831,2020-03-01,2,
mcharlot12,1647,2015-01-12,3,
glongbottom16,2327,2017-01-02,1,
sponteq,4209,2024-09-27,1,
fscreech6,4181,2009-02-17,4,
mdampier2q,1466,2008-03-03,2,
bfiggins23,1982,2019-07-02,3,
pkyteley2j,4402,2009-04-26,2,
tsowrah1t,2946,2026-02-17,4,
bdundin1f,4211,2011-03-03,2,
sponteq,3038,2024-06-10,1,
ssparshettb,1064,2023-05-25,4,
dsiene2k,2602,2023-03-05,4,
lbudibent3,1099,2018-02-28,3,
tlowden17,3928,2023-05-28,4,
rwilcott10,4148,2023-05-08,4,
jmarkos29,937,2017-10-13,2,
cosbaldestony,2309,2008-05-28,2,
mmeka,1404,2016-02-10,2,
thargess27,4380,2008-05-18,2,
cniesel0,3432,2015-10-02,4,
garonovich1v,4019,2023-11-18,3,
ppointon2l,2470,2010-01-12,1,
jdellcasa1n,4615,2017-09-20,4,
avasechkin2g,2351,2013-03-07,2,
cosbaldestony,1211,2018-02-03,3,
jmonini18,3553,2009-04-27,1,
thargess27,4759,2018-05-20,4,
lshattock1e,63,2010-04-25,4,
jhaslen2e,4023,2009-11-05,4,
dayllett1i,519,2018-06-08,4,
mwhitnell7,1155,2018-08-05,2,
hseabrocke2m,4649,2018-02-07,1,
aheyward1g,3547,2024-05-22,1,
cwaszkiewicz1u,4588,2011-01-21,2,
llangloisi,3137,2010-10-05,2,
jcolyer5,1311,2012-09-20,1,
aeul1o,876,2009-12-13,4,
aecclestone1d,4222,2011-11-08,1,
hseabrocke2m,2654,2015-11-10,2,
bboobierv,359,2024-12-17,1,
bboobierv,4477,2024-02-15,1,
thargess27,925,2012-08-15,2,
jdellcasa1n,646,2010-06-10,4,
avasechkin2g,3473,2019-01-01,4,
afradsonm,4043,2021-03-15,2,
esouthwell2b,2942,2024-03-25,4,
mmeka,1005,2019-05-09,2,
fscreech6,2943,2010-08-20,2,
ebatchelor22,4654,2017-04-04,4,
gbezemer1h,4236,2020-12-13,2,
cwaszkiewicz1u,417,2015-10-23,3,
tpaulino2,1875,2008-04-08,4,
fbernon1j,3168,2018-11-25,2,
xbenion2f,4213,2026-04-14,1,
rbottrellt,2837,2019-09-18,3,
alloydwilliamsa,331,2024-05-22,1,
gseadon28,4033,2022-05-15,4,
daleksidzer,3700,2020-01-28,1,
knewling1s,4483,2025-09-22,3,
wleatt2o,4682,2017-07-24,4,
ssimoes2a,761,2008-11-10,3,
ssimoes2a,2732,2015-04-10,2,
tfley1q,4116,2013-10-02,4,
astoate1c,2184,2018-12-14,2,
kstonestreet20,840,2020-01-01,4,
pvicaryn,3617,2018-11-26,1,
olechmere1k,609,2015-02-25,2,
jhearsey25,1100,2016-07-27,4,
knewling1s,3257,2017-09-13,1,
msmedmore2n,300,2020-09-28,2,
sponteq,96,2015-05-01,1,
jmarkos29,2378,2016-07-01,2,
jhearsey25,2590,2016-12-31,2,
knewling1s,4532,2025-07-08,1,
tlowden17,780,2008-11-07,3,
mromandl,3437,2017-12-18,2,
gbezemer1h,3470,2014-08-18,2,
cniesel0,3532,2021-12-27,4,
swilemans,2793,2009-09-27,1,
vsecretan1z,1132,2010-09-05,4,
avasechkin2g,4124,2008-08-03,3,
pvicaryn,2761,2012-07-21,2,
jhaslen2e,4024,2025-09-11,2,
wleatt2o,977,2010-04-30,2,
mcharlot12,4055,2013-09-22,1,
gseadon28,4563,2009-10-30,1,
xbenion2f,4527,2009-07-11,2,
dayllett1i,1045,2019-10-12,4,
tpaulino2,4217,2025-03-15,4,
pcolleford2r,3887,2008-03-15,4,
aecclestone1d,801,2014-10-12,2,
olechmere1k,854,2021-11-10,3,
gtoffolonio,2157,2016-06-22,4,
gtoffolonio,2948,2025-09-06,1,
wleatt2o,2197,2019-09-17,2,
jmccarterx,737,2023-09-06,1,
ksmedley1b,2702,2022-06-21,2,
mmeka,1920,2022-11-08,1,
mvasseh,1160,2022-08-31,1,
tsowrah1t,3328,2008-05-01,4,
gtoffolonio,4618,2019-11-13,2,
apetchell15,1531,2013-09-25,3,
apetchell15,1914,2008-11-06,3,
kstonestreet20,3964,2009-12-30,3,
llangloisi,173,2013-09-05,1,
gseadon28,4519,2023-06-24,4,
dpiatto4,3534,2022-09-08,4,
olechmere1k,2292,2025-11-25,1,
bdundin1f,1762,2025-11-19,4,
onewberryd,407,2020-09-18,4,
egabbatiss2p,1043,2014-11-02,1,
rfoulis13,654,2009-07-27,1,
rbottrellt,3609,2016-11-09,3,
rfoulis13,3847,2012-10-29,4,
rfoulis13,4402,2016-01-22,4,
mmeka,4283,2011-11-12,1,
thargess27,4781,2025-09-19,3,
cosbaldestony,3797,2012-01-07,4,
jhaslen2e,2909,2016-07-27,4,
cniesel0,1069,2012-03-19,4,
gbezemer1h,2266,2014-06-07,1,
dsiene2k,2640,2011-05-07,3,
ssparshettb,1252,2021-10-07,3,
dbruckshaw1l,2919,2016-07-13,1,
mcharlot12,4730,2018-03-12,1,
rbottrellt,3031,2023-11-04,4,
mromandl,244,2010-04-03,2,
egrestie2c,54,2010-08-27,3,
ksmedley1b,600,2020-09-30,1,
thargess27,857,2011-06-18,1,
gbezemer1h,2594,2025-02-28,3,
lshattock1e,1594,2015-02-13,1,
aecclestone1d,3424,2024-06-20,2,
dayllett1i,846,2018-04-12,1,
marnaez24,1269,2011-07-25,1,
ssimoes2a,2927,2014-07-18,1,
ahorbath1a,2962,2011-01-17,4,
apetchell15,3431,2015-04-01,2,
daleksidzer,804,2010-07-01,4,
ssparshettb,2609,2021-09-28,2,
apetchell15,1988,2012-11-16,2,
prosenfelt14,1051,2011-07-07,1,
kstonestreet20,2089,2016-08-10,1,
xbenion2f,1492,2022-10-27,2,
jhearsey25,922,2012-01-01,3,
cwaszkiewicz1u,4706,2017-06-04,4,
fscreech6,1877,2021-08-20,4,
rbottrellt,4211,2023-01-28,4,
alloydwilliamsa,2064,2014-06-12,4,
tpaulino2,1013,2022-03-12,2,
ashenton26,2524,2012-12-07,3,
gtapine,4715,2016-09-19,3,
vmuslimf,1289,2014-11-04,4,
cwaszkiewicz1u,3745,2013-06-27,3,
rwilcott10,2220,2023-08-23,1,
mwhitnell7,3807,2022-01-02,4,
lshattock1e,951,2019-06-04,3,
llangloisi,3431,2016-10-07,4,
mdampier2q,1768,2015-11-19,4,
prosenfelt14,3352,2021-04-17,2,
olechmere1k,2045,2011-08-07,3,
afradsonm,3682,2023-05-21,1,
apetchell15,2980,2011-12-21,1,
egrestie2c,1376,2018-02-06,2,
vsecretan1z,4653,2014-09-23,2,
cdevaneyc,2394,2024-10-04,4,
jcolyer5,3433,2017-05-15,3,
elivingstonep,2413,2009-03-09,2,
jhaslen2e,3850,2025-12-27,3,
mromandl,342,2021-01-30,4,
tsowrah1t,698,2022-05-03,1,
dpiatto4,3631,2016-05-27,2,
dpiatto4,1419,2018-06-01,1,
msmedmore2n,1474,2010-07-12,1,
swilemans,2661,2022-10-24,4,
tlowden17,3612,2025-01-05,2,
llangloisi,178,2013-05-22,4,
rbottrellt,3181,2014-10-14,3,
rfoulis13,1156,2021-05-13,4,
cfrankcom2d,336,2013-04-29,4,
aecclestone1d,2739,2009-07-28,3,
wleatt2o,3479,2012-08-21,4,
thargess27,2628,2012-05-05,3,
cniesel0,679,2024-03-01,4,
onewberryd,428,2008-05-24,1,
apetchell15,1115,2015-04-26,4,
xbenion2f,3324,2025-06-28,3,
mdampier2q,3481,2025-07-02,2,
dpiatto4,2884,2020-05-24,2,
cfrankcom2d,2645,2011-01-26,4,
marnaez24,42,2015-05-21,4,
cwaszkiewicz1u,2382,2008-10-31,4,
rtwitchings9,4081,2021-10-03,4,
gtoffolonio,4168,2013-12-22,2,
astoate1c,2820,2015-05-30,4,
mdampier2q,1402,2011-08-09,4,
cschild1y,3720,2025-01-31,3,
ebatchelor22,1687,2022-06-20,4,
egrestie2c,4335,2018-03-20,2,
gseadon28,762,2017-06-05,3,
tfley1q,2919,2011-10-13,2,
tpaulino2,3422,2012-03-28,4,
ppointon2l,2142,2019-05-05,3,
cosbaldestony,1682,2017-05-13,2,
astoate1c,3300,2008-03-31,3,
cdevaneyc,2414,2008-01-17,2,
tsowrah1t,4309,2017-05-17,3,
jmonini18,2634,2013-05-24,3,
mcharlot12,4329,2020-11-30,4,
sponteq,228,2018-01-06,2,
aecclestone1d,4278,2009-05-09,3,
olechmere1k,2100,2025-06-30,1,
gtoffolonio,2789,2009-08-23,3,
aecclestone1d,579,2020-12-11,3,
avasechkin2g,954,2019-01-28,2,
aeul1o,1126,2020-01-21,1,
gtoffolonio,3281,2022-11-27,3,
cniesel0,2110,2010-02-01,3,
rgasgarthu,1558,2020-11-04,4,
bfiggins23,592,2008-09-09,3,
jvasilenko2h,4006,2009-09-14,1,
bboobierv,676,2008-07-24,3,
mwhitnell7,2139,2008-04-28,1,
rbottrellt,3466,2009-12-01,4,
oaloshkinj,3553,2011-03-29,4,
fbernon1j,1675,2021-11-20,1,
jhaslen2e,1457,2012-03-03,4,
knewling1s,865,2018-08-30,2,
fscreech6,2887,2015-12-01,2,
mromandl,4670,2022-08-12,4,
dbruckshaw1l,842,2014-06-17,3,
dpiatto4,1415,2018-05-09,1,
daleksidzer,183,2019-12-03,2,
vsecretan1z,1801,2016-10-18,4,
ssimoes2a,50,2015-05-16,3,
sbignell19,1161,2019-08-20,4,
rbottrellt,2137,2018-10-28,1,
ccrippin21,4325,2009-10-07,1,
lconaboy11,3094,2022-06-05,3,
ccrippin21,3793,2022-09-19,3,
garonovich1v,2814,2023-10-25,1,
bboobierv,2118,2022-02-26,4,
battwellz,3013,2012-03-01,2,
jvasilenko2h,3704,2018-09-29,3,
kstonestreet20,3893,2023-12-15,1,
alloydwilliamsa,585,2011-02-23,4,
vsecretan1z,3278,2013-03-01,3,
tfley1q,2445,2019-05-19,1,
jhearsey25,1928,2008-01-23,2,
garonovich1v,672,2015-12-09,1,
apetchell15,3270,2024-07-09,1,
kstonestreet20,4762,2014-02-14,1,
mvasseh,2960,2018-08-26,3,
tdundon1,2156,2010-08-02,4,
elivingstonep,3096,2014-11-10,4,
tfley1q,3058,2023-11-10,3,
afradsonm,644,2021-12-06,1,
ssparshettb,1273,2021-01-08,4,
wdjordjevic1r,118,2012-10-11,3,
gseadon28,4255,2024-07-18,3,
dayllett1i,846,2013-04-01,1,
lshattock1e,2845,2020-10-15,4,
gtoffolonio,2170,2011-06-05,2,
ccrippin21,4477,2016-02-06,1,
olechmere1k,3846,2019-06-15,3,
dayllett1i,3133,2020-07-13,2,
sbignell19,3046,2010-09-12,1,
glongbottom16,19,2011-08-06,3,
glongbottom16,2450,2015-03-29,1,
fbernon1j,3196,2014-04-23,2,
hseabrocke2m,4574,2023-11-23,1,
ebatchelor22,2685,2016-06-13,4,
rwilcott10,279,2016-09-16,2,
mdampier2q,4004,2017-07-16,2,
csedgeworthk,2401,2021-09-20,2,
tmusickaw,2189,2012-07-01,2,
mwhitnell7,4158,2008-10-13,4,
onewberryd,683,2008-03-31,1,
onewberryd,1792,2008-03-15,4,
thargess27,3271,2020-05-20,2,
dpiatto4,3563,2011-09-07,1,
jmarkos29,3358,2008-02-22,1,
swilemans,4351,2009-01-23,1,
bboobierv,4085,2013-09-21,3,
rrosten1x,4693,2016-09-23,1,
gbezemer1h,2225,2022-06-25,4,
rbottrellt,1552,2014-04-18,3,
mmeka,2863,2016-08-28,4,
msmedmore2n,4640,2013-07-19,4,
lmaxtedg,4661,2013-10-21,3,
gtapine,1407,2025-09-24,3,
gtapine,1566,2008-05-27,3,
onewberryd,670,2026-04-04,4,
xbenion2f,1127,2010-11-12,4,
elivingstonep,3339,2023-09-24,2,
egabbatiss2p,3024,2017-08-17,1,
esouthwell2b,742,2021-02-10,1,
astoate1c,2140,2024-02-09,4,
sbignell19,1841,2024-07-27,4,
jhaslen2e,2501,2014-05-01,3,
sponteq,213,2016-10-15,2,
lmaxtedg,3844,2024-04-27,3,
wleatt2o,3401,2017-02-23,4,
jvasilenko2h,3218,2011-06-25,4,
mdampier2q,4131,2014-02-03,2,
cschild1y,2676,2024-03-02,3,
pcolleford2r,1452,2010-11-26,3,
xbenion2f,4615,2015-07-11,1,
gtapine,4736,2023-08-22,4,
tlowden17,4702,2012-01-17,4,
oaloshkinj,3755,2022-01-15,3,
aeul1o,659,2012-02-03,1,
lconaboy11,4478,2022-01-01,4,
mgarioch1p,3113,2009-01-06,2,
kstonestreet20,990,2020-07-23,3,
mwhitnell7,3802,2021-10-01,1,
daleksidzer,3274,2010-04-20,3,
tfley1q,4206,2025-12-28,1,
knewling1s,2733,2018-09-28,2,
aecclestone1d,3388,2023-11-28,2,
rrosten1x,4725,2009-10-09,4,
olechmere1k,4230,2020-03-02,3,
dpiatto4,2059,2010-03-17,3,
thargess27,969,2021-11-15,2,
rwilcott10,253,2013-05-25,1,
mdampier2q,2127,2009-08-31,1,
vmuslimf,2325,2023-08-05,2,
cosbaldestony,1105,2018-05-02,2,
jmccarterx,1072,2026-04-07,1,
dsiene2k,4221,2016-05-08,2,
rgasgarthu,1476,2024-07-22,2,
tdundon1,2924,2016-08-16,4,
onewberryd,3635,2017-08-18,1,
dsiene2k,1234,2026-01-17,1,
jhaslen2e,3758,2008-10-01,1,
astoate1c,4663,2019-12-13,3,
rwilcott10,3467,2025-09-08,4,
alloydwilliamsa,1006,2012-01-02,2,
mwhitnell7,1382,2011-11-23,2,
rwilcott10,1076,2021-08-05,4,
cschild1y,2033,2023-07-11,1,
ssimoes2a,2420,2017-03-16,3,
thargess27,707,2026-03-27,3,
swilemans,137,2017-12-13,4,
jdellcasa1n,829,2020-05-12,2,
llangloisi,705,2018-02-13,4,
bfiggins23,2166,2014-01-03,3,
cosbaldestony,36,2010-11-30,2,
ashenton26,1417,2024-04-01,1,
bdundin1f,1547,2012-02-11,3,
lshattock1e,1951,2011-04-08,4,
dayllett1i,2177,2025-05-13,3,
aeul1o,745,2018-01-11,1,
gtapine,1410,2020-11-07,3,
wdjordjevic1r,1640,2020-04-28,3,
dbruckshaw1l,4639,2019-11-22,2,
pcolleford2r,3865,2017-11-22,2,
jhearsey25,4566,2017-05-31,1,
cosbaldestony,2024,2012-08-20,2,
alloydwilliamsa,1965,2022-05-29,3,
cdevaneyc,1997,2018-01-09,3,
egrestie2c,375,2008-04-01,4,
egabbatiss2p,3369,2014-02-22,2,
hseabrocke2m,3443,2013-03-30,3,
cschild1y,4262,2008-04-02,1,
wleatt2o,4323,2015-05-24,4,
pvicaryn,4285,2013-01-15,2,
egrestie2c,3441,2020-12-18,3,
garonovich1v,3648,2018-05-10,1,
cyannoni1w,2558,2022-09-08,1,
aecclestone1d,3496,2022-06-28,2,
msmedmore2n,493,2020-03-22,3,
fscreech6,3355,2009-05-09,3,
pvicaryn,3682,2020-01-29,4,
marnaez24,1994,2008-01-04,3,
ppointon2l,490,2010-06-07,1,
gtapine,756,2014-06-06,3,
mwhitnell7,4655,2024-10-26,3,
llangloisi,673,2014-01-31,2,
ebatchelor22,524,2010-07-23,4,
mvasseh,2653,2010-05-03,1,
jhearsey25,2467,2024-11-22,2,
ssimoes2a,3185,2026-01-26,4,
ssimoes2a,4283,2009-05-16,1,
aeul1o,4707,2008-03-09,3,
bfiggins23,274,2023-05-12,1,
ccrippin21,3196,2019-05-10,3,
tpaulino2,3693,2012-12-21,4,
rtwitchings9,3471,2015-04-08,4,
fscreech6,3569,2008-01-15,2,
vmuslimf,1421,2026-04-03,1,
jhearsey25,280,2018-12-30,2,
elivingstonep,2534,2015-11-30,3,
fbernon1j,4413,2018-12-02,3,
jvasilenko2h,4213,2018-07-09,2,
prosenfelt14,4344,2025-07-12,2,
mmeka,2167,2009-06-09,1,
mgarioch1p,3586,2015-06-15,1,
ssimoes2a,1103,2015-11-10,2,
llangloisi,1045,2021-03-06,4,
garonovich1v,4166,2018-01-22,4,
msmedmore2n,1856,2008-03-02,4,
battwellz,503,2009-06-17,1,
cniesel0,809,2014-09-07,1,
jcolyer5,754,2025-04-26,1,
rfoulis13,2532,2009-05-28,4,
ashenton26,630,2019-05-28,1,
aeul1o,2115,2022-12-23,1,
fscreech6,4770,2021-10-21,2,
wleatt2o,3141,2016-03-22,2,
cosbaldestony,486,2017-10-25,4,
vmuslimf,4242,2018-12-15,1,
dbruckshaw1l,859,2012-07-11,3,
marnaez24,1070,2017-06-03,2,
cosbaldestony,511,2024-06-03,4,
swilemans,3036,2026-04-11,4,
dsiene2k,3126,2011-10-23,3,
tsowrah1t,3407,2012-11-10,3,
dayllett1i,4688,2011-05-22,2,
avasechkin2g,3983,2012-07-17,4,
llangloisi,362,2026-01-17,4,
gtoffolonio,3267,2014-06-04,3,
lconaboy11,1106,2021-03-12,2,
wdjordjevic1r,4517,2014-12-06,2,
elivingstonep,922,2021-01-25,2,
esouthwell2b,1238,2012-08-11,1,
lmaxtedg,3636,2016-08-05,4,
jmccarterx,3652,2016-04-12,1,
rgasgarthu,2716,2013-02-07,2,
tpaulino2,1264,2021-05-28,1,
ppointon2l,2098,2023-12-08,4,
rtwitchings9,3648,2020-04-15,4,
mvasseh,3083,2017-02-14,4,
sbignell19,1739,2018-07-11,3,
lmaxtedg,513,2023-02-28,4,
sponteq,1884,2022-10-05,2,
ksmedley1b,3800,2017-05-23,2,
fbernon1j,4444,2023-03-05,2,
mmeka,1003,2017-03-08,1,
kstammler1m,3719,2009-04-09,3,
ssparshettb,684,2012-05-24,2,
cwaszkiewicz1u,248,2018-02-09,4,
mdampier2q,2903,2019-12-28,2,
sponteq,3250,2014-09-18,4,
wdjordjevic1r,2810,2009-02-03,2,
mmeka,2452,2010-11-17,3,
kstammler1m,3084,2020-03-30,1,
marnaez24,1236,2013-10-01,2,
msmedmore2n,1539,2024-05-23,1,
jcolyer5,4092,2018-11-14,2,
astoate1c,2608,2013-11-21,2,
olechmere1k,2630,2021-02-12,2,
marnaez24,4053,2022-02-08,4,
olechmere1k,1488,2024-08-13,3,
lshattock1e,4171,2019-12-28,4,
csedgeworthk,661,2026-02-09,3,
pkyteley2j,3948,2016-06-05,3,
swilemans,2793,2013-06-09,2,
vsecretan1z,2204,2016-12-03,3,
daleksidzer,330,2021-12-21,2,
wdjordjevic1r,3919,2012-05-03,3,
garonovich1v,2682,2013-04-17,4,
tmusickaw,3100,2021-12-10,1,
vsecretan1z,889,2016-06-06,1,
cosbaldestony,3000,2014-07-14,3,
ppointon2l,3455,2017-09-02,4,
egrestie2c,856,2024-02-26,1,
avasechkin2g,306,2020-12-10,4,
egrestie2c,2978,2024-02-04,4,
avasechkin2g,720,2010-09-01,1,
cfrankcom2d,852,2014-02-20,2,
vmuslimf,2748,2013-08-22,3,
egrestie2c,2265,2010-11-02,3,
avasechkin2g,3317,2023-02-24,4,
pcolleford2r,2591,2019-11-27,4,
daleksidzer,572,2009-09-04,3,
lconaboy11,182,2019-12-17,1,
mgarioch1p,3572,2013-01-29,2,
mdampier2q,613,2016-06-12,1,
rrosten1x,64,2024-12-22,4,
egrestie2c,95,2017-04-05,3,
